ISO-10303-21;
HEADER;
/* Generated by software containing ST-Developer
 * from STEP Tools, Inc. (www.steptools.com) 
 */

FILE_DESCRIPTION(
/* description */ (''),
/* implementation_level */ '2;1');

FILE_NAME(
/* name */ 'Body.step',
/* time_stamp */ '2025-12-28T13:25:33+09:00',
/* author */ (''),
/* organization */ (''),
/* preprocessor_version */ 'ST-DEVELOPER v20.1',
/* originating_system */ 'Autodesk Translation Framework v14.21.0.0',
/* authorisation */ '');

FILE_SCHEMA (('AUTOMOTIVE_DESIGN { 1 0 10303 214 3 1 1 }'));
ENDSEC;

DATA;
#10=MECHANICAL_DESIGN_GEOMETRIC_PRESENTATION_REPRESENTATION('',(#143,#144,
#145,#146),#6311);
#11=ITEM_DEFINED_TRANSFORMATION($,$,#2839,#3036);
#12=(
REPRESENTATION_RELATIONSHIP($,$,#6322,#6321)
REPRESENTATION_RELATIONSHIP_WITH_TRANSFORMATION(#11)
SHAPE_REPRESENTATION_RELATIONSHIP()
);
#13=CONTEXT_DEPENDENT_SHAPE_REPRESENTATION(#12,#6320);
#14=NEXT_ASSEMBLY_USAGE_OCCURRENCE('FrontBracket:1','FrontBracket:1',
'FrontBracket:1',#6324,#6325,'FrontBracket:1');
#15=ELLIPSE('',#2970,0.500686172998961,0.5);
#16=ELLIPSE('',#2972,0.50068617299896,0.5);
#17=(
BOUNDED_SURFACE()
B_SPLINE_SURFACE(5,1,((#4555,#4556),(#4557,#4558),(#4559,#4560),(#4561,
#4562),(#4563,#4564),(#4565,#4566),(#4567,#4568),(#4569,#4570),(#4571,#4572),
(#4573,#4574),(#4575,#4576),(#4577,#4578),(#4579,#4580),(#4581,#4582),(#4583,
#4584),(#4585,#4586),(#4587,#4588),(#4589,#4590),(#4591,#4592),(#4593,#4594)),
 .UNSPECIFIED.,.F.,.F.,.F.)
B_SPLINE_SURFACE_WITH_KNOTS((6,5,1,1,1,1,1,1,1,1,1,6),(2,2),(-0.145094746407136,
0.,0.1,0.2,0.3,0.4,0.5,0.6,0.7,0.8,0.9,1.),(2.73,3.),.UNSPECIFIED.)
GEOMETRIC_REPRESENTATION_ITEM()
RATIONAL_B_SPLINE_SURFACE(((1.,1.),(1.,1.),(1.,1.),(1.,1.),(1.,1.),(1.,
1.),(1.,1.),(1.,1.),(1.,1.),(1.,1.),(1.,1.),(1.,1.),(1.,1.),(1.,1.),(1.,
1.),(1.,1.),(1.,1.),(1.,1.),(1.,1.),(1.,1.)))
REPRESENTATION_ITEM('')
SURFACE()
);
#18=(
BOUNDED_SURFACE()
B_SPLINE_SURFACE(5,1,((#4658,#4659),(#4660,#4661),(#4662,#4663),(#4664,
#4665),(#4666,#4667),(#4668,#4669),(#4670,#4671),(#4672,#4673),(#4674,#4675),
(#4676,#4677),(#4678,#4679),(#4680,#4681),(#4682,#4683),(#4684,#4685),(#4686,
#4687),(#4688,#4689),(#4690,#4691),(#4692,#4693),(#4694,#4695),(#4696,#4697)),
 .UNSPECIFIED.,.F.,.F.,.F.)
B_SPLINE_SURFACE_WITH_KNOTS((6,5,1,1,1,1,1,1,1,1,1,6),(2,2),(-0.145094746407136,
0.,0.1,0.2,0.3,0.4,0.5,0.6,0.7,0.8,0.9,1.),(0.,0.27),.UNSPECIFIED.)
GEOMETRIC_REPRESENTATION_ITEM()
RATIONAL_B_SPLINE_SURFACE(((1.,1.),(1.,1.),(1.,1.),(1.,1.),(1.,1.),(1.,
1.),(1.,1.),(1.,1.),(1.,1.),(1.,1.),(1.,1.),(1.,1.),(1.,1.),(1.,1.),(1.,
1.),(1.,1.),(1.,1.),(1.,1.),(1.,1.),(1.,1.)))
REPRESENTATION_ITEM('')
SURFACE()
);
#19=(
BOUNDED_SURFACE()
B_SPLINE_SURFACE(5,1,((#5030,#5031),(#5032,#5033),(#5034,#5035),(#5036,
#5037),(#5038,#5039),(#5040,#5041),(#5042,#5043),(#5044,#5045),(#5046,#5047),
(#5048,#5049),(#5050,#5051),(#5052,#5053),(#5054,#5055),(#5056,#5057),(#5058,
#5059)),.UNSPECIFIED.,.F.,.F.,.F.)
B_SPLINE_SURFACE_WITH_KNOTS((6,1,1,1,1,1,1,1,1,1,6),(2,2),(-1.,-0.9,-0.8,
-0.7,-0.6,-0.5,-0.4,-0.3,-0.2,-0.1,0.),(-0.0504363981516768,0.593142797370119),
 .UNSPECIFIED.)
GEOMETRIC_REPRESENTATION_ITEM()
RATIONAL_B_SPLINE_SURFACE(((1.,1.),(1.,1.),(1.,1.),(1.,1.),(1.,1.),(1.,
1.),(1.,1.),(1.,1.),(1.,1.),(1.,1.),(1.,1.),(1.,1.),(1.,1.),(1.,1.),(1.,
1.)))
REPRESENTATION_ITEM('')
SURFACE()
);
#20=(
BOUNDED_SURFACE()
B_SPLINE_SURFACE(5,1,((#5095,#5096),(#5097,#5098),(#5099,#5100),(#5101,
#5102),(#5103,#5104),(#5105,#5106),(#5107,#5108),(#5109,#5110),(#5111,#5112),
(#5113,#5114),(#5115,#5116),(#5117,#5118),(#5119,#5120),(#5121,#5122),(#5123,
#5124)),.UNSPECIFIED.,.F.,.F.,.F.)
B_SPLINE_SURFACE_WITH_KNOTS((6,1,1,1,1,1,1,1,1,1,6),(2,2),(0.,0.1,0.2,0.3,
0.4,0.5,0.6,0.7,0.8,0.9,1.),(-0.0504363981516876,0.593142797370121),
 .UNSPECIFIED.)
GEOMETRIC_REPRESENTATION_ITEM()
RATIONAL_B_SPLINE_SURFACE(((1.,1.),(1.,1.),(1.,1.),(1.,1.),(1.,1.),(1.,
1.),(1.,1.),(1.,1.),(1.,1.),(1.,1.),(1.,1.),(1.,1.),(1.,1.),(1.,1.),(1.,
1.)))
REPRESENTATION_ITEM('')
SURFACE()
);
#21=(
BOUNDED_SURFACE()
B_SPLINE_SURFACE(5,1,((#5636,#5637),(#5638,#5639),(#5640,#5641),(#5642,
#5643),(#5644,#5645),(#5646,#5647),(#5648,#5649),(#5650,#5651),(#5652,#5653),
(#5654,#5655),(#5656,#5657),(#5658,#5659),(#5660,#5661),(#5662,#5663),(#5664,
#5665)),.UNSPECIFIED.,.F.,.F.,.F.)
B_SPLINE_SURFACE_WITH_KNOTS((6,1,1,1,1,1,1,1,1,1,6),(2,2),(0.,0.1,0.2,0.3,
0.4,0.5,0.6,0.7,0.8,0.9,1.),(-0.584832448961484,3.58483244896148),
 .UNSPECIFIED.)
GEOMETRIC_REPRESENTATION_ITEM()
RATIONAL_B_SPLINE_SURFACE(((1.,1.),(1.,1.),(1.,1.),(1.,1.),(1.,1.),(1.,
1.),(1.,1.),(1.,1.),(1.,1.),(1.,1.),(1.,1.),(1.,1.),(1.,1.),(1.,1.),(1.,
1.)))
REPRESENTATION_ITEM('')
SURFACE()
);
#22=(
BOUNDED_SURFACE()
B_SPLINE_SURFACE(5,1,((#6142,#6143),(#6144,#6145),(#6146,#6147),(#6148,
#6149),(#6150,#6151),(#6152,#6153),(#6154,#6155),(#6156,#6157)),
 .UNSPECIFIED.,.F.,.F.,.F.)
B_SPLINE_SURFACE_WITH_KNOTS((6,1,1,6),(2,2),(0.70283564745856,0.8,0.9,0.973418413378767),
(0.,3.9),.UNSPECIFIED.)
GEOMETRIC_REPRESENTATION_ITEM()
RATIONAL_B_SPLINE_SURFACE(((1.,1.),(1.,1.),(1.,1.),(1.,1.),(1.,1.),(1.,
1.),(1.,1.),(1.,1.)))
REPRESENTATION_ITEM('')
SURFACE()
);
#23=(
BOUNDED_SURFACE()
B_SPLINE_SURFACE(5,1,((#6164,#6165),(#6166,#6167),(#6168,#6169),(#6170,
#6171),(#6172,#6173),(#6174,#6175),(#6176,#6177),(#6178,#6179)),
 .UNSPECIFIED.,.F.,.F.,.F.)
B_SPLINE_SURFACE_WITH_KNOTS((6,1,1,6),(2,2),(-0.973418413378767,-0.9,-0.8,
-0.70283564745856),(0.,1.4),.UNSPECIFIED.)
GEOMETRIC_REPRESENTATION_ITEM()
RATIONAL_B_SPLINE_SURFACE(((1.,1.),(1.,1.),(1.,1.),(1.,1.),(1.,1.),(1.,
1.),(1.,1.),(1.,1.)))
REPRESENTATION_ITEM('')
SURFACE()
);
#24=(
BOUNDED_SURFACE()
B_SPLINE_SURFACE(5,1,((#6188,#6189),(#6190,#6191),(#6192,#6193),(#6194,
#6195),(#6196,#6197),(#6198,#6199),(#6200,#6201),(#6202,#6203),(#6204,#6205),
(#6206,#6207),(#6208,#6209),(#6210,#6211),(#6212,#6213),(#6214,#6215),(#6216,
#6217)),.UNSPECIFIED.,.F.,.F.,.F.)
B_SPLINE_SURFACE_WITH_KNOTS((6,1,1,1,1,1,1,1,1,1,6),(2,2),(0.,0.1,0.2,0.3,
0.4,0.5,0.6,0.7,0.8,0.9,1.),(0.,0.5),.UNSPECIFIED.)
GEOMETRIC_REPRESENTATION_ITEM()
RATIONAL_B_SPLINE_SURFACE(((1.,1.),(1.,1.),(1.,1.),(1.,1.),(1.,1.),(1.,
1.),(1.,1.),(1.,1.),(1.,1.),(1.,1.),(1.,1.),(1.,1.),(1.,1.),(1.,1.),(1.,
1.)))
REPRESENTATION_ITEM('')
SURFACE()
);
#25=(
BOUNDED_SURFACE()
B_SPLINE_SURFACE(5,1,((#6239,#6240),(#6241,#6242),(#6243,#6244),(#6245,
#6246),(#6247,#6248),(#6249,#6250),(#6251,#6252),(#6253,#6254),(#6255,#6256),
(#6257,#6258),(#6259,#6260),(#6261,#6262),(#6263,#6264),(#6265,#6266),(#6267,
#6268)),.UNSPECIFIED.,.F.,.F.,.F.)
B_SPLINE_SURFACE_WITH_KNOTS((6,1,1,1,1,1,1,1,1,1,6),(2,2),(-1.,-0.9,-0.8,
-0.7,-0.6,-0.5,-0.4,-0.3,-0.2,-0.1,0.),(0.,0.6),.UNSPECIFIED.)
GEOMETRIC_REPRESENTATION_ITEM()
RATIONAL_B_SPLINE_SURFACE(((1.,1.),(1.,1.),(1.,1.),(1.,1.),(1.,1.),(1.,
1.),(1.,1.),(1.,1.),(1.,1.),(1.,1.),(1.,1.),(1.,1.),(1.,1.),(1.,1.),(1.,
1.)))
REPRESENTATION_ITEM('')
SURFACE()
);
#26=(
BOUNDED_CURVE()
B_SPLINE_CURVE(5,(#4528,#4529,#4530,#4531,#4532,#4533,#4534,#4535),
 .UNSPECIFIED.,.F.,.F.)
B_SPLINE_CURVE_WITH_KNOTS((6,1,1,6),(0.745651289246334,0.8,0.9,0.973418413378767),
 .UNSPECIFIED.)
CURVE()
GEOMETRIC_REPRESENTATION_ITEM()
RATIONAL_B_SPLINE_CURVE((1.,1.,1.,1.,1.,1.,1.,1.))
REPRESENTATION_ITEM('')
);
#27=(
BOUNDED_CURVE()
B_SPLINE_CURVE(5,(#5668,#5669,#5670,#5671,#5672,#5673),.UNSPECIFIED.,.F.,
 .F.)
B_SPLINE_CURVE_WITH_KNOTS((6,6),(0.702835647459027,0.745651289246334),
 .UNSPECIFIED.)
CURVE()
GEOMETRIC_REPRESENTATION_ITEM()
RATIONAL_B_SPLINE_CURVE((1.,1.,1.,1.,1.,1.))
REPRESENTATION_ITEM('')
);
#28=(
BOUNDED_CURVE()
B_SPLINE_CURVE(5,(#5679,#5680,#5681,#5682,#5683,#5684),.UNSPECIFIED.,.F.,
 .F.)
B_SPLINE_CURVE_WITH_KNOTS((6,6),(-0.745651289246334,-0.702835647459027),
 .UNSPECIFIED.)
CURVE()
GEOMETRIC_REPRESENTATION_ITEM()
RATIONAL_B_SPLINE_CURVE((1.,1.,1.,1.,1.,1.))
REPRESENTATION_ITEM('')
);
#29=(
BOUNDED_CURVE()
B_SPLINE_CURVE(5,(#6180,#6181,#6182,#6183,#6184,#6185,#6186,#6187),
 .UNSPECIFIED.,.F.,.F.)
B_SPLINE_CURVE_WITH_KNOTS((6,1,1,6),(-0.973418413378767,-0.9,-0.8,-0.745651289246334),
 .UNSPECIFIED.)
CURVE()
GEOMETRIC_REPRESENTATION_ITEM()
RATIONAL_B_SPLINE_CURVE((1.,1.,1.,1.,1.,1.,1.,1.))
REPRESENTATION_ITEM('')
);
#30=(
BOUNDED_CURVE()
B_SPLINE_CURVE(5,(#6221,#6222,#6223,#6224,#6225,#6226,#6227,#6228,#6229,
#6230,#6231,#6232,#6233,#6234,#6235),.UNSPECIFIED.,.F.,.F.)
B_SPLINE_CURVE_WITH_KNOTS((6,1,1,1,1,1,1,1,1,1,6),(0.,0.1,0.2,0.3,0.4,0.5,
0.6,0.7,0.8,0.9,1.),.UNSPECIFIED.)
CURVE()
GEOMETRIC_REPRESENTATION_ITEM()
RATIONAL_B_SPLINE_CURVE((1.,1.,1.,1.,1.,1.,1.,1.,1.,1.,1.,1.,1.,1.,1.))
REPRESENTATION_ITEM('')
);
#31=(
BOUNDED_CURVE()
B_SPLINE_CURVE(5,(#6270,#6271,#6272,#6273,#6274,#6275,#6276,#6277,#6278,
#6279,#6280,#6281,#6282,#6283,#6284),.UNSPECIFIED.,.F.,.F.)
B_SPLINE_CURVE_WITH_KNOTS((6,1,1,1,1,1,1,1,1,1,6),(-1.,-0.9,-0.8,-0.7,-0.6,
-0.5,-0.4,-0.3,-0.2,-0.1,0.),.UNSPECIFIED.)
CURVE()
GEOMETRIC_REPRESENTATION_ITEM()
RATIONAL_B_SPLINE_CURVE((1.,1.,1.,1.,1.,1.,1.,1.,1.,1.,1.,1.,1.,1.,1.))
REPRESENTATION_ITEM('')
);
#32=B_SPLINE_SURFACE_WITH_KNOTS('',3,3,((#4092,#4093,#4094,#4095,#4096,
#4097),(#4098,#4099,#4100,#4101,#4102,#4103),(#4104,#4105,#4106,#4107,#4108,
#4109),(#4110,#4111,#4112,#4113,#4114,#4115),(#4116,#4117,#4118,#4119,#4120,
#4121)),.UNSPECIFIED.,.F.,.F.,.F.,(4,1,4),(4,1,1,4),(0.,0.5,1.),(-2.63792424419935E-15,
0.298992094403958,0.498320157339931,0.697648220275905),.UNSPECIFIED.);
#33=B_SPLINE_SURFACE_WITH_KNOTS('',3,3,((#4301,#4302,#4303,#4304,#4305,
#4306,#4307,#4308,#4309),(#4310,#4311,#4312,#4313,#4314,#4315,#4316,#4317,
#4318),(#4319,#4320,#4321,#4322,#4323,#4324,#4325,#4326,#4327),(#4328,#4329,
#4330,#4331,#4332,#4333,#4334,#4335,#4336),(#4337,#4338,#4339,#4340,#4341,
#4342,#4343,#4344,#4345)),.UNSPECIFIED.,.F.,.F.,.F.,(4,1,4),(4,2,1,2,4),
(0.,0.428571428571429,1.),(-0.0344592563143704,0.,0.663084144459991,1.16039725280499,
1.18138238883131),.UNSPECIFIED.);
#34=B_SPLINE_SURFACE_WITH_KNOTS('',3,3,((#4388,#4389,#4390,#4391,#4392,
#4393),(#4394,#4395,#4396,#4397,#4398,#4399),(#4400,#4401,#4402,#4403,#4404,
#4405),(#4406,#4407,#4408,#4409,#4410,#4411),(#4412,#4413,#4414,#4415,#4416,
#4417)),.UNSPECIFIED.,.F.,.F.,.F.,(4,1,4),(4,1,1,4),(0.,0.5,1.),(0.000181116884402588,
0.299682441440265,0.499349991144173,0.699017540848081),.UNSPECIFIED.);
#35=B_SPLINE_SURFACE_WITH_KNOTS('',3,3,((#4435,#4436,#4437,#4438,#4439,
#4440,#4441,#4442,#4443,#4444),(#4445,#4446,#4447,#4448,#4449,#4450,#4451,
#4452,#4453,#4454),(#4455,#4456,#4457,#4458,#4459,#4460,#4461,#4462,#4463,
#4464),(#4465,#4466,#4467,#4468,#4469,#4470,#4471,#4472,#4473,#4474),(#4475,
#4476,#4477,#4478,#4479,#4480,#4481,#4482,#4483,#4484)),.UNSPECIFIED.,.F.,
 .F.,.F.,(4,1,4),(4,2,1,1,2,4),(0.,0.5,1.),(-0.0209851360263181,0.,0.331563655002069,
0.663127310004137,1.16047279250724,1.19493204882161),.UNSPECIFIED.);
#36=B_SPLINE_SURFACE_WITH_KNOTS('',3,3,((#4746,#4747,#4748,#4749),(#4750,
#4751,#4752,#4753),(#4754,#4755,#4756,#4757),(#4758,#4759,#4760,#4761),
(#4762,#4763,#4764,#4765)),.UNSPECIFIED.,.F.,.F.,.F.,(4,1,4),(4,4),(0.,
0.571428571428571,1.),(0.585188633784432,3.58447626413854),
 .UNSPECIFIED.);
#37=B_SPLINE_SURFACE_WITH_KNOTS('',3,3,((#4840,#4841,#4842,#4843,#4844,
#4845),(#4846,#4847,#4848,#4849,#4850,#4851),(#4852,#4853,#4854,#4855,#4856,
#4857),(#4858,#4859,#4860,#4861,#4862,#4863),(#4864,#4865,#4866,#4867,#4868,
#4869)),.UNSPECIFIED.,.F.,.F.,.F.,(4,1,4),(4,2,4),(0.,0.5,1.),(-0.0690746598955227,
-0.0379970972549418,0.376946200492204),.UNSPECIFIED.);
#38=B_SPLINE_SURFACE_WITH_KNOTS('',3,3,((#4895,#4896,#4897,#4898,#4899),
(#4900,#4901,#4902,#4903,#4904),(#4905,#4906,#4907,#4908,#4909),(#4910,
#4911,#4912,#4913,#4914),(#4915,#4916,#4917,#4918,#4919)),.UNSPECIFIED.,
 .F.,.F.,.F.,(4,1,4),(4,1,4),(0.,0.5,1.),(3.2697264534561E-16,0.396130723545846,
0.924305021606972),.UNSPECIFIED.);
#39=B_SPLINE_SURFACE_WITH_KNOTS('',3,3,((#4935,#4936,#4937,#4938,#4939),
(#4940,#4941,#4942,#4943,#4944),(#4945,#4946,#4947,#4948,#4949),(#4950,
#4951,#4952,#4953,#4954),(#4955,#4956,#4957,#4958,#4959)),.UNSPECIFIED.,
 .F.,.F.,.F.,(4,1,4),(4,1,4),(0.,0.5,1.),(0.,0.396130723545842,0.924305021606966),
 .UNSPECIFIED.);
#40=B_SPLINE_SURFACE_WITH_KNOTS('',3,3,((#4978,#4979,#4980,#4981,#4982,
#4983),(#4984,#4985,#4986,#4987,#4988,#4989),(#4990,#4991,#4992,#4993,#4994,
#4995),(#4996,#4997,#4998,#4999,#5000,#5001),(#5002,#5003,#5004,#5005,#5006,
#5007)),.UNSPECIFIED.,.F.,.F.,.F.,(4,1,4),(4,2,4),(0.,0.5,1.),(4.23638977772609E-13,
0.414943297747154,0.446020860387735),.UNSPECIFIED.);
#41=B_SPLINE_SURFACE_WITH_KNOTS('',3,3,((#5149,#5150,#5151,#5152,#5153,
#5154,#5155),(#5156,#5157,#5158,#5159,#5160,#5161,#5162),(#5163,#5164,#5165,
#5166,#5167,#5168,#5169),(#5170,#5171,#5172,#5173,#5174,#5175,#5176),(#5177,
#5178,#5179,#5180,#5181,#5182,#5183)),.UNSPECIFIED.,.F.,.F.,.F.,(4,1,4),
(4,1,1,1,4),(0.,0.5,1.),(-2.73567226705847E-15,0.4729826091764,0.945965218352803,
1.182456522941,1.65543913211741),.UNSPECIFIED.);
#42=B_SPLINE_SURFACE_WITH_KNOTS('',3,3,((#5331,#5332,#5333,#5334,#5335,
#5336,#5337),(#5338,#5339,#5340,#5341,#5342,#5343,#5344),(#5345,#5346,#5347,
#5348,#5349,#5350,#5351),(#5352,#5353,#5354,#5355,#5356,#5357,#5358),(#5359,
#5360,#5361,#5362,#5363,#5364,#5365)),.UNSPECIFIED.,.F.,.F.,.F.,(4,1,4),
(4,1,1,1,4),(0.,0.5,1.),(-1.75302813456498E-15,0.472982609176402,0.709473913764604,
1.18245652294101,1.65543913211741),.UNSPECIFIED.);
#43=B_SPLINE_SURFACE_WITH_KNOTS('',3,1,((#5481,#5482),(#5483,#5484),(#5485,
#5486),(#5487,#5488),(#5489,#5490),(#5491,#5492),(#5493,#5494),(#5495,#5496),
(#5497,#5498),(#5499,#5500)),.UNSPECIFIED.,.F.,.F.,.F.,(4,3,3,4),(2,2),
(-0.01,0.,0.693371977979447,1.),(0.149999999999999,2.85),.UNSPECIFIED.);
#44=B_SPLINE_SURFACE_WITH_KNOTS('',3,3,((#5608,#5609,#5610,#5611),(#5612,
#5613,#5614,#5615),(#5616,#5617,#5618,#5619),(#5620,#5621,#5622,#5623),
(#5624,#5625,#5626,#5627)),.UNSPECIFIED.,.F.,.F.,.F.,(4,1,4),(4,4),(0.,
0.5,1.),(0.742370285647067,0.77328198330902),.UNSPECIFIED.);
#45=B_SPLINE_SURFACE_WITH_KNOTS('',3,3,((#5686,#5687,#5688,#5689),(#5690,
#5691,#5692,#5693),(#5694,#5695,#5696,#5697),(#5698,#5699,#5700,#5701),
(#5702,#5703,#5704,#5705)),.UNSPECIFIED.,.F.,.F.,.F.,(4,1,4),(4,4),(0.,
0.5,1.),(4.48168625636057E-11,0.030911697706773),.UNSPECIFIED.);
#46=B_SPLINE_SURFACE_WITH_KNOTS('',3,1,((#5895,#5896),(#5897,#5898),(#5899,
#5900),(#5901,#5902),(#5903,#5904),(#5905,#5906),(#5907,#5908),(#5909,#5910),
(#5911,#5912),(#5913,#5914)),.UNSPECIFIED.,.F.,.F.,.F.,(4,3,3,4),(2,2),
(0.,0.702835647459027,1.,1.31926801313171),(-0.584832448961484,3.58483244896148),
 .UNSPECIFIED.);
#47=B_SPLINE_SURFACE_WITH_KNOTS('',3,1,((#5937,#5938),(#5939,#5940),(#5941,
#5942),(#5943,#5944),(#5945,#5946),(#5947,#5948),(#5949,#5950),(#5951,#5952),
(#5953,#5954),(#5955,#5956),(#5957,#5958),(#5959,#5960),(#5961,#5962)),
 .UNSPECIFIED.,.F.,.F.,.F.,(4,3,3,3,4),(2,2),(-0.775035851834598,0.,0.66430400192305,
1.,1.2736939562262),(0.,3.),.UNSPECIFIED.);
#48=B_SPLINE_SURFACE_WITH_KNOTS('',3,1,((#6012,#6013),(#6014,#6015),(#6016,
#6017),(#6018,#6019),(#6020,#6021),(#6022,#6023),(#6024,#6025),(#6026,#6027),
(#6028,#6029),(#6030,#6031)),.UNSPECIFIED.,.F.,.F.,.F.,(4,3,3,4),(2,2),
(0.70283564745856,0.973418413378767,1.,1.08318403688858),(2.5,3.71142745300173),
 .UNSPECIFIED.);
#49=B_SPLINE_SURFACE_WITH_KNOTS('',3,1,((#6066,#6067),(#6068,#6069),(#6070,
#6071),(#6072,#6073),(#6074,#6075),(#6076,#6077),(#6078,#6079),(#6080,#6081),
(#6082,#6083),(#6084,#6085)),.UNSPECIFIED.,.F.,.F.,.F.,(4,3,3,4),(2,2),
(-1.08318403688854,-1.,-0.973418413378767,-0.70283564745856),(-0.5,0.711427453001734),
 .UNSPECIFIED.);
#50=B_SPLINE_SURFACE_WITH_KNOTS('',3,1,((#6093,#6094),(#6095,#6096),(#6097,
#6098),(#6099,#6100),(#6101,#6102),(#6103,#6104),(#6105,#6106)),
 .UNSPECIFIED.,.F.,.F.,.F.,(4,3,4),(2,2),(0.,0.47994050102593,1.),(-0.250477091671773,
0.442706399218447),.UNSPECIFIED.);
#51=B_SPLINE_SURFACE_WITH_KNOTS('',3,1,((#6107,#6108),(#6109,#6110),(#6111,
#6112),(#6113,#6114),(#6115,#6116),(#6117,#6118),(#6119,#6120),(#6121,#6122),
(#6123,#6124),(#6125,#6126)),.UNSPECIFIED.,.F.,.F.,.F.,(4,3,3,4),(2,2),
(-1.,-0.501670510267026,-0.0267095753788258,0.),(-0.250477091671776,0.442706399218448),
 .UNSPECIFIED.);
#52=B_SPLINE_CURVE_WITH_KNOTS('',3,(#4028,#4029,#4030,#4031,#4032,#4033,
#4034,#4035,#4036,#4037,#4038,#4039,#4040,#4041,#4042,#4043,#4044,#4045,
#4046,#4047,#4048,#4049,#4050,#4051,#4052,#4053,#4054,#4055,#4056,#4057,
#4058,#4059,#4060,#4061,#4062,#4063,#4064,#4065,#4066,#4067,#4068,#4069,
#4070),.UNSPECIFIED.,.F.,.F.,(4,3,3,3,3,3,3,3,3,3,3,3,3,3,4),(-0.0768690633622739,
-0.0765438866399001,-0.0685417325506017,-0.0604018036278214,-0.0584051552990855,
-0.0503159527587277,-0.0424636191187327,-0.0385306815635039,-0.0381872072137838,
-0.0302454590161976,-0.0222622023381065,-0.019131176828906,-0.0111476915801209,
-0.0033744199158898,0.),.UNSPECIFIED.);
#53=B_SPLINE_CURVE_WITH_KNOTS('',3,(#4072,#4073,#4074,#4075),
 .UNSPECIFIED.,.F.,.F.,(4,4),(-0.00282359343643355,0.),.UNSPECIFIED.);
#54=B_SPLINE_CURVE_WITH_KNOTS('',3,(#4078,#4079,#4080,#4081,#4082,#4083,
#4084,#4085,#4086,#4087,#4088,#4089,#4090,#4091),.UNSPECIFIED.,.F.,.F.,
(4,2,2,2,2,2,4),(-0.000383961054922623,0.,0.0160449374981677,0.0317464723658991,
0.0530316109489121,0.0708329940154544,0.0871760102340392),.UNSPECIFIED.);
#55=B_SPLINE_CURVE_WITH_KNOTS('',3,(#4123,#4124,#4125,#4126,#4127,#4128),
 .UNSPECIFIED.,.F.,.F.,(4,1,1,4),(-0.686928388318529,-0.498320157339931,
-0.298992094403958,-0.0115226527083813),.UNSPECIFIED.);
#56=B_SPLINE_CURVE_WITH_KNOTS('',3,(#4130,#4131,#4132,#4133,#4134,#4135,
#4136,#4137,#4138,#4139,#4140,#4141,#4142,#4143,#4144,#4145,#4146,#4147,
#4148,#4149,#4150,#4151,#4152,#4153,#4154,#4155,#4156,#4157,#4158,#4159,
#4160,#4161,#4162,#4163,#4164,#4165,#4166,#4167,#4168,#4169,#4170,#4171,
#4172),.UNSPECIFIED.,.F.,.F.,(4,3,3,3,3,3,3,3,3,3,3,3,3,3,4),(-0.000326364572220923,
0.,0.00804626371671278,0.0162096392971035,0.0171419938563162,0.0256660009724726,
0.033549429211759,0.034190008088629,0.0368568177087714,0.0452738262655605,
0.0532443017428964,0.0536908348223496,0.0616815588077095,0.0694606439905316,
0.0728082642303825),.UNSPECIFIED.);
#57=B_SPLINE_CURVE_WITH_KNOTS('',3,(#4174,#4175,#4176,#4177),
 .UNSPECIFIED.,.F.,.F.,(4,4),(0.153075856138389,0.154217627281784),
 .UNSPECIFIED.);
#58=B_SPLINE_CURVE_WITH_KNOTS('',3,(#4178,#4179,#4180,#4181,#4182,#4183),
 .UNSPECIFIED.,.F.,.F.,(4,1,1,4),(-2.63792424419935E-15,0.298992094403958,
0.498320157339931,0.697648220275905),.UNSPECIFIED.);
#59=B_SPLINE_CURVE_WITH_KNOTS('',3,(#4188,#4189,#4190,#4191,#4192,#4193,
#4194,#4195,#4196,#4197,#4198,#4199,#4200,#4201,#4202,#4203,#4204,#4205,
#4206,#4207,#4208,#4209,#4210,#4211,#4212,#4213,#4214,#4215,#4216,#4217,
#4218,#4219,#4220,#4221,#4222,#4223,#4224,#4225,#4226,#4227,#4228,#4229,
#4230),.UNSPECIFIED.,.F.,.F.,(4,3,3,3,3,3,3,3,3,3,3,3,3,3,4),(-0.0730478694228137,
-0.0727219293173632,-0.0646862455185337,-0.0565332452000737,-0.0556081917628432,
-0.0470975607571454,-0.0392221739669197,-0.0385869297514475,-0.0359174900724057,
-0.0275110008483336,-0.0195481552675399,-0.0191045116242615,-0.0111216046932543,
-0.00334889264360874,0.),.UNSPECIFIED.);
#60=B_SPLINE_CURVE_WITH_KNOTS('',3,(#4237,#4238,#4239,#4240,#4241,#4242,
#4243,#4244,#4245,#4246,#4247,#4248,#4249,#4250),.UNSPECIFIED.,.F.,.F.,
(4,2,2,2,2,2,4),(0.,0.0162475522854364,0.0339449559118304,0.0551057658290408,
0.0707155896115076,0.0866668102925066,0.0870485286031245),.UNSPECIFIED.);
#61=B_SPLINE_CURVE_WITH_KNOTS('',3,(#4254,#4255,#4256,#4257),
 .UNSPECIFIED.,.F.,.F.,(4,4),(-0.39457967699149,-0.39176735538024),
 .UNSPECIFIED.);
#62=B_SPLINE_CURVE_WITH_KNOTS('',3,(#4258,#4259,#4260,#4261,#4262,#4263,
#4264,#4265,#4266,#4267,#4268,#4269,#4270,#4271,#4272,#4273,#4274,#4275,
#4276,#4277,#4278,#4279,#4280,#4281,#4282,#4283,#4284,#4285,#4286,#4287,
#4288,#4289,#4290,#4291,#4292,#4293,#4294,#4295,#4296,#4297,#4298,#4299,
#4300),.UNSPECIFIED.,.F.,.F.,(4,3,3,3,3,3,3,3,3,3,3,3,3,3,4),(-0.0766189637885113,
-0.0688718654133929,-0.060885396222538,-0.057467088457992,-0.0494926098131289,
-0.041523854717885,-0.0383926193367734,-0.0380485850530232,-0.0302292275777738,
-0.0221401689802595,-0.0181579082628597,-0.0100149638274196,-0.00198989561730491,
0.,0.000325444303746098),.UNSPECIFIED.);
#63=B_SPLINE_CURVE_WITH_KNOTS('',3,(#4347,#4348,#4349,#4350,#4351,#4352,
#4353,#4354,#4355),.UNSPECIFIED.,.F.,.F.,(4,2,1,2,4),(-0.000131186350032716,
0.,0.663084144459991,1.16039725280499,1.16055265429035),.UNSPECIFIED.);
#64=B_SPLINE_CURVE_WITH_KNOTS('',3,(#4357,#4358,#4359,#4360,#4361,#4362,
#4363,#4364,#4365,#4366,#4367,#4368,#4369,#4370,#4371,#4372,#4373,#4374,
#4375,#4376,#4377,#4378),.UNSPECIFIED.,.F.,.F.,(4,3,3,3,3,3,3,4),(0.,0.0175197574638456,
0.0229123126295237,0.0424943835149793,0.0444431746460427,0.0641626645864421,
0.0805775564255641,0.0823029845634694),.UNSPECIFIED.);
#65=B_SPLINE_CURVE_WITH_KNOTS('',3,(#4379,#4380,#4381,#4382,#4383,#4384,
#4385,#4386,#4387),.UNSPECIFIED.,.F.,.F.,(4,2,1,2,4),(-1.18138238883131,
-1.16039725280499,-0.663084144459991,0.,0.0344592563143704),
 .UNSPECIFIED.);
#66=B_SPLINE_CURVE_WITH_KNOTS('',3,(#4418,#4419,#4420,#4421,#4422,#4423),
 .UNSPECIFIED.,.F.,.F.,(4,1,1,4),(-0.687573822540088,-0.499349991144173,
-0.299682441440265,-0.0108609263048316),.UNSPECIFIED.);
#67=B_SPLINE_CURVE_WITH_KNOTS('',3,(#4425,#4426,#4427,#4428,#4429,#4430),
 .UNSPECIFIED.,.F.,.F.,(4,1,1,4),(0.000181116884402588,0.299682441440265,
0.499349991144173,0.699017540848081),.UNSPECIFIED.);
#68=B_SPLINE_CURVE_WITH_KNOTS('',3,(#4431,#4432,#4433,#4434),
 .UNSPECIFIED.,.F.,.F.,(4,4),(0.,0.000683620885761246),.UNSPECIFIED.);
#69=B_SPLINE_CURVE_WITH_KNOTS('',3,(#4486,#4487,#4488,#4489,#4490,#4491,
#4492,#4493,#4494,#4495),.UNSPECIFIED.,.F.,.F.,(4,2,1,1,2,4),(-1.19493204882161,
-1.16047279250724,-0.663127310004137,-0.331563655002069,0.,0.0209851360263181),
 .UNSPECIFIED.);
#70=B_SPLINE_CURVE_WITH_KNOTS('',3,(#4497,#4498,#4499,#4500,#4501,#4502,
#4503,#4504,#4505,#4506,#4507,#4508,#4509,#4510,#4511,#4512,#4513,#4514,
#4515),.UNSPECIFIED.,.F.,.F.,(4,3,3,3,3,3,4),(0.,0.0163607377615388,0.0181270428606995,
0.0369641560241113,0.0573422955869205,0.0696154327690569,0.0819881920805328),
 .UNSPECIFIED.);
#71=B_SPLINE_CURVE_WITH_KNOTS('',3,(#4516,#4517,#4518,#4519,#4520,#4521,
#4522,#4523,#4524,#4525),.UNSPECIFIED.,.F.,.F.,(4,2,1,1,2,4),(-0.000152384701682849,
0.,0.331563655002069,0.663127310004137,1.16047279250724,1.16060187785626),
 .UNSPECIFIED.);
#72=B_SPLINE_CURVE_WITH_KNOTS('',3,(#4598,#4599,#4600,#4601,#4602,#4603,
#4604,#4605,#4606,#4607,#4608,#4609,#4610,#4611,#4612,#4613),
 .UNSPECIFIED.,.F.,.F.,(4,2,2,2,2,2,2,4),(-0.0815425397667333,-0.0811737696611928,
-0.0773912434930391,-0.0718267044899252,-0.058592144666508,-0.0382952807315195,
-0.0187531377953395,0.),.UNSPECIFIED.);
#73=B_SPLINE_CURVE_WITH_KNOTS('',3,(#4615,#4616,#4617,#4618,#4619,#4620),
 .UNSPECIFIED.,.F.,.F.,(4,2,4),(-2.01829601530888,-0.754148706972979,-0.0547330442812658),
 .UNSPECIFIED.);
#74=B_SPLINE_CURVE_WITH_KNOTS('',3,(#4622,#4623,#4624,#4625,#4626,#4627,
#4628,#4629,#4630,#4631,#4632,#4633,#4634,#4635,#4636,#4637,#4638,#4639,
#4640,#4641,#4642,#4643),.UNSPECIFIED.,.F.,.F.,(4,3,3,3,3,3,3,4),(0.,0.0152855326218504,
0.0181279006403354,0.0369957943656048,0.0559204053584699,0.0573969063870968,
0.0694869050635679,0.0816269682575105),.UNSPECIFIED.);
#75=B_SPLINE_CURVE_WITH_KNOTS('',3,(#4651,#4652,#4653,#4654,#4655,#4656),
 .UNSPECIFIED.,.F.,.F.,(4,2,4),(0.0500000000000007,1.35,2.65),
 .UNSPECIFIED.);
#76=B_SPLINE_CURVE_WITH_KNOTS('',3,(#4701,#4702,#4703,#4704,#4705,#4706,
#4707,#4708,#4709,#4710,#4711,#4712,#4713,#4714,#4715,#4716,#4717,#4718,
#4719,#4720,#4721,#4722),.UNSPECIFIED.,.F.,.F.,(4,3,3,3,3,3,3,4),(0.,0.0161895525622943,
0.022315386246125,0.0409361983528034,0.0439886209157886,0.0637659099138073,
0.0790944970785645,0.081900607339229),.UNSPECIFIED.);
#77=B_SPLINE_CURVE_WITH_KNOTS('',3,(#4724,#4725,#4726,#4727,#4728,#4729),
 .UNSPECIFIED.,.F.,.F.,(4,2,4),(-0.929188919989924,-0.617269044985189,-0.0534946094997343),
 .UNSPECIFIED.);
#78=B_SPLINE_CURVE_WITH_KNOTS('',3,(#4730,#4731,#4732,#4733,#4734,#4735,
#4736,#4737,#4738,#4739,#4740,#4741,#4742,#4743,#4744,#4745),
 .UNSPECIFIED.,.F.,.F.,(4,2,2,2,2,2,2,4),(-0.11200072326934,-0.0971131413154503,
-0.0805302880728919,-0.0632415340743115,-0.0457491154769261,-0.0372311065286761,
-0.032760315823383,-0.0303733657790709),.UNSPECIFIED.);
#79=B_SPLINE_CURVE_WITH_KNOTS('',3,(#4768,#4769,#4770,#4771),
 .UNSPECIFIED.,.F.,.F.,(4,4),(-3.58447626413854,-0.585188633784432),
 .UNSPECIFIED.);
#80=B_SPLINE_CURVE_WITH_KNOTS('',3,(#4773,#4774,#4775,#4776,#4777,#4778,
#4779,#4780,#4781,#4782,#4783,#4784,#4785,#4786,#4787,#4788,#4789,#4790,
#4791,#4792,#4793,#4794,#4795,#4796,#4797,#4798,#4799,#4800,#4801,#4802,
#4803),.UNSPECIFIED.,.F.,.F.,(4,3,3,3,3,3,3,3,3,3,4),(-0.0572898516319262,
-0.0495498727304043,-0.0414967131168237,-0.0379139507755122,-0.032950596149539,
-0.0248407630849968,-0.0191066980996623,-0.0107780569712694,-0.0024404886436991,
0.,0.00029528813432058),.UNSPECIFIED.);
#81=B_SPLINE_CURVE_WITH_KNOTS('',3,(#4805,#4806,#4807,#4808),
 .UNSPECIFIED.,.F.,.F.,(4,4),(0.600783562292435,3.56888133563054),
 .UNSPECIFIED.);
#82=B_SPLINE_CURVE_WITH_KNOTS('',3,(#4809,#4810,#4811,#4812,#4813,#4814,
#4815,#4816,#4817,#4818,#4819,#4820,#4821,#4822,#4823,#4824,#4825,#4826,
#4827,#4828,#4829,#4830,#4831,#4832,#4833,#4834,#4835,#4836,#4837,#4838,
#4839),.UNSPECIFIED.,.F.,.F.,(4,3,3,3,3,3,3,3,3,3,4),(-0.057487564270521,
-0.05719277648885,-0.048882905703969,-0.0405551676897904,-0.0381184538539463,
-0.0300223625456403,-0.024298013681891,-0.0193430692425598,-0.0112879524960499,
-0.00352271452065344,0.),.UNSPECIFIED.);
#83=B_SPLINE_CURVE_WITH_KNOTS('',3,(#4872,#4873,#4874,#4875,#4876,#4877,
#4878,#4879,#4880,#4881),.UNSPECIFIED.,.F.,.F.,(4,2,2,2,4),(0.,0.0399739420910182,
0.0779835749347873,0.0981834929484441,0.116414267593567),.UNSPECIFIED.);
#84=B_SPLINE_CURVE_WITH_KNOTS('',3,(#4883,#4884,#4885,#4886),
 .UNSPECIFIED.,.F.,.F.,(4,4),(0.000114840156836491,0.376946200492204),
 .UNSPECIFIED.);
#85=B_SPLINE_CURVE_WITH_KNOTS('',3,(#4889,#4890,#4891,#4892,#4893,#4894),
 .UNSPECIFIED.,.F.,.F.,(4,2,4),(-0.376946200492204,0.0379970972549418,0.0690746598955227),
 .UNSPECIFIED.);
#86=B_SPLINE_CURVE_WITH_KNOTS('',3,(#4921,#4922,#4923,#4924,#4925),
 .UNSPECIFIED.,.F.,.F.,(4,1,4),(3.2697264534561E-16,0.396130723545846,0.924305021606972),
 .UNSPECIFIED.);
#87=B_SPLINE_CURVE_WITH_KNOTS('',3,(#4926,#4927,#4928,#4929,#4930),
 .UNSPECIFIED.,.F.,.F.,(4,1,4),(-0.924305021606972,-0.396130723545846,-0.0164028926615218),
 .UNSPECIFIED.);
#88=B_SPLINE_CURVE_WITH_KNOTS('',3,(#4931,#4932,#4933,#4934),
 .UNSPECIFIED.,.F.,.F.,(4,4),(0.0862054953408579,0.0930582522644642),
 .UNSPECIFIED.);
#89=B_SPLINE_CURVE_WITH_KNOTS('',3,(#4961,#4962,#4963,#4964,#4965),
 .UNSPECIFIED.,.F.,.F.,(4,1,4),(-0.907901979861742,-0.396130723545842,0.),
 .UNSPECIFIED.);
#90=B_SPLINE_CURVE_WITH_KNOTS('',3,(#4969,#4970,#4971,#4972,#4973),
 .UNSPECIFIED.,.F.,.F.,(4,1,4),(0.,0.396130723545842,0.924305021606966),
 .UNSPECIFIED.);
#91=B_SPLINE_CURVE_WITH_KNOTS('',3,(#4974,#4975,#4976,#4977),
 .UNSPECIFIED.,.F.,.F.,(4,4),(0.,0.00468609784636769),.UNSPECIFIED.);
#92=B_SPLINE_CURVE_WITH_KNOTS('',3,(#5010,#5011,#5012,#5013,#5014,#5015,
#5016,#5017,#5018,#5019),.UNSPECIFIED.,.F.,.F.,(4,2,2,2,4),(0.,0.0153099152619071,
0.0362488081379731,0.0648818753094828,0.0956326466042315),.UNSPECIFIED.);
#93=B_SPLINE_CURVE_WITH_KNOTS('',3,(#5020,#5021,#5022,#5023,#5024,#5025),
 .UNSPECIFIED.,.F.,.F.,(4,2,4),(-0.446020860387735,-0.414943297747154,-4.23638977772609E-13),
 .UNSPECIFIED.);
#94=B_SPLINE_CURVE_WITH_KNOTS('',3,(#5026,#5027,#5028,#5029),
 .UNSPECIFIED.,.F.,.F.,(4,4),(4.23638977772609E-13,0.376934453187941),
 .UNSPECIFIED.);
#95=B_SPLINE_CURVE_WITH_KNOTS('',3,(#5063,#5064,#5065,#5066,#5067,#5068,
#5069),.UNSPECIFIED.,.F.,.F.,(4,1,1,1,4),(-2.73567226705847E-15,0.4729826091764,
0.945965218352803,1.182456522941,1.65543913211741),.UNSPECIFIED.);
#96=B_SPLINE_CURVE_WITH_KNOTS('',3,(#5072,#5073,#5074,#5075,#5076,#5077,
#5078,#5079,#5080,#5081,#5082,#5083,#5084,#5085,#5086,#5087,#5088,#5089,
#5090),.UNSPECIFIED.,.F.,.F.,(4,3,3,3,3,3,4),(-1.9105496801999,-1.8331737965931,
-1.75665499924702,-1.73806669931437,-1.66535901229366,-1.59416707866347,
-1.56418264937995),.UNSPECIFIED.);
#97=B_SPLINE_CURVE_WITH_KNOTS('',3,(#5126,#5127,#5128,#5129,#5130,#5131),
 .UNSPECIFIED.,.F.,.F.,(4,2,4),(-0.347161516340346,-0.294148616787043,0.),
 .UNSPECIFIED.);
#98=B_SPLINE_CURVE_WITH_KNOTS('',3,(#5134,#5135,#5136,#5137,#5138,#5139,
#5140),.UNSPECIFIED.,.F.,.F.,(4,1,1,1,4),(-1.75302813456498E-15,0.472982609176402,
0.709473913764604,1.18245652294101,1.65543913211741),.UNSPECIFIED.);
#99=B_SPLINE_CURVE_WITH_KNOTS('',3,(#5185,#5186,#5187,#5188,#5189,#5190,
#5191,#5192,#5193,#5194,#5195,#5196,#5197,#5198,#5199,#5200,#5201,#5202,
#5203,#5204,#5205,#5206,#5207,#5208,#5209,#5210,#5211,#5212,#5213,#5214,
#5215,#5216,#5217,#5218,#5219,#5220,#5221,#5222,#5223,#5224,#5225,#5226,
#5227,#5228,#5229,#5230),.UNSPECIFIED.,.F.,.F.,(4,3,3,3,3,3,3,3,3,3,3,3,
3,3,3,4),(0.,0.00769055455768836,0.015656465857139,0.0186748126978141,0.0265772492482147,
0.0346117820399422,0.0378023168735658,0.0397523877626238,0.0475305798799238,
0.0556509066976801,0.0578766243566643,0.0661515523694079,0.0690675676100808,
0.0773511418837978,0.0803075725691136,0.0806393528555518),.UNSPECIFIED.);
#100=B_SPLINE_CURVE_WITH_KNOTS('',3,(#5232,#5233,#5234,#5235,#5236,#5237,
#5238),.UNSPECIFIED.,.F.,.F.,(4,1,1,1,4),(-1.63970128873159,-1.182456522941,
-0.945965218352803,-0.4729826091764,-0.00432698324294996),.UNSPECIFIED.);
#101=B_SPLINE_CURVE_WITH_KNOTS('',3,(#5239,#5240,#5241,#5242,#5243,#5244,
#5245,#5246,#5247,#5248,#5249,#5250,#5251,#5252,#5253,#5254,#5255,#5256,
#5257,#5258,#5259,#5260,#5261,#5262,#5263,#5264,#5265,#5266,#5267,#5268,
#5269,#5270,#5271,#5272,#5273,#5274,#5275,#5276,#5277,#5278,#5279,#5280,
#5281),.UNSPECIFIED.,.F.,.F.,(4,3,3,3,3,3,3,3,3,3,3,3,3,3,4),(-0.000320562260977242,
0.,0.00783087901260799,0.0158488028115859,0.0200704575176503,0.028075319217567,
0.0359199593207022,0.0391975797410867,0.0396517325195227,0.047488467670115,
0.0554815883412744,0.0591568906109444,0.0671471810408583,0.0749688323966197,
0.0786236963542782),.UNSPECIFIED.);
#102=B_SPLINE_CURVE_WITH_KNOTS('',3,(#5284,#5285,#5286,#5287,#5288,#5289,
#5290,#5291,#5292,#5293,#5294,#5295,#5296,#5297,#5298,#5299,#5300,#5301,
#5302,#5303,#5304,#5305,#5306,#5307,#5308,#5309,#5310,#5311,#5312,#5313,
#5314,#5315,#5316,#5317,#5318,#5319,#5320,#5321,#5322,#5323,#5324,#5325,
#5326,#5327,#5328,#5329),.UNSPECIFIED.,.F.,.F.,(4,3,3,3,3,3,3,3,3,3,3,3,
3,3,3,4),(-0.0804452298451288,-0.0727414927219686,-0.0647619268736151,-0.0617384071744274,
-0.0538224248544861,-0.0457741198462984,-0.0425781160917,-0.0406247014998217,
-0.032833176572518,-0.0246989304982972,-0.0224693987751052,-0.0141802865030346,
-0.0112592722930737,-0.0029614987015305,0.,0.000332348999704523),
 .UNSPECIFIED.);
#103=B_SPLINE_CURVE_WITH_KNOTS('',3,(#5367,#5368,#5369,#5370,#5371,#5372,
#5373,#5374,#5375,#5376,#5377,#5378,#5379,#5380,#5381,#5382,#5383,#5384,
#5385,#5386,#5387,#5388,#5389,#5390,#5391,#5392,#5393,#5394,#5395,#5396,
#5397,#5398,#5399,#5400,#5401,#5402,#5403,#5404,#5405,#5406,#5407,#5408,
#5409),.UNSPECIFIED.,.F.,.F.,(4,3,3,3,3,3,3,3,3,3,3,3,3,3,4),(0.,0.00778580694186131,
0.0157763595489783,0.0194637074568557,0.0274476053119316,0.0353148142550422,
0.0389657611198428,0.0394198415778467,0.0472328630214074,0.0552387072481724,
0.0585439195785863,0.0665547402946186,0.074422901031047,0.0786111826565209,
0.0789316938970131),.UNSPECIFIED.);
#104=B_SPLINE_CURVE_WITH_KNOTS('',3,(#5410,#5411,#5412,#5413,#5414,#5415,
#5416),.UNSPECIFIED.,.F.,.F.,(4,1,1,1,4),(-1.65111214887445,-1.18245652294101,
-0.709473913764604,-0.472982609176402,-0.0157378433858153),
 .UNSPECIFIED.);
#105=B_SPLINE_CURVE_WITH_KNOTS('',3,(#5439,#5440,#5441,#5442,#5443,#5444,
#5445,#5446,#5447,#5448,#5449,#5450,#5451,#5452,#5453,#5454,#5455,#5456,
#5457),.UNSPECIFIED.,.F.,.F.,(4,3,3,3,3,3,4),(-0.0817668015948848,-0.0739286827630093,
-0.0621731326428013,-0.0435266409885147,-0.0226050080347347,-0.00439535451784923,
0.),.UNSPECIFIED.);
#106=B_SPLINE_CURVE_WITH_KNOTS('',3,(#5461,#5462,#5463,#5464,#5465,#5466,
#5467,#5468,#5469,#5470,#5471,#5472,#5473,#5474,#5475,#5476,#5477,#5478,
#5479),.UNSPECIFIED.,.F.,.F.,(4,3,3,3,3,3,4),(0.,0.0163944481670924,0.0339519633982367,
0.0545203543200977,0.0689058021225244,0.0789859742131796,0.0817165002073994),
 .UNSPECIFIED.);
#107=B_SPLINE_CURVE_WITH_KNOTS('',3,(#5502,#5503,#5504,#5505,#5506,#5507,
#5508),.UNSPECIFIED.,.F.,.F.,(4,3,4),(-0.930962822528004,-0.309683343029527,
-0.0574435715102413),.UNSPECIFIED.);
#108=B_SPLINE_CURVE_WITH_KNOTS('',3,(#5510,#5511,#5512,#5513,#5514,#5515,
#5516,#5517,#5518,#5519,#5520,#5521,#5522,#5523,#5524,#5525,#5526,#5527,
#5528,#5529,#5530,#5531,#5532,#5533,#5534,#5535,#5536,#5537,#5538,#5539,
#5540,#5541,#5542,#5543,#5544,#5545,#5546,#5547,#5548,#5549),
 .UNSPECIFIED.,.F.,.F.,(4,3,3,3,3,3,3,3,3,3,3,3,3,4),(0.,0.00837385579433583,
0.0168618706741589,0.0223750854934958,0.0306326797007088,0.0384993822082264,
0.0418402152756433,0.0440916249378353,0.0522262986013054,0.0601311604230382,
0.063864542958514,0.0718557078280444,0.0795430772382678,0.0819733494103343),
 .UNSPECIFIED.);
#109=B_SPLINE_CURVE_WITH_KNOTS('',3,(#5551,#5552,#5553,#5554,#5555,#5556),
 .UNSPECIFIED.,.F.,.F.,(4,2,4),(0.0499999999999998,1.35,2.65),
 .UNSPECIFIED.);
#110=B_SPLINE_CURVE_WITH_KNOTS('',3,(#5558,#5559,#5560,#5561,#5562,#5563,
#5564,#5565,#5566,#5567,#5568,#5569,#5570,#5571,#5572,#5573,#5574,#5575,
#5576,#5577,#5578,#5579,#5580,#5581,#5582,#5583,#5584,#5585,#5586,#5587,
#5588,#5589,#5590,#5591,#5592,#5593,#5594,#5595,#5596,#5597,#5598,#5599,
#5600),.UNSPECIFIED.,.F.,.F.,(4,3,3,3,3,3,3,3,3,3,3,3,3,3,4),(0.,0.00763479745845707,
0.015584805203164,0.01811458527136,0.0259570379394863,0.0340572237548332,
0.0369429874783607,0.0399890207398499,0.0477868814319466,0.0559620628006713,
0.057349822072988,0.0657793493321123,0.0694801117773924,0.0779099519820768,
0.0816619873909939),.UNSPECIFIED.);
#111=B_SPLINE_CURVE_WITH_KNOTS('',3,(#5601,#5602,#5603,#5604,#5605,#5606,
#5607),.UNSPECIFIED.,.F.,.F.,(4,3,4),(-2.00944128656963,-1.44384588502085,
-0.0507554355469646),.UNSPECIFIED.);
#112=B_SPLINE_CURVE_WITH_KNOTS('',3,(#5628,#5629,#5630,#5631),
 .UNSPECIFIED.,.F.,.F.,(4,4),(-0.77328198330902,-0.762363801950014),
 .UNSPECIFIED.);
#113=B_SPLINE_CURVE_WITH_KNOTS('',3,(#5632,#5633,#5634,#5635),
 .UNSPECIFIED.,.F.,.F.,(4,4),(0.742370285647067,0.753082758041452),
 .UNSPECIFIED.);
#114=B_SPLINE_CURVE_WITH_KNOTS('',3,(#5674,#5675,#5676,#5677),
 .UNSPECIFIED.,.F.,.F.,(4,4),(-0.0109181814038398,-4.48168625636057E-11),
 .UNSPECIFIED.);
#115=B_SPLINE_CURVE_WITH_KNOTS('',3,(#5706,#5707,#5708,#5709),
 .UNSPECIFIED.,.F.,.F.,(4,4),(0.0201992253123912,0.030911697706773),
 .UNSPECIFIED.);
#116=B_SPLINE_CURVE_WITH_KNOTS('',3,(#5798,#5799,#5800,#5801),
 .UNSPECIFIED.,.F.,.F.,(4,4),(-0.165972321920722,-0.136447182143601),
 .UNSPECIFIED.);
#117=B_SPLINE_CURVE_WITH_KNOTS('',3,(#5802,#5803,#5804,#5805,#5806,#5807,
#5808,#5809,#5810,#5811,#5812,#5813,#5814),.UNSPECIFIED.,.F.,.F.,(4,3,3,
3,4),(-5.06301037445449,-4.6824992393473,-3.45685638921616,-1.03144930979113,
0.),.UNSPECIFIED.);
#118=B_SPLINE_CURVE_WITH_KNOTS('',3,(#5833,#5834,#5835,#5836),
 .UNSPECIFIED.,.F.,.F.,(4,4),(0.39095702361931,0.600257022232444),
 .UNSPECIFIED.);
#119=B_SPLINE_CURVE_WITH_KNOTS('',3,(#5838,#5839,#5840,#5841,#5842,#5843),
 .UNSPECIFIED.,.F.,.F.,(4,2,4),(0.0474688931364921,0.346412695118633,0.692825390237265),
 .UNSPECIFIED.);
#120=B_SPLINE_CURVE_WITH_KNOTS('',3,(#5845,#5846,#5847,#5848,#5849,#5850),
 .UNSPECIFIED.,.F.,.F.,(4,2,4),(0.587959053425409,1.88795905342541,3.18795905342541),
 .UNSPECIFIED.);
#121=B_SPLINE_CURVE_WITH_KNOTS('',3,(#5852,#5853,#5854,#5855,#5856,#5857),
 .UNSPECIFIED.,.F.,.F.,(4,2,4),(0.,0.346412695118635,0.645356497100778),
 .UNSPECIFIED.);
#122=B_SPLINE_CURVE_WITH_KNOTS('',3,(#5858,#5859,#5860,#5861),
 .UNSPECIFIED.,.F.,.F.,(4,4),(1.30148345851473,1.49927195016259),
 .UNSPECIFIED.);
#123=B_SPLINE_CURVE_WITH_KNOTS('',3,(#5871,#5872,#5873,#5874,#5875,#5876,
#5877,#5878,#5879,#5880,#5881,#5882,#5883),.UNSPECIFIED.,.F.,.F.,(4,3,3,
3,4),(-1.20201463524383,-0.957137166270704,-0.381318712371724,-0.0903375500828128,
0.),.UNSPECIFIED.);
#124=B_SPLINE_CURVE_WITH_KNOTS('',3,(#5885,#5886,#5887,#5888),
 .UNSPECIFIED.,.F.,.F.,(4,4),(-0.029524407940854,0.),.UNSPECIFIED.);
#125=B_SPLINE_CURVE_WITH_KNOTS('',3,(#5917,#5918,#5919,#5920,#5921,#5922),
 .UNSPECIFIED.,.F.,.F.,(4,2,4),(0.13531872391191,0.239259942742119,0.272140616508228),
 .UNSPECIFIED.);
#126=B_SPLINE_CURVE_WITH_KNOTS('',3,(#5924,#5925,#5926,#5927,#5928,#5929),
 .UNSPECIFIED.,.F.,.F.,(4,2,4),(0.338408976338074,0.401114193830031,0.599335701682346),
 .UNSPECIFIED.);
#127=B_SPLINE_CURVE_WITH_KNOTS('',3,(#5931,#5932,#5933,#5934,#5935,#5936),
 .UNSPECIFIED.,.F.,.F.,(4,2,4),(0.6,1.5,2.4),.UNSPECIFIED.);
#128=B_SPLINE_CURVE_WITH_KNOTS('',3,(#5963,#5964,#5965,#5966,#5967,#5968),
 .UNSPECIFIED.,.F.,.F.,(4,2,4),(-2.4,-1.5,-0.599999999999999),
 .UNSPECIFIED.);
#129=B_SPLINE_CURVE_WITH_KNOTS('',3,(#5972,#5973,#5974,#5975),
 .UNSPECIFIED.,.F.,.F.,(4,4),(-0.859249051027632,-0.564905527635516),
 .UNSPECIFIED.);
#130=B_SPLINE_CURVE_WITH_KNOTS('',3,(#5979,#5980,#5981,#5982),
 .UNSPECIFIED.,.F.,.F.,(4,4),(-0.329855936846153,-0.0433014389327319),
 .UNSPECIFIED.);
#131=B_SPLINE_CURVE_WITH_KNOTS('',3,(#6002,#6003,#6004,#6005),
 .UNSPECIFIED.,.F.,.F.,(4,4),(-0.484673852684007,-0.407025226368916),
 .UNSPECIFIED.);
#132=B_SPLINE_CURVE_WITH_KNOTS('',3,(#6006,#6007,#6008,#6009,#6010,#6011),
 .UNSPECIFIED.,.F.,.F.,(4,2,4),(-0.911427453001735,-0.605713726500867,-0.21860206276447),
 .UNSPECIFIED.);
#133=B_SPLINE_CURVE_WITH_KNOTS('',3,(#6032,#6033,#6034,#6035,#6036,#6037,
#6038),.UNSPECIFIED.,.F.,.F.,(4,3,4),(-0.376292319743885,-0.272533142692152,
-0.233358304505735),.UNSPECIFIED.);
#134=B_SPLINE_CURVE_WITH_KNOTS('',3,(#6053,#6054,#6055,#6056,#6057,#6058),
 .UNSPECIFIED.,.F.,.F.,(4,2,4),(-0.992825390237264,-0.605713726500867,-0.3),
 .UNSPECIFIED.);
#135=B_SPLINE_CURVE_WITH_KNOTS('',3,(#6059,#6060,#6061,#6062,#6063,#6064,
#6065),.UNSPECIFIED.,.F.,.F.,(4,3,4),(-0.44923411808763,-0.398265747948203,
-0.371928063058697),.UNSPECIFIED.);
#136=B_SPLINE_CURVE_WITH_KNOTS('',3,(#6086,#6087,#6088,#6089,#6090,#6091,
#6092),.UNSPECIFIED.,.F.,.F.,(4,3,4),(-0.292250951755627,-0.252605733383494,
-0.147636917288134),.UNSPECIFIED.);
#137=SHAPE_REPRESENTATION_RELATIONSHIP('SRR','None',#6322,#139);
#138=SHAPE_REPRESENTATION_RELATIONSHIP('SRR','None',#6321,#140);
#139=ADVANCED_BREP_SHAPE_REPRESENTATION('',(#147,#148,#149),#6310);
#140=ADVANCED_BREP_SHAPE_REPRESENTATION('',(#150),#6309);
#141=TOROIDAL_SURFACE('',#2921,1.5,1.);
#142=TOROIDAL_SURFACE('',#2940,1.5,1.);
#143=STYLED_ITEM('',(#6336),#147);
#144=STYLED_ITEM('',(#6336),#148);
#145=STYLED_ITEM('',(#6336),#149);
#146=STYLED_ITEM('',(#6336),#150);
#147=MANIFOLD_SOLID_BREP('bracket',#2822);
#148=MANIFOLD_SOLID_BREP('mount1',#2823);
#149=MANIFOLD_SOLID_BREP('mount2',#2824);
#150=MANIFOLD_SOLID_BREP('body',#2825);
#151=FACE_BOUND('',#451,.T.);
#152=FACE_BOUND('',#456,.T.);
#153=FACE_BOUND('',#464,.T.);
#154=FACE_BOUND('',#469,.T.);
#155=FACE_BOUND('',#476,.T.);
#156=FACE_BOUND('',#477,.T.);
#157=FACE_BOUND('',#480,.T.);
#158=FACE_BOUND('',#481,.T.);
#159=FACE_BOUND('',#484,.T.);
#160=FACE_BOUND('',#485,.T.);
#161=FACE_BOUND('',#487,.T.);
#162=FACE_BOUND('',#488,.T.);
#163=FACE_BOUND('',#507,.T.);
#164=FACE_BOUND('',#514,.T.);
#165=FACE_BOUND('',#519,.T.);
#166=FACE_BOUND('',#526,.T.);
#167=FACE_BOUND('',#535,.T.);
#168=FACE_BOUND('',#572,.T.);
#169=FACE_BOUND('',#574,.T.);
#170=FACE_BOUND('',#578,.T.);
#171=FACE_BOUND('',#580,.T.);
#172=FACE_BOUND('',#581,.T.);
#173=FACE_BOUND('',#583,.T.);
#174=FACE_BOUND('',#610,.T.);
#175=FACE_BOUND('',#613,.T.);
#176=FACE_BOUND('',#616,.T.);
#177=FACE_BOUND('',#617,.T.);
#178=FACE_BOUND('',#621,.T.);
#179=FACE_BOUND('',#622,.T.);
#180=FACE_BOUND('',#623,.T.);
#181=FACE_BOUND('',#624,.T.);
#182=CIRCLE('',#2842,1.8);
#183=CIRCLE('',#2843,1.8);
#184=CIRCLE('',#2846,8.5);
#185=CIRCLE('',#2847,1.1);
#186=CIRCLE('',#2849,1.8);
#187=CIRCLE('',#2850,1.8);
#188=CIRCLE('',#2854,8.5);
#189=CIRCLE('',#2855,1.);
#190=CIRCLE('',#2857,1.);
#191=CIRCLE('',#2858,1.);
#192=CIRCLE('',#2861,8.5);
#193=CIRCLE('',#2862,8.5);
#194=CIRCLE('',#2866,1.8);
#195=CIRCLE('',#2867,1.8);
#196=CIRCLE('',#2869,8.5);
#197=CIRCLE('',#2870,1.1);
#198=CIRCLE('',#2873,1.8);
#199=CIRCLE('',#2874,1.8);
#200=CIRCLE('',#2877,8.5);
#201=CIRCLE('',#2878,1.);
#202=CIRCLE('',#2880,8.5);
#203=CIRCLE('',#2882,1.);
#204=CIRCLE('',#2883,1.);
#205=CIRCLE('',#2886,8.5);
#206=CIRCLE('',#2888,8.5);
#207=CIRCLE('',#2889,8.50000000000003);
#208=CIRCLE('',#2891,1.);
#209=CIRCLE('',#2892,1.1);
#210=CIRCLE('',#2895,1.00000000000001);
#211=CIRCLE('',#2896,1.1);
#212=CIRCLE('',#2899,1.);
#213=CIRCLE('',#2900,1.1);
#214=CIRCLE('',#2902,1.);
#215=CIRCLE('',#2903,1.1);
#216=CIRCLE('',#2919,1.);
#217=CIRCLE('',#2920,1.);
#218=CIRCLE('',#2922,1.);
#219=CIRCLE('',#2923,1.5);
#220=CIRCLE('',#2924,2.5);
#221=CIRCLE('',#2926,1.);
#222=CIRCLE('',#2928,0.850000000000004);
#223=CIRCLE('',#2930,0.850000000000004);
#224=CIRCLE('',#2935,2.5);
#225=CIRCLE('',#2938,1.);
#226=CIRCLE('',#2939,1.);
#227=CIRCLE('',#2941,1.);
#228=CIRCLE('',#2942,1.5);
#229=CIRCLE('',#2943,2.5);
#230=CIRCLE('',#2945,1.);
#231=CIRCLE('',#2947,0.850000000000004);
#232=CIRCLE('',#2949,0.850000000000004);
#233=CIRCLE('',#2951,2.5);
#234=CIRCLE('',#2960,8.);
#235=CIRCLE('',#2962,0.499999999999436);
#236=CIRCLE('',#2963,0.500000000001743);
#237=CIRCLE('',#2966,8.);
#238=CIRCLE('',#2967,8.);
#239=CIRCLE('',#2974,8.);
#240=CIRCLE('',#2979,1.1);
#241=CIRCLE('',#2980,1.1);
#242=CIRCLE('',#2982,1.1);
#243=CIRCLE('',#2983,1.1);
#244=CIRCLE('',#2997,10.);
#245=CIRCLE('',#2998,10.);
#246=CIRCLE('',#3000,1.1);
#247=CIRCLE('',#3001,1.1);
#248=CIRCLE('',#3003,10.);
#249=CIRCLE('',#3004,10.);
#250=CIRCLE('',#3008,1.1);
#251=CIRCLE('',#3010,1.1);
#252=CIRCLE('',#3012,10.);
#253=CIRCLE('',#3016,10.);
#254=CIRCLE('',#3027,8.);
#255=CIRCLE('',#3029,8.);
#256=CYLINDRICAL_SURFACE('',#2841,1.8);
#257=CYLINDRICAL_SURFACE('',#2848,1.8);
#258=CYLINDRICAL_SURFACE('',#2860,8.5);
#259=CYLINDRICAL_SURFACE('',#2865,1.8);
#260=CYLINDRICAL_SURFACE('',#2872,1.8);
#261=CYLINDRICAL_SURFACE('',#2885,8.5);
#262=CYLINDRICAL_SURFACE('',#2887,8.5);
#263=CYLINDRICAL_SURFACE('',#2904,1.1);
#264=CYLINDRICAL_SURFACE('',#2905,1.1);
#265=CYLINDRICAL_SURFACE('',#2906,1.1);
#266=CYLINDRICAL_SURFACE('',#2907,1.);
#267=CYLINDRICAL_SURFACE('',#2908,1.);
#268=CYLINDRICAL_SURFACE('',#2909,1.);
#269=CYLINDRICAL_SURFACE('',#2910,1.);
#270=CYLINDRICAL_SURFACE('',#2911,1.);
#271=CYLINDRICAL_SURFACE('',#2918,1.);
#272=CYLINDRICAL_SURFACE('',#2925,1.);
#273=CYLINDRICAL_SURFACE('',#2929,0.850000000000004);
#274=CYLINDRICAL_SURFACE('',#2934,2.5);
#275=CYLINDRICAL_SURFACE('',#2937,1.);
#276=CYLINDRICAL_SURFACE('',#2944,1.);
#277=CYLINDRICAL_SURFACE('',#2948,0.850000000000004);
#278=CYLINDRICAL_SURFACE('',#2950,2.5);
#279=CYLINDRICAL_SURFACE('',#2956,0.5);
#280=CYLINDRICAL_SURFACE('',#2957,0.5);
#281=CYLINDRICAL_SURFACE('',#2958,0.5);
#282=CYLINDRICAL_SURFACE('',#2965,8.);
#283=CYLINDRICAL_SURFACE('',#2968,0.5);
#284=CYLINDRICAL_SURFACE('',#2969,0.5);
#285=CYLINDRICAL_SURFACE('',#2971,0.5);
#286=CYLINDRICAL_SURFACE('',#2975,0.5);
#287=CYLINDRICAL_SURFACE('',#2976,0.5);
#288=CYLINDRICAL_SURFACE('',#2978,1.1);
#289=CYLINDRICAL_SURFACE('',#2981,1.1);
#290=CYLINDRICAL_SURFACE('',#3007,1.1);
#291=CYLINDRICAL_SURFACE('',#3009,1.1);
#292=CYLINDRICAL_SURFACE('',#3011,10.);
#293=CYLINDRICAL_SURFACE('',#3013,10.);
#294=CYLINDRICAL_SURFACE('',#3015,10.);
#295=CYLINDRICAL_SURFACE('',#3018,10.);
#296=CYLINDRICAL_SURFACE('',#3023,8.);
#297=CYLINDRICAL_SURFACE('',#3028,8.);
#298=FACE_OUTER_BOUND('',#447,.T.);
#299=FACE_OUTER_BOUND('',#448,.T.);
#300=FACE_OUTER_BOUND('',#449,.T.);
#301=FACE_OUTER_BOUND('',#450,.T.);
#302=FACE_OUTER_BOUND('',#452,.T.);
#303=FACE_OUTER_BOUND('',#453,.T.);
#304=FACE_OUTER_BOUND('',#454,.T.);
#305=FACE_OUTER_BOUND('',#455,.T.);
#306=FACE_OUTER_BOUND('',#457,.T.);
#307=FACE_OUTER_BOUND('',#458,.T.);
#308=FACE_OUTER_BOUND('',#459,.T.);
#309=FACE_OUTER_BOUND('',#460,.T.);
#310=FACE_OUTER_BOUND('',#461,.T.);
#311=FACE_OUTER_BOUND('',#462,.T.);
#312=FACE_OUTER_BOUND('',#463,.T.);
#313=FACE_OUTER_BOUND('',#465,.T.);
#314=FACE_OUTER_BOUND('',#466,.T.);
#315=FACE_OUTER_BOUND('',#467,.T.);
#316=FACE_OUTER_BOUND('',#468,.T.);
#317=FACE_OUTER_BOUND('',#470,.T.);
#318=FACE_OUTER_BOUND('',#471,.T.);
#319=FACE_OUTER_BOUND('',#472,.T.);
#320=FACE_OUTER_BOUND('',#473,.T.);
#321=FACE_OUTER_BOUND('',#474,.T.);
#322=FACE_OUTER_BOUND('',#475,.T.);
#323=FACE_OUTER_BOUND('',#478,.T.);
#324=FACE_OUTER_BOUND('',#479,.T.);
#325=FACE_OUTER_BOUND('',#482,.T.);
#326=FACE_OUTER_BOUND('',#483,.T.);
#327=FACE_OUTER_BOUND('',#486,.T.);
#328=FACE_OUTER_BOUND('',#489,.T.);
#329=FACE_OUTER_BOUND('',#490,.T.);
#330=FACE_OUTER_BOUND('',#491,.T.);
#331=FACE_OUTER_BOUND('',#492,.T.);
#332=FACE_OUTER_BOUND('',#493,.T.);
#333=FACE_OUTER_BOUND('',#494,.T.);
#334=FACE_OUTER_BOUND('',#495,.T.);
#335=FACE_OUTER_BOUND('',#496,.T.);
#336=FACE_OUTER_BOUND('',#497,.T.);
#337=FACE_OUTER_BOUND('',#498,.T.);
#338=FACE_OUTER_BOUND('',#499,.T.);
#339=FACE_OUTER_BOUND('',#500,.T.);
#340=FACE_OUTER_BOUND('',#501,.T.);
#341=FACE_OUTER_BOUND('',#502,.T.);
#342=FACE_OUTER_BOUND('',#503,.T.);
#343=FACE_OUTER_BOUND('',#504,.T.);
#344=FACE_OUTER_BOUND('',#505,.T.);
#345=FACE_OUTER_BOUND('',#506,.T.);
#346=FACE_OUTER_BOUND('',#508,.T.);
#347=FACE_OUTER_BOUND('',#509,.T.);
#348=FACE_OUTER_BOUND('',#510,.T.);
#349=FACE_OUTER_BOUND('',#511,.T.);
#350=FACE_OUTER_BOUND('',#512,.T.);
#351=FACE_OUTER_BOUND('',#513,.T.);
#352=FACE_OUTER_BOUND('',#515,.T.);
#353=FACE_OUTER_BOUND('',#516,.T.);
#354=FACE_OUTER_BOUND('',#517,.T.);
#355=FACE_OUTER_BOUND('',#518,.T.);
#356=FACE_OUTER_BOUND('',#520,.T.);
#357=FACE_OUTER_BOUND('',#521,.T.);
#358=FACE_OUTER_BOUND('',#522,.T.);
#359=FACE_OUTER_BOUND('',#523,.T.);
#360=FACE_OUTER_BOUND('',#524,.T.);
#361=FACE_OUTER_BOUND('',#525,.T.);
#362=FACE_OUTER_BOUND('',#527,.T.);
#363=FACE_OUTER_BOUND('',#528,.T.);
#364=FACE_OUTER_BOUND('',#529,.T.);
#365=FACE_OUTER_BOUND('',#530,.T.);
#366=FACE_OUTER_BOUND('',#531,.T.);
#367=FACE_OUTER_BOUND('',#532,.T.);
#368=FACE_OUTER_BOUND('',#533,.T.);
#369=FACE_OUTER_BOUND('',#534,.T.);
#370=FACE_OUTER_BOUND('',#536,.T.);
#371=FACE_OUTER_BOUND('',#537,.T.);
#372=FACE_OUTER_BOUND('',#538,.T.);
#373=FACE_OUTER_BOUND('',#539,.T.);
#374=FACE_OUTER_BOUND('',#540,.T.);
#375=FACE_OUTER_BOUND('',#541,.T.);
#376=FACE_OUTER_BOUND('',#542,.T.);
#377=FACE_OUTER_BOUND('',#543,.T.);
#378=FACE_OUTER_BOUND('',#544,.T.);
#379=FACE_OUTER_BOUND('',#545,.T.);
#380=FACE_OUTER_BOUND('',#546,.T.);
#381=FACE_OUTER_BOUND('',#547,.T.);
#382=FACE_OUTER_BOUND('',#548,.T.);
#383=FACE_OUTER_BOUND('',#549,.T.);
#384=FACE_OUTER_BOUND('',#550,.T.);
#385=FACE_OUTER_BOUND('',#551,.T.);
#386=FACE_OUTER_BOUND('',#552,.T.);
#387=FACE_OUTER_BOUND('',#553,.T.);
#388=FACE_OUTER_BOUND('',#554,.T.);
#389=FACE_OUTER_BOUND('',#555,.T.);
#390=FACE_OUTER_BOUND('',#556,.T.);
#391=FACE_OUTER_BOUND('',#557,.T.);
#392=FACE_OUTER_BOUND('',#558,.T.);
#393=FACE_OUTER_BOUND('',#559,.T.);
#394=FACE_OUTER_BOUND('',#560,.T.);
#395=FACE_OUTER_BOUND('',#561,.T.);
#396=FACE_OUTER_BOUND('',#562,.T.);
#397=FACE_OUTER_BOUND('',#563,.T.);
#398=FACE_OUTER_BOUND('',#564,.T.);
#399=FACE_OUTER_BOUND('',#565,.T.);
#400=FACE_OUTER_BOUND('',#566,.T.);
#401=FACE_OUTER_BOUND('',#567,.T.);
#402=FACE_OUTER_BOUND('',#568,.T.);
#403=FACE_OUTER_BOUND('',#569,.T.);
#404=FACE_OUTER_BOUND('',#570,.T.);
#405=FACE_OUTER_BOUND('',#571,.T.);
#406=FACE_OUTER_BOUND('',#573,.T.);
#407=FACE_OUTER_BOUND('',#575,.T.);
#408=FACE_OUTER_BOUND('',#576,.T.);
#409=FACE_OUTER_BOUND('',#577,.T.);
#410=FACE_OUTER_BOUND('',#579,.T.);
#411=FACE_OUTER_BOUND('',#582,.T.);
#412=FACE_OUTER_BOUND('',#584,.T.);
#413=FACE_OUTER_BOUND('',#585,.T.);
#414=FACE_OUTER_BOUND('',#586,.T.);
#415=FACE_OUTER_BOUND('',#587,.T.);
#416=FACE_OUTER_BOUND('',#588,.T.);
#417=FACE_OUTER_BOUND('',#589,.T.);
#418=FACE_OUTER_BOUND('',#590,.T.);
#419=FACE_OUTER_BOUND('',#591,.T.);
#420=FACE_OUTER_BOUND('',#592,.T.);
#421=FACE_OUTER_BOUND('',#593,.T.);
#422=FACE_OUTER_BOUND('',#594,.T.);
#423=FACE_OUTER_BOUND('',#595,.T.);
#424=FACE_OUTER_BOUND('',#596,.T.);
#425=FACE_OUTER_BOUND('',#597,.T.);
#426=FACE_OUTER_BOUND('',#598,.T.);
#427=FACE_OUTER_BOUND('',#599,.T.);
#428=FACE_OUTER_BOUND('',#600,.T.);
#429=FACE_OUTER_BOUND('',#601,.T.);
#430=FACE_OUTER_BOUND('',#602,.T.);
#431=FACE_OUTER_BOUND('',#603,.T.);
#432=FACE_OUTER_BOUND('',#604,.T.);
#433=FACE_OUTER_BOUND('',#605,.T.);
#434=FACE_OUTER_BOUND('',#606,.T.);
#435=FACE_OUTER_BOUND('',#607,.T.);
#436=FACE_OUTER_BOUND('',#608,.T.);
#437=FACE_OUTER_BOUND('',#609,.T.);
#438=FACE_OUTER_BOUND('',#611,.T.);
#439=FACE_OUTER_BOUND('',#612,.T.);
#440=FACE_OUTER_BOUND('',#614,.T.);
#441=FACE_OUTER_BOUND('',#615,.T.);
#442=FACE_OUTER_BOUND('',#618,.T.);
#443=FACE_OUTER_BOUND('',#619,.T.);
#444=FACE_OUTER_BOUND('',#620,.T.);
#445=FACE_OUTER_BOUND('',#625,.T.);
#446=FACE_OUTER_BOUND('',#626,.T.);
#447=EDGE_LOOP('',(#1783,#1784,#1785,#1786));
#448=EDGE_LOOP('',(#1787,#1788,#1789,#1790));
#449=EDGE_LOOP('',(#1791,#1792,#1793,#1794));
#450=EDGE_LOOP('',(#1795,#1796,#1797,#1798,#1799,#1800));
#451=EDGE_LOOP('',(#1801));
#452=EDGE_LOOP('',(#1802,#1803,#1804,#1805));
#453=EDGE_LOOP('',(#1806,#1807,#1808,#1809));
#454=EDGE_LOOP('',(#1810,#1811,#1812,#1813));
#455=EDGE_LOOP('',(#1814,#1815,#1816,#1817,#1818,#1819));
#456=EDGE_LOOP('',(#1820));
#457=EDGE_LOOP('',(#1821,#1822,#1823,#1824,#1825,#1826,#1827,#1828,#1829,
#1830,#1831,#1832,#1833,#1834,#1835,#1836,#1837,#1838));
#458=EDGE_LOOP('',(#1839,#1840,#1841,#1842));
#459=EDGE_LOOP('',(#1843,#1844,#1845,#1846,#1847,#1848,#1849,#1850));
#460=EDGE_LOOP('',(#1851,#1852,#1853,#1854));
#461=EDGE_LOOP('',(#1855,#1856,#1857,#1858));
#462=EDGE_LOOP('',(#1859,#1860,#1861,#1862));
#463=EDGE_LOOP('',(#1863,#1864,#1865,#1866,#1867,#1868));
#464=EDGE_LOOP('',(#1869));
#465=EDGE_LOOP('',(#1870,#1871,#1872,#1873));
#466=EDGE_LOOP('',(#1874,#1875,#1876,#1877));
#467=EDGE_LOOP('',(#1878,#1879,#1880,#1881));
#468=EDGE_LOOP('',(#1882,#1883,#1884,#1885,#1886,#1887));
#469=EDGE_LOOP('',(#1888));
#470=EDGE_LOOP('',(#1889,#1890,#1891,#1892,#1893,#1894,#1895,#1896,#1897,
#1898));
#471=EDGE_LOOP('',(#1899,#1900,#1901,#1902,#1903,#1904,#1905,#1906,#1907,
#1908,#1909,#1910,#1911,#1912,#1913,#1914,#1915,#1916));
#472=EDGE_LOOP('',(#1917,#1918,#1919,#1920));
#473=EDGE_LOOP('',(#1921,#1922,#1923,#1924,#1925,#1926,#1927,#1928));
#474=EDGE_LOOP('',(#1929,#1930,#1931,#1932));
#475=EDGE_LOOP('',(#1933,#1934,#1935,#1936,#1937,#1938));
#476=EDGE_LOOP('',(#1939));
#477=EDGE_LOOP('',(#1940));
#478=EDGE_LOOP('',(#1941,#1942,#1943,#1944));
#479=EDGE_LOOP('',(#1945,#1946,#1947,#1948,#1949,#1950));
#480=EDGE_LOOP('',(#1951));
#481=EDGE_LOOP('',(#1952));
#482=EDGE_LOOP('',(#1953,#1954,#1955,#1956,#1957,#1958,#1959,#1960,#1961,
#1962));
#483=EDGE_LOOP('',(#1963,#1964,#1965,#1966,#1967,#1968));
#484=EDGE_LOOP('',(#1969));
#485=EDGE_LOOP('',(#1970));
#486=EDGE_LOOP('',(#1971,#1972,#1973,#1974,#1975,#1976));
#487=EDGE_LOOP('',(#1977));
#488=EDGE_LOOP('',(#1978));
#489=EDGE_LOOP('',(#1979,#1980,#1981,#1982));
#490=EDGE_LOOP('',(#1983,#1984,#1985,#1986));
#491=EDGE_LOOP('',(#1987,#1988,#1989,#1990));
#492=EDGE_LOOP('',(#1991,#1992,#1993,#1994));
#493=EDGE_LOOP('',(#1995,#1996,#1997,#1998));
#494=EDGE_LOOP('',(#1999,#2000,#2001,#2002));
#495=EDGE_LOOP('',(#2003,#2004,#2005,#2006));
#496=EDGE_LOOP('',(#2007,#2008,#2009,#2010));
#497=EDGE_LOOP('',(#2011,#2012,#2013,#2014));
#498=EDGE_LOOP('',(#2015,#2016,#2017,#2018));
#499=EDGE_LOOP('',(#2019,#2020,#2021,#2022));
#500=EDGE_LOOP('',(#2023,#2024,#2025,#2026));
#501=EDGE_LOOP('',(#2027,#2028,#2029,#2030));
#502=EDGE_LOOP('',(#2031,#2032,#2033,#2034));
#503=EDGE_LOOP('',(#2035,#2036,#2037,#2038));
#504=EDGE_LOOP('',(#2039,#2040,#2041,#2042));
#505=EDGE_LOOP('',(#2043,#2044,#2045,#2046));
#506=EDGE_LOOP('',(#2047,#2048,#2049,#2050));
#507=EDGE_LOOP('',(#2051));
#508=EDGE_LOOP('',(#2052,#2053,#2054,#2055));
#509=EDGE_LOOP('',(#2056,#2057,#2058,#2059));
#510=EDGE_LOOP('',(#2060,#2061,#2062,#2063,#2064,#2065));
#511=EDGE_LOOP('',(#2066,#2067,#2068,#2069));
#512=EDGE_LOOP('',(#2070,#2071,#2072,#2073));
#513=EDGE_LOOP('',(#2074,#2075,#2076,#2077));
#514=EDGE_LOOP('',(#2078));
#515=EDGE_LOOP('',(#2079,#2080,#2081,#2082));
#516=EDGE_LOOP('',(#2083,#2084,#2085,#2086));
#517=EDGE_LOOP('',(#2087,#2088,#2089,#2090));
#518=EDGE_LOOP('',(#2091,#2092,#2093,#2094));
#519=EDGE_LOOP('',(#2095));
#520=EDGE_LOOP('',(#2096,#2097,#2098,#2099));
#521=EDGE_LOOP('',(#2100,#2101,#2102,#2103));
#522=EDGE_LOOP('',(#2104,#2105,#2106,#2107));
#523=EDGE_LOOP('',(#2108,#2109,#2110,#2111,#2112,#2113));
#524=EDGE_LOOP('',(#2114,#2115,#2116,#2117));
#525=EDGE_LOOP('',(#2118,#2119,#2120,#2121));
#526=EDGE_LOOP('',(#2122));
#527=EDGE_LOOP('',(#2123,#2124,#2125,#2126,#2127));
#528=EDGE_LOOP('',(#2128,#2129,#2130,#2131,#2132));
#529=EDGE_LOOP('',(#2133,#2134,#2135,#2136));
#530=EDGE_LOOP('',(#2137,#2138,#2139,#2140,#2141));
#531=EDGE_LOOP('',(#2142,#2143,#2144,#2145));
#532=EDGE_LOOP('',(#2146,#2147,#2148,#2149,#2150));
#533=EDGE_LOOP('',(#2151,#2152,#2153,#2154));
#534=EDGE_LOOP('',(#2155,#2156,#2157,#2158,#2159,#2160,#2161));
#535=EDGE_LOOP('',(#2162,#2163,#2164,#2165,#2166,#2167));
#536=EDGE_LOOP('',(#2168,#2169,#2170,#2171,#2172,#2173));
#537=EDGE_LOOP('',(#2174,#2175,#2176,#2177,#2178,#2179,#2180,#2181,#2182,
#2183));
#538=EDGE_LOOP('',(#2184,#2185,#2186,#2187,#2188,#2189));
#539=EDGE_LOOP('',(#2190,#2191,#2192,#2193));
#540=EDGE_LOOP('',(#2194,#2195,#2196,#2197));
#541=EDGE_LOOP('',(#2198,#2199,#2200,#2201,#2202));
#542=EDGE_LOOP('',(#2203,#2204,#2205,#2206,#2207));
#543=EDGE_LOOP('',(#2208,#2209,#2210,#2211));
#544=EDGE_LOOP('',(#2212,#2213,#2214,#2215,#2216,#2217));
#545=EDGE_LOOP('',(#2218,#2219,#2220,#2221,#2222,#2223));
#546=EDGE_LOOP('',(#2224,#2225,#2226,#2227,#2228,#2229));
#547=EDGE_LOOP('',(#2230,#2231,#2232,#2233,#2234,#2235));
#548=EDGE_LOOP('',(#2236,#2237,#2238,#2239));
#549=EDGE_LOOP('',(#2240,#2241,#2242,#2243));
#550=EDGE_LOOP('',(#2244,#2245,#2246,#2247));
#551=EDGE_LOOP('',(#2248,#2249,#2250,#2251));
#552=EDGE_LOOP('',(#2252,#2253,#2254,#2255));
#553=EDGE_LOOP('',(#2256,#2257,#2258,#2259,#2260,#2261));
#554=EDGE_LOOP('',(#2262,#2263,#2264,#2265));
#555=EDGE_LOOP('',(#2266,#2267,#2268,#2269));
#556=EDGE_LOOP('',(#2270,#2271,#2272,#2273,#2274,#2275,#2276,#2277));
#557=EDGE_LOOP('',(#2278,#2279,#2280,#2281));
#558=EDGE_LOOP('',(#2282,#2283,#2284,#2285,#2286,#2287,#2288,#2289,#2290,
#2291,#2292,#2293,#2294,#2295));
#559=EDGE_LOOP('',(#2296,#2297,#2298,#2299));
#560=EDGE_LOOP('',(#2300,#2301,#2302,#2303));
#561=EDGE_LOOP('',(#2304,#2305,#2306,#2307));
#562=EDGE_LOOP('',(#2308,#2309,#2310,#2311));
#563=EDGE_LOOP('',(#2312,#2313,#2314,#2315));
#564=EDGE_LOOP('',(#2316,#2317,#2318,#2319));
#565=EDGE_LOOP('',(#2320,#2321,#2322,#2323));
#566=EDGE_LOOP('',(#2324,#2325,#2326,#2327));
#567=EDGE_LOOP('',(#2328,#2329,#2330,#2331));
#568=EDGE_LOOP('',(#2332,#2333,#2334,#2335));
#569=EDGE_LOOP('',(#2336,#2337,#2338,#2339));
#570=EDGE_LOOP('',(#2340,#2341,#2342,#2343));
#571=EDGE_LOOP('',(#2344,#2345,#2346,#2347));
#572=EDGE_LOOP('',(#2348));
#573=EDGE_LOOP('',(#2349,#2350,#2351,#2352));
#574=EDGE_LOOP('',(#2353));
#575=EDGE_LOOP('',(#2354,#2355,#2356,#2357));
#576=EDGE_LOOP('',(#2358,#2359,#2360,#2361));
#577=EDGE_LOOP('',(#2362,#2363,#2364,#2365,#2366,#2367,#2368,#2369));
#578=EDGE_LOOP('',(#2370,#2371,#2372,#2373,#2374,#2375));
#579=EDGE_LOOP('',(#2376,#2377,#2378,#2379,#2380,#2381,#2382,#2383,#2384,
#2385,#2386,#2387,#2388,#2389));
#580=EDGE_LOOP('',(#2390));
#581=EDGE_LOOP('',(#2391));
#582=EDGE_LOOP('',(#2392,#2393,#2394,#2395,#2396,#2397,#2398,#2399));
#583=EDGE_LOOP('',(#2400,#2401,#2402,#2403,#2404,#2405));
#584=EDGE_LOOP('',(#2406,#2407,#2408,#2409,#2410,#2411,#2412,#2413));
#585=EDGE_LOOP('',(#2414,#2415,#2416,#2417));
#586=EDGE_LOOP('',(#2418,#2419,#2420,#2421,#2422));
#587=EDGE_LOOP('',(#2423,#2424,#2425,#2426));
#588=EDGE_LOOP('',(#2427,#2428,#2429,#2430));
#589=EDGE_LOOP('',(#2431,#2432,#2433,#2434));
#590=EDGE_LOOP('',(#2435,#2436,#2437,#2438));
#591=EDGE_LOOP('',(#2439,#2440,#2441,#2442,#2443));
#592=EDGE_LOOP('',(#2444,#2445,#2446,#2447));
#593=EDGE_LOOP('',(#2448,#2449,#2450,#2451));
#594=EDGE_LOOP('',(#2452,#2453,#2454,#2455));
#595=EDGE_LOOP('',(#2456,#2457,#2458,#2459));
#596=EDGE_LOOP('',(#2460,#2461,#2462,#2463,#2464));
#597=EDGE_LOOP('',(#2465,#2466,#2467,#2468));
#598=EDGE_LOOP('',(#2469,#2470,#2471));
#599=EDGE_LOOP('',(#2472,#2473,#2474));
#600=EDGE_LOOP('',(#2475,#2476,#2477,#2478,#2479));
#601=EDGE_LOOP('',(#2480,#2481,#2482,#2483,#2484));
#602=EDGE_LOOP('',(#2485,#2486,#2487,#2488));
#603=EDGE_LOOP('',(#2489,#2490,#2491,#2492));
#604=EDGE_LOOP('',(#2493,#2494,#2495,#2496,#2497,#2498));
#605=EDGE_LOOP('',(#2499,#2500,#2501,#2502,#2503));
#606=EDGE_LOOP('',(#2504,#2505,#2506,#2507));
#607=EDGE_LOOP('',(#2508,#2509,#2510,#2511,#2512));
#608=EDGE_LOOP('',(#2513,#2514,#2515,#2516,#2517));
#609=EDGE_LOOP('',(#2518,#2519,#2520,#2521,#2522,#2523,#2524));
#610=EDGE_LOOP('',(#2525,#2526,#2527,#2528,#2529,#2530));
#611=EDGE_LOOP('',(#2531,#2532,#2533,#2534,#2535));
#612=EDGE_LOOP('',(#2536,#2537,#2538,#2539,#2540,#2541));
#613=EDGE_LOOP('',(#2542));
#614=EDGE_LOOP('',(#2543,#2544,#2545,#2546));
#615=EDGE_LOOP('',(#2547));
#616=EDGE_LOOP('',(#2548));
#617=EDGE_LOOP('',(#2549));
#618=EDGE_LOOP('',(#2550,#2551,#2552,#2553,#2554,#2555));
#619=EDGE_LOOP('',(#2556,#2557,#2558,#2559,#2560,#2561));
#620=EDGE_LOOP('',(#2562,#2563,#2564,#2565,#2566,#2567,#2568,#2569,#2570,
#2571));
#621=EDGE_LOOP('',(#2572));
#622=EDGE_LOOP('',(#2573));
#623=EDGE_LOOP('',(#2574,#2575,#2576,#2577,#2578,#2579,#2580,#2581));
#624=EDGE_LOOP('',(#2582,#2583,#2584,#2585,#2586));
#625=EDGE_LOOP('',(#2587,#2588,#2589,#2590,#2591,#2592));
#626=EDGE_LOOP('',(#2593,#2594,#2595,#2596));
#627=LINE('',#3680,#867);
#628=LINE('',#3682,#868);
#629=LINE('',#3684,#869);
#630=LINE('',#3685,#870);
#631=LINE('',#3691,#871);
#632=LINE('',#3694,#872);
#633=LINE('',#3696,#873);
#634=LINE('',#3697,#874);
#635=LINE('',#3700,#875);
#636=LINE('',#3702,#876);
#637=LINE('',#3711,#877);
#638=LINE('',#3714,#878);
#639=LINE('',#3717,#879);
#640=LINE('',#3719,#880);
#641=LINE('',#3720,#881);
#642=LINE('',#3723,#882);
#643=LINE('',#3725,#883);
#644=LINE('',#3726,#884);
#645=LINE('',#3731,#885);
#646=LINE('',#3732,#886);
#647=LINE('',#3737,#887);
#648=LINE('',#3741,#888);
#649=LINE('',#3745,#889);
#650=LINE('',#3747,#890);
#651=LINE('',#3749,#891);
#652=LINE('',#3751,#892);
#653=LINE('',#3753,#893);
#654=LINE('',#3755,#894);
#655=LINE('',#3757,#895);
#656=LINE('',#3759,#896);
#657=LINE('',#3761,#897);
#658=LINE('',#3763,#898);
#659=LINE('',#3765,#899);
#660=LINE('',#3766,#900);
#661=LINE('',#3769,#901);
#662=LINE('',#3770,#902);
#663=LINE('',#3774,#903);
#664=LINE('',#3778,#904);
#665=LINE('',#3780,#905);
#666=LINE('',#3781,#906);
#667=LINE('',#3785,#907);
#668=LINE('',#3787,#908);
#669=LINE('',#3789,#909);
#670=LINE('',#3790,#910);
#671=LINE('',#3797,#911);
#672=LINE('',#3803,#912);
#673=LINE('',#3805,#913);
#674=LINE('',#3807,#914);
#675=LINE('',#3808,#915);
#676=LINE('',#3814,#916);
#677=LINE('',#3817,#917);
#678=LINE('',#3819,#918);
#679=LINE('',#3820,#919);
#680=LINE('',#3824,#920);
#681=LINE('',#3826,#921);
#682=LINE('',#3831,#922);
#683=LINE('',#3832,#923);
#684=LINE('',#3836,#924);
#685=LINE('',#3838,#925);
#686=LINE('',#3840,#926);
#687=LINE('',#3842,#927);
#688=LINE('',#3844,#928);
#689=LINE('',#3846,#929);
#690=LINE('',#3848,#930);
#691=LINE('',#3850,#931);
#692=LINE('',#3851,#932);
#693=LINE('',#3855,#933);
#694=LINE('',#3858,#934);
#695=LINE('',#3861,#935);
#696=LINE('',#3862,#936);
#697=LINE('',#3866,#937);
#698=LINE('',#3872,#938);
#699=LINE('',#3875,#939);
#700=LINE('',#3877,#940);
#701=LINE('',#3878,#941);
#702=LINE('',#3879,#942);
#703=LINE('',#3885,#943);
#704=LINE('',#3887,#944);
#705=LINE('',#3888,#945);
#706=LINE('',#3894,#946);
#707=LINE('',#3896,#947);
#708=LINE('',#3897,#948);
#709=LINE('',#3903,#949);
#710=LINE('',#3904,#950);
#711=LINE('',#3910,#951);
#712=LINE('',#3912,#952);
#713=LINE('',#3914,#953);
#714=LINE('',#3916,#954);
#715=LINE('',#3918,#955);
#716=LINE('',#3920,#956);
#717=LINE('',#3922,#957);
#718=LINE('',#3924,#958);
#719=LINE('',#3936,#959);
#720=LINE('',#3939,#960);
#721=LINE('',#3950,#961);
#722=LINE('',#3951,#962);
#723=LINE('',#3953,#963);
#724=LINE('',#3958,#964);
#725=LINE('',#3962,#965);
#726=LINE('',#3964,#966);
#727=LINE('',#3965,#967);
#728=LINE('',#3968,#968);
#729=LINE('',#3969,#969);
#730=LINE('',#3972,#970);
#731=LINE('',#3973,#971);
#732=LINE('',#3982,#972);
#733=LINE('',#3985,#973);
#734=LINE('',#3996,#974);
#735=LINE('',#3997,#975);
#736=LINE('',#3999,#976);
#737=LINE('',#4004,#977);
#738=LINE('',#4008,#978);
#739=LINE('',#4011,#979);
#740=LINE('',#4014,#980);
#741=LINE('',#4015,#981);
#742=LINE('',#4018,#982);
#743=LINE('',#4019,#983);
#744=LINE('',#4021,#984);
#745=LINE('',#4026,#985);
#746=LINE('',#4077,#986);
#747=LINE('',#4186,#987);
#748=LINE('',#4231,#988);
#749=LINE('',#4235,#989);
#750=LINE('',#4252,#990);
#751=LINE('',#4539,#991);
#752=LINE('',#4541,#992);
#753=LINE('',#4542,#993);
#754=LINE('',#4545,#994);
#755=LINE('',#4547,#995);
#756=LINE('',#4549,#996);
#757=LINE('',#4551,#997);
#758=LINE('',#4553,#998);
#759=LINE('',#4554,#999);
#760=LINE('',#4596,#1000);
#761=LINE('',#4644,#1001);
#762=LINE('',#4647,#1002);
#763=LINE('',#4649,#1003);
#764=LINE('',#4657,#1004);
#765=LINE('',#4699,#1005);
#766=LINE('',#5061,#1006);
#767=LINE('',#5071,#1007);
#768=LINE('',#5093,#1008);
#769=LINE('',#5094,#1009);
#770=LINE('',#5133,#1010);
#771=LINE('',#5143,#1011);
#772=LINE('',#5147,#1012);
#773=LINE('',#5330,#1013);
#774=LINE('',#5419,#1014);
#775=LINE('',#5422,#1015);
#776=LINE('',#5425,#1016);
#777=LINE('',#5428,#1017);
#778=LINE('',#5431,#1018);
#779=LINE('',#5433,#1019);
#780=LINE('',#5435,#1020);
#781=LINE('',#5458,#1021);
#782=LINE('',#5480,#1022);
#783=LINE('',#5667,#1023);
#784=LINE('',#5685,#1024);
#785=LINE('',#5715,#1025);
#786=LINE('',#5721,#1026);
#787=LINE('',#5726,#1027);
#788=LINE('',#5728,#1028);
#789=LINE('',#5730,#1029);
#790=LINE('',#5731,#1030);
#791=LINE('',#5735,#1031);
#792=LINE('',#5736,#1032);
#793=LINE('',#5737,#1033);
#794=LINE('',#5740,#1034);
#795=LINE('',#5742,#1035);
#796=LINE('',#5743,#1036);
#797=LINE('',#5746,#1037);
#798=LINE('',#5747,#1038);
#799=LINE('',#5750,#1039);
#800=LINE('',#5752,#1040);
#801=LINE('',#5753,#1041);
#802=LINE('',#5756,#1042);
#803=LINE('',#5758,#1043);
#804=LINE('',#5759,#1044);
#805=LINE('',#5762,#1045);
#806=LINE('',#5763,#1046);
#807=LINE('',#5766,#1047);
#808=LINE('',#5768,#1048);
#809=LINE('',#5769,#1049);
#810=LINE('',#5771,#1050);
#811=LINE('',#5772,#1051);
#812=LINE('',#5775,#1052);
#813=LINE('',#5776,#1053);
#814=LINE('',#5779,#1054);
#815=LINE('',#5780,#1055);
#816=LINE('',#5782,#1056);
#817=LINE('',#5786,#1057);
#818=LINE('',#5788,#1058);
#819=LINE('',#5790,#1059);
#820=LINE('',#5794,#1060);
#821=LINE('',#5817,#1061);
#822=LINE('',#5819,#1062);
#823=LINE('',#5821,#1063);
#824=LINE('',#5823,#1064);
#825=LINE('',#5825,#1065);
#826=LINE('',#5827,#1066);
#827=LINE('',#5829,#1067);
#828=LINE('',#5831,#1068);
#829=LINE('',#5869,#1069);
#830=LINE('',#5893,#1070);
#831=LINE('',#5894,#1071);
#832=LINE('',#5916,#1072);
#833=LINE('',#5930,#1073);
#834=LINE('',#5977,#1074);
#835=LINE('',#5984,#1075);
#836=LINE('',#5985,#1076);
#837=LINE('',#5987,#1077);
#838=LINE('',#5991,#1078);
#839=LINE('',#5995,#1079);
#840=LINE('',#5999,#1080);
#841=LINE('',#6041,#1081);
#842=LINE('',#6043,#1082);
#843=LINE('',#6044,#1083);
#844=LINE('',#6049,#1084);
#845=LINE('',#6050,#1085);
#846=LINE('',#6129,#1086);
#847=LINE('',#6130,#1087);
#848=LINE('',#6133,#1088);
#849=LINE('',#6134,#1089);
#850=LINE('',#6136,#1090);
#851=LINE('',#6138,#1091);
#852=LINE('',#6139,#1092);
#853=LINE('',#6141,#1093);
#854=LINE('',#6160,#1094);
#855=LINE('',#6162,#1095);
#856=LINE('',#6163,#1096);
#857=LINE('',#6219,#1097);
#858=LINE('',#6236,#1098);
#859=LINE('',#6238,#1099);
#860=LINE('',#6285,#1100);
#861=LINE('',#6287,#1101);
#862=LINE('',#6293,#1102);
#863=LINE('',#6297,#1103);
#864=LINE('',#6298,#1104);
#865=LINE('',#6300,#1105);
#866=LINE('',#6302,#1106);
#867=VECTOR('',#3043,10.);
#868=VECTOR('',#3044,10.);
#869=VECTOR('',#3045,10.);
#870=VECTOR('',#3046,10.);
#871=VECTOR('',#3053,10.);
#872=VECTOR('',#3056,10.);
#873=VECTOR('',#3057,10.);
#874=VECTOR('',#3058,10.);
#875=VECTOR('',#3061,10.);
#876=VECTOR('',#3062,10.);
#877=VECTOR('',#3071,10.);
#878=VECTOR('',#3074,10.);
#879=VECTOR('',#3077,10.);
#880=VECTOR('',#3078,10.);
#881=VECTOR('',#3079,10.);
#882=VECTOR('',#3082,10.);
#883=VECTOR('',#3083,10.);
#884=VECTOR('',#3084,10.);
#885=VECTOR('',#3089,10.);
#886=VECTOR('',#3090,10.);
#887=VECTOR('',#3095,10.);
#888=VECTOR('',#3098,10.);
#889=VECTOR('',#3101,10.);
#890=VECTOR('',#3102,10.);
#891=VECTOR('',#3103,10.);
#892=VECTOR('',#3104,10.);
#893=VECTOR('',#3105,10.);
#894=VECTOR('',#3106,10.);
#895=VECTOR('',#3107,10.);
#896=VECTOR('',#3108,10.);
#897=VECTOR('',#3109,10.);
#898=VECTOR('',#3110,10.);
#899=VECTOR('',#3111,10.);
#900=VECTOR('',#3112,10.);
#901=VECTOR('',#3115,10.);
#902=VECTOR('',#3116,10.);
#903=VECTOR('',#3121,10.);
#904=VECTOR('',#3126,10.);
#905=VECTOR('',#3127,10.);
#906=VECTOR('',#3128,10.);
#907=VECTOR('',#3131,10.);
#908=VECTOR('',#3132,10.);
#909=VECTOR('',#3133,10.);
#910=VECTOR('',#3134,10.);
#911=VECTOR('',#3145,10.);
#912=VECTOR('',#3150,10.);
#913=VECTOR('',#3151,10.);
#914=VECTOR('',#3152,10.);
#915=VECTOR('',#3153,10.);
#916=VECTOR('',#3160,10.);
#917=VECTOR('',#3163,10.);
#918=VECTOR('',#3164,10.);
#919=VECTOR('',#3165,10.);
#920=VECTOR('',#3168,10.);
#921=VECTOR('',#3171,10.);
#922=VECTOR('',#3176,10.);
#923=VECTOR('',#3177,10.);
#924=VECTOR('',#3182,10.);
#925=VECTOR('',#3183,10.);
#926=VECTOR('',#3184,10.);
#927=VECTOR('',#3185,10.);
#928=VECTOR('',#3186,10.);
#929=VECTOR('',#3187,10.);
#930=VECTOR('',#3188,10.);
#931=VECTOR('',#3189,10.);
#932=VECTOR('',#3190,10.);
#933=VECTOR('',#3193,10.);
#934=VECTOR('',#3196,10.);
#935=VECTOR('',#3199,10.);
#936=VECTOR('',#3200,10.);
#937=VECTOR('',#3205,10.);
#938=VECTOR('',#3210,10.);
#939=VECTOR('',#3213,10.);
#940=VECTOR('',#3216,10.);
#941=VECTOR('',#3217,10.);
#942=VECTOR('',#3218,10.);
#943=VECTOR('',#3225,10.);
#944=VECTOR('',#3228,10.);
#945=VECTOR('',#3229,10.);
#946=VECTOR('',#3236,10.);
#947=VECTOR('',#3239,10.);
#948=VECTOR('',#3240,10.);
#949=VECTOR('',#3247,10.);
#950=VECTOR('',#3248,10.);
#951=VECTOR('',#3255,1.1);
#952=VECTOR('',#3258,1.1);
#953=VECTOR('',#3261,1.1);
#954=VECTOR('',#3264,1.);
#955=VECTOR('',#3267,1.);
#956=VECTOR('',#3270,1.);
#957=VECTOR('',#3273,10.);
#958=VECTOR('',#3276,10.);
#959=VECTOR('',#3293,10.);
#960=VECTOR('',#3296,10.);
#961=VECTOR('',#3309,10.);
#962=VECTOR('',#3310,10.);
#963=VECTOR('',#3313,10.);
#964=VECTOR('',#3318,0.850000000000004);
#965=VECTOR('',#3323,10.);
#966=VECTOR('',#3324,10.);
#967=VECTOR('',#3325,10.);
#968=VECTOR('',#3328,10.);
#969=VECTOR('',#3329,10.);
#970=VECTOR('',#3332,10.);
#971=VECTOR('',#3333,10.);
#972=VECTOR('',#3344,10.);
#973=VECTOR('',#3347,10.);
#974=VECTOR('',#3360,10.);
#975=VECTOR('',#3361,10.);
#976=VECTOR('',#3364,10.);
#977=VECTOR('',#3369,0.850000000000004);
#978=VECTOR('',#3374,10.);
#979=VECTOR('',#3377,10.);
#980=VECTOR('',#3380,10.);
#981=VECTOR('',#3381,10.);
#982=VECTOR('',#3384,10.);
#983=VECTOR('',#3385,10.);
#984=VECTOR('',#3388,10.);
#985=VECTOR('',#3393,10.);
#986=VECTOR('',#3394,10.);
#987=VECTOR('',#3397,10.);
#988=VECTOR('',#3398,10.);
#989=VECTOR('',#3401,10.);
#990=VECTOR('',#3402,10.);
#991=VECTOR('',#3407,10.);
#992=VECTOR('',#3408,10.);
#993=VECTOR('',#3409,10.);
#994=VECTOR('',#3410,10.);
#995=VECTOR('',#3411,10.);
#996=VECTOR('',#3412,10.);
#997=VECTOR('',#3413,10.);
#998=VECTOR('',#3414,10.);
#999=VECTOR('',#3415,10.);
#1000=VECTOR('',#3416,10.);
#1001=VECTOR('',#3417,10.);
#1002=VECTOR('',#3420,10.);
#1003=VECTOR('',#3421,10.);
#1004=VECTOR('',#3422,10.);
#1005=VECTOR('',#3423,10.);
#1006=VECTOR('',#3428,10.);
#1007=VECTOR('',#3429,10.);
#1008=VECTOR('',#3432,10.);
#1009=VECTOR('',#3433,10.);
#1010=VECTOR('',#3434,10.);
#1011=VECTOR('',#3437,10.);
#1012=VECTOR('',#3440,10.);
#1013=VECTOR('',#3445,10.);
#1014=VECTOR('',#3448,10.);
#1015=VECTOR('',#3451,10.);
#1016=VECTOR('',#3454,10.);
#1017=VECTOR('',#3457,10.);
#1018=VECTOR('',#3460,10.);
#1019=VECTOR('',#3461,10.);
#1020=VECTOR('',#3462,10.);
#1021=VECTOR('',#3467,10.);
#1022=VECTOR('',#3470,10.);
#1023=VECTOR('',#3471,10.);
#1024=VECTOR('',#3472,10.);
#1025=VECTOR('',#3479,1.1);
#1026=VECTOR('',#3486,1.1);
#1027=VECTOR('',#3491,10.);
#1028=VECTOR('',#3492,10.);
#1029=VECTOR('',#3493,10.);
#1030=VECTOR('',#3494,10.);
#1031=VECTOR('',#3497,10.);
#1032=VECTOR('',#3498,10.);
#1033=VECTOR('',#3499,10.);
#1034=VECTOR('',#3502,10.);
#1035=VECTOR('',#3503,10.);
#1036=VECTOR('',#3504,10.);
#1037=VECTOR('',#3507,10.);
#1038=VECTOR('',#3508,10.);
#1039=VECTOR('',#3511,10.);
#1040=VECTOR('',#3512,10.);
#1041=VECTOR('',#3513,10.);
#1042=VECTOR('',#3516,10.);
#1043=VECTOR('',#3517,10.);
#1044=VECTOR('',#3518,10.);
#1045=VECTOR('',#3521,10.);
#1046=VECTOR('',#3522,10.);
#1047=VECTOR('',#3525,10.);
#1048=VECTOR('',#3526,10.);
#1049=VECTOR('',#3527,10.);
#1050=VECTOR('',#3530,10.);
#1051=VECTOR('',#3531,10.);
#1052=VECTOR('',#3534,10.);
#1053=VECTOR('',#3535,10.);
#1054=VECTOR('',#3538,10.);
#1055=VECTOR('',#3539,10.);
#1056=VECTOR('',#3542,10.);
#1057=VECTOR('',#3545,10.);
#1058=VECTOR('',#3546,10.);
#1059=VECTOR('',#3547,10.);
#1060=VECTOR('',#3550,10.);
#1061=VECTOR('',#3555,10.);
#1062=VECTOR('',#3556,10.);
#1063=VECTOR('',#3557,10.);
#1064=VECTOR('',#3558,10.);
#1065=VECTOR('',#3559,10.);
#1066=VECTOR('',#3560,10.);
#1067=VECTOR('',#3561,10.);
#1068=VECTOR('',#3562,10.);
#1069=VECTOR('',#3569,10.);
#1070=VECTOR('',#3574,10.);
#1071=VECTOR('',#3575,10.);
#1072=VECTOR('',#3576,10.);
#1073=VECTOR('',#3577,10.);
#1074=VECTOR('',#3580,10.);
#1075=VECTOR('',#3581,10.);
#1076=VECTOR('',#3582,10.);
#1077=VECTOR('',#3585,10.);
#1078=VECTOR('',#3590,1.1);
#1079=VECTOR('',#3595,1.1);
#1080=VECTOR('',#3600,10.);
#1081=VECTOR('',#3605,10.);
#1082=VECTOR('',#3606,10.);
#1083=VECTOR('',#3607,10.);
#1084=VECTOR('',#3614,10.);
#1085=VECTOR('',#3615,10.);
#1086=VECTOR('',#3620,10.);
#1087=VECTOR('',#3621,10.);
#1088=VECTOR('',#3624,10.);
#1089=VECTOR('',#3625,10.);
#1090=VECTOR('',#3628,10.);
#1091=VECTOR('',#3631,10.);
#1092=VECTOR('',#3632,10.);
#1093=VECTOR('',#3635,10.);
#1094=VECTOR('',#3638,10.);
#1095=VECTOR('',#3639,10.);
#1096=VECTOR('',#3640,10.);
#1097=VECTOR('',#3641,10.);
#1098=VECTOR('',#3642,10.);
#1099=VECTOR('',#3645,10.);
#1100=VECTOR('',#3646,10.);
#1101=VECTOR('',#3649,10.);
#1102=VECTOR('',#3656,8.);
#1103=VECTOR('',#3661,10.);
#1104=VECTOR('',#3662,10.);
#1105=VECTOR('',#3665,10.);
#1106=VECTOR('',#3668,10.);
#1107=VERTEX_POINT('',#3678);
#1108=VERTEX_POINT('',#3679);
#1109=VERTEX_POINT('',#3681);
#1110=VERTEX_POINT('',#3683);
#1111=VERTEX_POINT('',#3687);
#1112=VERTEX_POINT('',#3689);
#1113=VERTEX_POINT('',#3693);
#1114=VERTEX_POINT('',#3695);
#1115=VERTEX_POINT('',#3699);
#1116=VERTEX_POINT('',#3701);
#1117=VERTEX_POINT('',#3704);
#1118=VERTEX_POINT('',#3707);
#1119=VERTEX_POINT('',#3708);
#1120=VERTEX_POINT('',#3710);
#1121=VERTEX_POINT('',#3712);
#1122=VERTEX_POINT('',#3716);
#1123=VERTEX_POINT('',#3718);
#1124=VERTEX_POINT('',#3722);
#1125=VERTEX_POINT('',#3724);
#1126=VERTEX_POINT('',#3728);
#1127=VERTEX_POINT('',#3730);
#1128=VERTEX_POINT('',#3733);
#1129=VERTEX_POINT('',#3736);
#1130=VERTEX_POINT('',#3738);
#1131=VERTEX_POINT('',#3740);
#1132=VERTEX_POINT('',#3742);
#1133=VERTEX_POINT('',#3744);
#1134=VERTEX_POINT('',#3746);
#1135=VERTEX_POINT('',#3748);
#1136=VERTEX_POINT('',#3750);
#1137=VERTEX_POINT('',#3752);
#1138=VERTEX_POINT('',#3754);
#1139=VERTEX_POINT('',#3756);
#1140=VERTEX_POINT('',#3758);
#1141=VERTEX_POINT('',#3760);
#1142=VERTEX_POINT('',#3762);
#1143=VERTEX_POINT('',#3764);
#1144=VERTEX_POINT('',#3768);
#1145=VERTEX_POINT('',#3772);
#1146=VERTEX_POINT('',#3777);
#1147=VERTEX_POINT('',#3779);
#1148=VERTEX_POINT('',#3783);
#1149=VERTEX_POINT('',#3784);
#1150=VERTEX_POINT('',#3786);
#1151=VERTEX_POINT('',#3788);
#1152=VERTEX_POINT('',#3795);
#1153=VERTEX_POINT('',#3798);
#1154=VERTEX_POINT('',#3801);
#1155=VERTEX_POINT('',#3802);
#1156=VERTEX_POINT('',#3804);
#1157=VERTEX_POINT('',#3806);
#1158=VERTEX_POINT('',#3810);
#1159=VERTEX_POINT('',#3812);
#1160=VERTEX_POINT('',#3816);
#1161=VERTEX_POINT('',#3818);
#1162=VERTEX_POINT('',#3822);
#1163=VERTEX_POINT('',#3823);
#1164=VERTEX_POINT('',#3827);
#1165=VERTEX_POINT('',#3830);
#1166=VERTEX_POINT('',#3835);
#1167=VERTEX_POINT('',#3837);
#1168=VERTEX_POINT('',#3839);
#1169=VERTEX_POINT('',#3841);
#1170=VERTEX_POINT('',#3843);
#1171=VERTEX_POINT('',#3845);
#1172=VERTEX_POINT('',#3847);
#1173=VERTEX_POINT('',#3849);
#1174=VERTEX_POINT('',#3852);
#1175=VERTEX_POINT('',#3854);
#1176=VERTEX_POINT('',#3856);
#1177=VERTEX_POINT('',#3860);
#1178=VERTEX_POINT('',#3864);
#1179=VERTEX_POINT('',#3868);
#1180=VERTEX_POINT('',#3869);
#1181=VERTEX_POINT('',#3871);
#1182=VERTEX_POINT('',#3873);
#1183=VERTEX_POINT('',#3880);
#1184=VERTEX_POINT('',#3882);
#1185=VERTEX_POINT('',#3889);
#1186=VERTEX_POINT('',#3891);
#1187=VERTEX_POINT('',#3898);
#1188=VERTEX_POINT('',#3900);
#1189=VERTEX_POINT('',#3905);
#1190=VERTEX_POINT('',#3907);
#1191=VERTEX_POINT('',#3932);
#1192=VERTEX_POINT('',#3933);
#1193=VERTEX_POINT('',#3935);
#1194=VERTEX_POINT('',#3937);
#1195=VERTEX_POINT('',#3941);
#1196=VERTEX_POINT('',#3942);
#1197=VERTEX_POINT('',#3947);
#1198=VERTEX_POINT('',#3948);
#1199=VERTEX_POINT('',#3954);
#1200=VERTEX_POINT('',#3957);
#1201=VERTEX_POINT('',#3961);
#1202=VERTEX_POINT('',#3963);
#1203=VERTEX_POINT('',#3967);
#1204=VERTEX_POINT('',#3971);
#1205=VERTEX_POINT('',#3978);
#1206=VERTEX_POINT('',#3979);
#1207=VERTEX_POINT('',#3981);
#1208=VERTEX_POINT('',#3983);
#1209=VERTEX_POINT('',#3987);
#1210=VERTEX_POINT('',#3988);
#1211=VERTEX_POINT('',#3993);
#1212=VERTEX_POINT('',#3994);
#1213=VERTEX_POINT('',#4000);
#1214=VERTEX_POINT('',#4003);
#1215=VERTEX_POINT('',#4007);
#1216=VERTEX_POINT('',#4009);
#1217=VERTEX_POINT('',#4013);
#1218=VERTEX_POINT('',#4017);
#1219=VERTEX_POINT('',#4024);
#1220=VERTEX_POINT('',#4025);
#1221=VERTEX_POINT('',#4027);
#1222=VERTEX_POINT('',#4071);
#1223=VERTEX_POINT('',#4076);
#1224=VERTEX_POINT('',#4122);
#1225=VERTEX_POINT('',#4129);
#1226=VERTEX_POINT('',#4173);
#1227=VERTEX_POINT('',#4185);
#1228=VERTEX_POINT('',#4187);
#1229=VERTEX_POINT('',#4233);
#1230=VERTEX_POINT('',#4234);
#1231=VERTEX_POINT('',#4236);
#1232=VERTEX_POINT('',#4251);
#1233=VERTEX_POINT('',#4253);
#1234=VERTEX_POINT('',#4346);
#1235=VERTEX_POINT('',#4356);
#1236=VERTEX_POINT('',#4424);
#1237=VERTEX_POINT('',#4485);
#1238=VERTEX_POINT('',#4496);
#1239=VERTEX_POINT('',#4527);
#1240=VERTEX_POINT('',#4536);
#1241=VERTEX_POINT('',#4538);
#1242=VERTEX_POINT('',#4540);
#1243=VERTEX_POINT('',#4543);
#1244=VERTEX_POINT('',#4544);
#1245=VERTEX_POINT('',#4546);
#1246=VERTEX_POINT('',#4548);
#1247=VERTEX_POINT('',#4550);
#1248=VERTEX_POINT('',#4552);
#1249=VERTEX_POINT('',#4595);
#1250=VERTEX_POINT('',#4597);
#1251=VERTEX_POINT('',#4614);
#1252=VERTEX_POINT('',#4621);
#1253=VERTEX_POINT('',#4646);
#1254=VERTEX_POINT('',#4648);
#1255=VERTEX_POINT('',#4650);
#1256=VERTEX_POINT('',#4698);
#1257=VERTEX_POINT('',#4700);
#1258=VERTEX_POINT('',#4723);
#1259=VERTEX_POINT('',#4766);
#1260=VERTEX_POINT('',#4767);
#1261=VERTEX_POINT('',#4772);
#1262=VERTEX_POINT('',#4804);
#1263=VERTEX_POINT('',#4870);
#1264=VERTEX_POINT('',#4871);
#1265=VERTEX_POINT('',#4882);
#1266=VERTEX_POINT('',#4887);
#1267=VERTEX_POINT('',#4920);
#1268=VERTEX_POINT('',#4960);
#1269=VERTEX_POINT('',#4966);
#1270=VERTEX_POINT('',#4968);
#1271=VERTEX_POINT('',#5008);
#1272=VERTEX_POINT('',#5009);
#1273=VERTEX_POINT('',#5060);
#1274=VERTEX_POINT('',#5062);
#1275=VERTEX_POINT('',#5070);
#1276=VERTEX_POINT('',#5092);
#1277=VERTEX_POINT('',#5125);
#1278=VERTEX_POINT('',#5132);
#1279=VERTEX_POINT('',#5142);
#1280=VERTEX_POINT('',#5144);
#1281=VERTEX_POINT('',#5146);
#1282=VERTEX_POINT('',#5184);
#1283=VERTEX_POINT('',#5231);
#1284=VERTEX_POINT('',#5283);
#1285=VERTEX_POINT('',#5366);
#1286=VERTEX_POINT('',#5418);
#1287=VERTEX_POINT('',#5420);
#1288=VERTEX_POINT('',#5424);
#1289=VERTEX_POINT('',#5426);
#1290=VERTEX_POINT('',#5430);
#1291=VERTEX_POINT('',#5432);
#1292=VERTEX_POINT('',#5434);
#1293=VERTEX_POINT('',#5438);
#1294=VERTEX_POINT('',#5460);
#1295=VERTEX_POINT('',#5501);
#1296=VERTEX_POINT('',#5509);
#1297=VERTEX_POINT('',#5550);
#1298=VERTEX_POINT('',#5557);
#1299=VERTEX_POINT('',#5666);
#1300=VERTEX_POINT('',#5678);
#1301=VERTEX_POINT('',#5712);
#1302=VERTEX_POINT('',#5714);
#1303=VERTEX_POINT('',#5718);
#1304=VERTEX_POINT('',#5720);
#1305=VERTEX_POINT('',#5724);
#1306=VERTEX_POINT('',#5725);
#1307=VERTEX_POINT('',#5727);
#1308=VERTEX_POINT('',#5729);
#1309=VERTEX_POINT('',#5733);
#1310=VERTEX_POINT('',#5734);
#1311=VERTEX_POINT('',#5739);
#1312=VERTEX_POINT('',#5741);
#1313=VERTEX_POINT('',#5745);
#1314=VERTEX_POINT('',#5749);
#1315=VERTEX_POINT('',#5751);
#1316=VERTEX_POINT('',#5755);
#1317=VERTEX_POINT('',#5757);
#1318=VERTEX_POINT('',#5761);
#1319=VERTEX_POINT('',#5765);
#1320=VERTEX_POINT('',#5767);
#1321=VERTEX_POINT('',#5774);
#1322=VERTEX_POINT('',#5778);
#1323=VERTEX_POINT('',#5784);
#1324=VERTEX_POINT('',#5785);
#1325=VERTEX_POINT('',#5787);
#1326=VERTEX_POINT('',#5789);
#1327=VERTEX_POINT('',#5791);
#1328=VERTEX_POINT('',#5793);
#1329=VERTEX_POINT('',#5795);
#1330=VERTEX_POINT('',#5797);
#1331=VERTEX_POINT('',#5816);
#1332=VERTEX_POINT('',#5818);
#1333=VERTEX_POINT('',#5820);
#1334=VERTEX_POINT('',#5822);
#1335=VERTEX_POINT('',#5824);
#1336=VERTEX_POINT('',#5826);
#1337=VERTEX_POINT('',#5828);
#1338=VERTEX_POINT('',#5830);
#1339=VERTEX_POINT('',#5832);
#1340=VERTEX_POINT('',#5837);
#1341=VERTEX_POINT('',#5844);
#1342=VERTEX_POINT('',#5851);
#1343=VERTEX_POINT('',#5862);
#1344=VERTEX_POINT('',#5864);
#1345=VERTEX_POINT('',#5867);
#1346=VERTEX_POINT('',#5868);
#1347=VERTEX_POINT('',#5870);
#1348=VERTEX_POINT('',#5884);
#1349=VERTEX_POINT('',#5890);
#1350=VERTEX_POINT('',#5892);
#1351=VERTEX_POINT('',#5915);
#1352=VERTEX_POINT('',#5923);
#1353=VERTEX_POINT('',#5970);
#1354=VERTEX_POINT('',#5971);
#1355=VERTEX_POINT('',#5976);
#1356=VERTEX_POINT('',#5978);
#1357=VERTEX_POINT('',#5983);
#1358=VERTEX_POINT('',#5989);
#1359=VERTEX_POINT('',#5993);
#1360=VERTEX_POINT('',#5997);
#1361=VERTEX_POINT('',#6001);
#1362=VERTEX_POINT('',#6040);
#1363=VERTEX_POINT('',#6042);
#1364=VERTEX_POINT('',#6048);
#1365=VERTEX_POINT('',#6052);
#1366=VERTEX_POINT('',#6128);
#1367=VERTEX_POINT('',#6132);
#1368=VERTEX_POINT('',#6159);
#1369=VERTEX_POINT('',#6161);
#1370=VERTEX_POINT('',#6218);
#1371=VERTEX_POINT('',#6220);
#1372=VERTEX_POINT('',#6269);
#1373=VERTEX_POINT('',#6288);
#1374=VERTEX_POINT('',#6291);
#1375=VERTEX_POINT('',#6296);
#1376=EDGE_CURVE('',#1107,#1108,#627,.T.);
#1377=EDGE_CURVE('',#1108,#1109,#628,.T.);
#1378=EDGE_CURVE('',#1110,#1109,#629,.T.);
#1379=EDGE_CURVE('',#1107,#1110,#630,.T.);
#1380=EDGE_CURVE('',#1111,#1107,#182,.T.);
#1381=EDGE_CURVE('',#1112,#1110,#183,.T.);
#1382=EDGE_CURVE('',#1111,#1112,#631,.T.);
#1383=EDGE_CURVE('',#1113,#1111,#632,.T.);
#1384=EDGE_CURVE('',#1114,#1112,#633,.T.);
#1385=EDGE_CURVE('',#1114,#1113,#634,.T.);
#1386=EDGE_CURVE('',#1109,#1115,#635,.T.);
#1387=EDGE_CURVE('',#1115,#1116,#636,.T.);
#1388=EDGE_CURVE('',#1116,#1114,#184,.T.);
#1389=EDGE_CURVE('',#1117,#1117,#185,.T.);
#1390=EDGE_CURVE('',#1118,#1119,#186,.T.);
#1391=EDGE_CURVE('',#1119,#1120,#637,.T.);
#1392=EDGE_CURVE('',#1121,#1120,#187,.T.);
#1393=EDGE_CURVE('',#1118,#1121,#638,.T.);
#1394=EDGE_CURVE('',#1122,#1118,#639,.T.);
#1395=EDGE_CURVE('',#1123,#1121,#640,.T.);
#1396=EDGE_CURVE('',#1123,#1122,#641,.T.);
#1397=EDGE_CURVE('',#1119,#1124,#642,.T.);
#1398=EDGE_CURVE('',#1124,#1125,#643,.T.);
#1399=EDGE_CURVE('',#1120,#1125,#644,.T.);
#1400=EDGE_CURVE('',#1125,#1126,#188,.T.);
#1401=EDGE_CURVE('',#1126,#1127,#645,.T.);
#1402=EDGE_CURVE('',#1127,#1123,#646,.T.);
#1403=EDGE_CURVE('',#1128,#1128,#189,.T.);
#1404=EDGE_CURVE('',#1129,#1108,#647,.T.);
#1405=EDGE_CURVE('',#1129,#1130,#190,.T.);
#1406=EDGE_CURVE('',#1131,#1130,#648,.T.);
#1407=EDGE_CURVE('',#1131,#1132,#191,.T.);
#1408=EDGE_CURVE('',#1133,#1132,#649,.T.);
#1409=EDGE_CURVE('',#1134,#1133,#650,.T.);
#1410=EDGE_CURVE('',#1135,#1134,#651,.T.);
#1411=EDGE_CURVE('',#1136,#1135,#652,.T.);
#1412=EDGE_CURVE('',#1137,#1136,#653,.T.);
#1413=EDGE_CURVE('',#1138,#1137,#654,.T.);
#1414=EDGE_CURVE('',#1139,#1138,#655,.T.);
#1415=EDGE_CURVE('',#1140,#1139,#656,.T.);
#1416=EDGE_CURVE('',#1141,#1140,#657,.T.);
#1417=EDGE_CURVE('',#1142,#1141,#658,.T.);
#1418=EDGE_CURVE('',#1143,#1142,#659,.T.);
#1419=EDGE_CURVE('',#1115,#1143,#660,.T.);
#1420=EDGE_CURVE('',#1144,#1143,#661,.T.);
#1421=EDGE_CURVE('',#1116,#1144,#662,.T.);
#1422=EDGE_CURVE('',#1144,#1145,#192,.T.);
#1423=EDGE_CURVE('',#1145,#1126,#663,.T.);
#1424=EDGE_CURVE('',#1124,#1113,#193,.T.);
#1425=EDGE_CURVE('',#1133,#1146,#664,.T.);
#1426=EDGE_CURVE('',#1146,#1147,#665,.T.);
#1427=EDGE_CURVE('',#1134,#1147,#666,.T.);
#1428=EDGE_CURVE('',#1148,#1149,#667,.T.);
#1429=EDGE_CURVE('',#1149,#1150,#668,.T.);
#1430=EDGE_CURVE('',#1151,#1150,#669,.T.);
#1431=EDGE_CURVE('',#1148,#1151,#670,.T.);
#1432=EDGE_CURVE('',#1146,#1148,#194,.T.);
#1433=EDGE_CURVE('',#1147,#1151,#195,.T.);
#1434=EDGE_CURVE('',#1150,#1152,#196,.T.);
#1435=EDGE_CURVE('',#1152,#1135,#671,.T.);
#1436=EDGE_CURVE('',#1153,#1153,#197,.T.);
#1437=EDGE_CURVE('',#1154,#1155,#672,.T.);
#1438=EDGE_CURVE('',#1155,#1156,#673,.T.);
#1439=EDGE_CURVE('',#1157,#1156,#674,.T.);
#1440=EDGE_CURVE('',#1154,#1157,#675,.T.);
#1441=EDGE_CURVE('',#1158,#1154,#198,.T.);
#1442=EDGE_CURVE('',#1159,#1157,#199,.T.);
#1443=EDGE_CURVE('',#1158,#1159,#676,.T.);
#1444=EDGE_CURVE('',#1160,#1158,#677,.T.);
#1445=EDGE_CURVE('',#1161,#1159,#678,.T.);
#1446=EDGE_CURVE('',#1161,#1160,#679,.T.);
#1447=EDGE_CURVE('',#1162,#1163,#680,.T.);
#1448=EDGE_CURVE('',#1163,#1161,#200,.T.);
#1449=EDGE_CURVE('',#1156,#1162,#681,.T.);
#1450=EDGE_CURVE('',#1164,#1164,#201,.T.);
#1451=EDGE_CURVE('',#1132,#1165,#682,.T.);
#1452=EDGE_CURVE('',#1155,#1165,#683,.T.);
#1453=EDGE_CURVE('',#1149,#1160,#202,.T.);
#1454=EDGE_CURVE('',#1166,#1127,#684,.T.);
#1455=EDGE_CURVE('',#1167,#1166,#685,.T.);
#1456=EDGE_CURVE('',#1168,#1167,#686,.T.);
#1457=EDGE_CURVE('',#1168,#1169,#687,.T.);
#1458=EDGE_CURVE('',#1169,#1170,#688,.T.);
#1459=EDGE_CURVE('',#1171,#1170,#689,.T.);
#1460=EDGE_CURVE('',#1171,#1172,#690,.T.);
#1461=EDGE_CURVE('',#1172,#1173,#691,.T.);
#1462=EDGE_CURVE('',#1173,#1162,#692,.T.);
#1463=EDGE_CURVE('',#1165,#1174,#203,.T.);
#1464=EDGE_CURVE('',#1174,#1175,#693,.T.);
#1465=EDGE_CURVE('',#1175,#1176,#204,.T.);
#1466=EDGE_CURVE('',#1122,#1176,#694,.T.);
#1467=EDGE_CURVE('',#1173,#1177,#695,.T.);
#1468=EDGE_CURVE('',#1163,#1177,#696,.T.);
#1469=EDGE_CURVE('',#1177,#1178,#205,.T.);
#1470=EDGE_CURVE('',#1178,#1152,#697,.T.);
#1471=EDGE_CURVE('',#1179,#1180,#206,.T.);
#1472=EDGE_CURVE('',#1180,#1181,#698,.T.);
#1473=EDGE_CURVE('',#1181,#1182,#207,.T.);
#1474=EDGE_CURVE('',#1182,#1179,#699,.T.);
#1475=EDGE_CURVE('',#1179,#1139,#700,.T.);
#1476=EDGE_CURVE('',#1171,#1138,#701,.T.);
#1477=EDGE_CURVE('',#1170,#1180,#702,.T.);
#1478=EDGE_CURVE('',#1183,#1183,#208,.T.);
#1479=EDGE_CURVE('',#1184,#1184,#209,.T.);
#1480=EDGE_CURVE('',#1169,#1181,#703,.T.);
#1481=EDGE_CURVE('',#1168,#1141,#704,.T.);
#1482=EDGE_CURVE('',#1182,#1140,#705,.T.);
#1483=EDGE_CURVE('',#1185,#1185,#210,.T.);
#1484=EDGE_CURVE('',#1186,#1186,#211,.T.);
#1485=EDGE_CURVE('',#1176,#1129,#706,.T.);
#1486=EDGE_CURVE('',#1167,#1142,#707,.T.);
#1487=EDGE_CURVE('',#1166,#1145,#708,.T.);
#1488=EDGE_CURVE('',#1187,#1187,#212,.T.);
#1489=EDGE_CURVE('',#1188,#1188,#213,.T.);
#1490=EDGE_CURVE('',#1172,#1137,#709,.T.);
#1491=EDGE_CURVE('',#1178,#1136,#710,.T.);
#1492=EDGE_CURVE('',#1189,#1189,#214,.T.);
#1493=EDGE_CURVE('',#1190,#1190,#215,.T.);
#1494=EDGE_CURVE('',#1188,#1117,#711,.T.);
#1495=EDGE_CURVE('',#1153,#1190,#712,.T.);
#1496=EDGE_CURVE('',#1184,#1186,#713,.T.);
#1497=EDGE_CURVE('',#1187,#1128,#714,.T.);
#1498=EDGE_CURVE('',#1164,#1189,#715,.T.);
#1499=EDGE_CURVE('',#1183,#1185,#716,.T.);
#1500=EDGE_CURVE('',#1130,#1175,#717,.T.);
#1501=EDGE_CURVE('',#1174,#1131,#718,.T.);
#1502=EDGE_CURVE('',#1191,#1192,#216,.T.);
#1503=EDGE_CURVE('',#1192,#1193,#719,.T.);
#1504=EDGE_CURVE('',#1193,#1194,#217,.T.);
#1505=EDGE_CURVE('',#1194,#1191,#720,.T.);
#1506=EDGE_CURVE('',#1195,#1196,#218,.T.);
#1507=EDGE_CURVE('',#1196,#1194,#219,.T.);
#1508=EDGE_CURVE('',#1193,#1195,#220,.T.);
#1509=EDGE_CURVE('',#1197,#1198,#221,.T.);
#1510=EDGE_CURVE('',#1198,#1196,#721,.T.);
#1511=EDGE_CURVE('',#1195,#1197,#722,.T.);
#1512=EDGE_CURVE('',#1198,#1191,#723,.T.);
#1513=EDGE_CURVE('',#1199,#1199,#222,.T.);
#1514=EDGE_CURVE('',#1199,#1200,#724,.T.);
#1515=EDGE_CURVE('',#1200,#1200,#223,.T.);
#1516=EDGE_CURVE('',#1201,#1192,#725,.T.);
#1517=EDGE_CURVE('',#1202,#1201,#726,.T.);
#1518=EDGE_CURVE('',#1202,#1193,#727,.T.);
#1519=EDGE_CURVE('',#1203,#1197,#728,.T.);
#1520=EDGE_CURVE('',#1203,#1201,#729,.T.);
#1521=EDGE_CURVE('',#1204,#1195,#730,.T.);
#1522=EDGE_CURVE('',#1204,#1203,#731,.T.);
#1523=EDGE_CURVE('',#1204,#1202,#224,.T.);
#1524=EDGE_CURVE('',#1205,#1206,#225,.T.);
#1525=EDGE_CURVE('',#1206,#1207,#732,.T.);
#1526=EDGE_CURVE('',#1207,#1208,#226,.T.);
#1527=EDGE_CURVE('',#1208,#1205,#733,.T.);
#1528=EDGE_CURVE('',#1209,#1210,#227,.T.);
#1529=EDGE_CURVE('',#1210,#1208,#228,.T.);
#1530=EDGE_CURVE('',#1207,#1209,#229,.T.);
#1531=EDGE_CURVE('',#1211,#1212,#230,.T.);
#1532=EDGE_CURVE('',#1212,#1210,#734,.T.);
#1533=EDGE_CURVE('',#1209,#1211,#735,.T.);
#1534=EDGE_CURVE('',#1212,#1205,#736,.T.);
#1535=EDGE_CURVE('',#1213,#1213,#231,.T.);
#1536=EDGE_CURVE('',#1213,#1214,#737,.T.);
#1537=EDGE_CURVE('',#1214,#1214,#232,.T.);
#1538=EDGE_CURVE('',#1215,#1207,#738,.T.);
#1539=EDGE_CURVE('',#1216,#1215,#233,.T.);
#1540=EDGE_CURVE('',#1216,#1209,#739,.T.);
#1541=EDGE_CURVE('',#1217,#1206,#740,.T.);
#1542=EDGE_CURVE('',#1215,#1217,#741,.T.);
#1543=EDGE_CURVE('',#1218,#1211,#742,.T.);
#1544=EDGE_CURVE('',#1218,#1217,#743,.T.);
#1545=EDGE_CURVE('',#1216,#1218,#744,.T.);
#1546=EDGE_CURVE('',#1219,#1220,#745,.T.);
#1547=EDGE_CURVE('',#1220,#1221,#52,.T.);
#1548=EDGE_CURVE('',#1221,#1222,#53,.T.);
#1549=EDGE_CURVE('',#1222,#1223,#746,.T.);
#1550=EDGE_CURVE('',#1223,#1219,#54,.T.);
#1551=EDGE_CURVE('',#1220,#1224,#55,.T.);
#1552=EDGE_CURVE('',#1224,#1225,#56,.T.);
#1553=EDGE_CURVE('',#1225,#1226,#57,.T.);
#1554=EDGE_CURVE('',#1226,#1221,#58,.T.);
#1555=EDGE_CURVE('',#1224,#1227,#747,.T.);
#1556=EDGE_CURVE('',#1227,#1228,#59,.T.);
#1557=EDGE_CURVE('',#1228,#1225,#748,.T.);
#1558=EDGE_CURVE('',#1229,#1230,#749,.T.);
#1559=EDGE_CURVE('',#1230,#1231,#60,.T.);
#1560=EDGE_CURVE('',#1231,#1232,#750,.T.);
#1561=EDGE_CURVE('',#1232,#1233,#61,.T.);
#1562=EDGE_CURVE('',#1233,#1229,#62,.T.);
#1563=EDGE_CURVE('',#1230,#1234,#63,.T.);
#1564=EDGE_CURVE('',#1235,#1234,#64,.T.);
#1565=EDGE_CURVE('',#1235,#1231,#65,.T.);
#1566=EDGE_CURVE('',#1227,#1229,#66,.T.);
#1567=EDGE_CURVE('',#1233,#1236,#67,.T.);
#1568=EDGE_CURVE('',#1236,#1228,#68,.T.);
#1569=EDGE_CURVE('',#1223,#1237,#69,.T.);
#1570=EDGE_CURVE('',#1237,#1238,#70,.F.);
#1571=EDGE_CURVE('',#1238,#1219,#71,.T.);
#1572=EDGE_CURVE('',#1235,#1239,#26,.T.);
#1573=EDGE_CURVE('',#1239,#1240,#234,.T.);
#1574=EDGE_CURVE('',#1240,#1241,#751,.T.);
#1575=EDGE_CURVE('',#1241,#1242,#752,.T.);
#1576=EDGE_CURVE('',#1242,#1232,#753,.T.);
#1577=EDGE_CURVE('',#1243,#1244,#754,.T.);
#1578=EDGE_CURVE('',#1244,#1245,#755,.T.);
#1579=EDGE_CURVE('',#1245,#1246,#756,.T.);
#1580=EDGE_CURVE('',#1246,#1247,#757,.T.);
#1581=EDGE_CURVE('',#1247,#1248,#758,.T.);
#1582=EDGE_CURVE('',#1248,#1243,#759,.T.);
#1583=EDGE_CURVE('',#1249,#1230,#760,.T.);
#1584=EDGE_CURVE('',#1250,#1249,#72,.T.);
#1585=EDGE_CURVE('',#1250,#1251,#73,.T.);
#1586=EDGE_CURVE('',#1252,#1251,#74,.T.);
#1587=EDGE_CURVE('',#1252,#1234,#761,.T.);
#1588=EDGE_CURVE('',#1219,#1253,#762,.T.);
#1589=EDGE_CURVE('',#1254,#1253,#763,.T.);
#1590=EDGE_CURVE('',#1254,#1255,#75,.T.);
#1591=EDGE_CURVE('',#1249,#1255,#764,.T.);
#1592=EDGE_CURVE('',#1238,#1256,#765,.T.);
#1593=EDGE_CURVE('',#1257,#1256,#76,.T.);
#1594=EDGE_CURVE('',#1257,#1258,#77,.T.);
#1595=EDGE_CURVE('',#1253,#1258,#78,.T.);
#1596=EDGE_CURVE('',#1259,#1260,#79,.T.);
#1597=EDGE_CURVE('',#1260,#1261,#80,.T.);
#1598=EDGE_CURVE('',#1261,#1262,#81,.T.);
#1599=EDGE_CURVE('',#1262,#1259,#82,.T.);
#1600=EDGE_CURVE('',#1263,#1264,#83,.T.);
#1601=EDGE_CURVE('',#1264,#1265,#84,.T.);
#1602=EDGE_CURVE('',#1265,#1266,#235,.T.);
#1603=EDGE_CURVE('',#1266,#1263,#85,.T.);
#1604=EDGE_CURVE('',#1267,#1266,#86,.T.);
#1605=EDGE_CURVE('',#1265,#1261,#87,.T.);
#1606=EDGE_CURVE('',#1260,#1267,#88,.T.);
#1607=EDGE_CURVE('',#1262,#1268,#89,.T.);
#1608=EDGE_CURVE('',#1268,#1269,#236,.T.);
#1609=EDGE_CURVE('',#1269,#1270,#90,.T.);
#1610=EDGE_CURVE('',#1270,#1259,#91,.T.);
#1611=EDGE_CURVE('',#1271,#1272,#92,.T.);
#1612=EDGE_CURVE('',#1272,#1269,#93,.T.);
#1613=EDGE_CURVE('',#1268,#1271,#94,.T.);
#1614=EDGE_CURVE('',#1273,#1267,#766,.T.);
#1615=EDGE_CURVE('',#1274,#1273,#95,.T.);
#1616=EDGE_CURVE('',#1275,#1274,#767,.T.);
#1617=EDGE_CURVE('',#1275,#1263,#96,.T.);
#1618=EDGE_CURVE('',#1270,#1276,#768,.T.);
#1619=EDGE_CURVE('',#1273,#1276,#769,.T.);
#1620=EDGE_CURVE('',#1272,#1277,#97,.T.);
#1621=EDGE_CURVE('',#1278,#1277,#770,.T.);
#1622=EDGE_CURVE('',#1276,#1278,#98,.T.);
#1623=EDGE_CURVE('',#1279,#1271,#771,.T.);
#1624=EDGE_CURVE('',#1280,#1279,#237,.T.);
#1625=EDGE_CURVE('',#1280,#1281,#772,.T.);
#1626=EDGE_CURVE('',#1277,#1281,#238,.T.);
#1627=EDGE_CURVE('',#1273,#1282,#99,.T.);
#1628=EDGE_CURVE('',#1282,#1283,#100,.T.);
#1629=EDGE_CURVE('',#1283,#1274,#101,.T.);
#1630=EDGE_CURVE('',#1276,#1284,#102,.T.);
#1631=EDGE_CURVE('',#1284,#1282,#773,.T.);
#1632=EDGE_CURVE('',#1278,#1285,#103,.T.);
#1633=EDGE_CURVE('',#1285,#1284,#104,.T.);
#1634=EDGE_CURVE('',#1278,#1286,#774,.T.);
#1635=EDGE_CURVE('',#1286,#1287,#15,.T.);
#1636=EDGE_CURVE('',#1287,#1285,#775,.T.);
#1637=EDGE_CURVE('',#1283,#1288,#776,.T.);
#1638=EDGE_CURVE('',#1288,#1289,#16,.T.);
#1639=EDGE_CURVE('',#1289,#1274,#777,.T.);
#1640=EDGE_CURVE('',#1290,#1289,#778,.T.);
#1641=EDGE_CURVE('',#1291,#1290,#779,.T.);
#1642=EDGE_CURVE('',#1291,#1292,#780,.T.);
#1643=EDGE_CURVE('',#1292,#1275,#239,.T.);
#1644=EDGE_CURVE('',#1254,#1293,#105,.T.);
#1645=EDGE_CURVE('',#1258,#1293,#781,.T.);
#1646=EDGE_CURVE('',#1294,#1255,#106,.T.);
#1647=EDGE_CURVE('',#1294,#1250,#782,.T.);
#1648=EDGE_CURVE('',#1295,#1293,#107,.T.);
#1649=EDGE_CURVE('',#1295,#1296,#108,.T.);
#1650=EDGE_CURVE('',#1296,#1297,#109,.F.);
#1651=EDGE_CURVE('',#1297,#1298,#110,.T.);
#1652=EDGE_CURVE('',#1294,#1298,#111,.T.);
#1653=EDGE_CURVE('',#1297,#1252,#112,.T.);
#1654=EDGE_CURVE('',#1251,#1298,#113,.T.);
#1655=EDGE_CURVE('',#1265,#1299,#783,.T.);
#1656=EDGE_CURVE('',#1299,#1235,#27,.T.);
#1657=EDGE_CURVE('',#1256,#1296,#114,.T.);
#1658=EDGE_CURVE('',#1237,#1300,#28,.T.);
#1659=EDGE_CURVE('',#1300,#1268,#784,.T.);
#1660=EDGE_CURVE('',#1295,#1257,#115,.T.);
#1661=EDGE_CURVE('',#1301,#1301,#240,.T.);
#1662=EDGE_CURVE('',#1301,#1302,#785,.T.);
#1663=EDGE_CURVE('',#1302,#1302,#241,.T.);
#1664=EDGE_CURVE('',#1303,#1303,#242,.T.);
#1665=EDGE_CURVE('',#1303,#1304,#786,.T.);
#1666=EDGE_CURVE('',#1304,#1304,#243,.T.);
#1667=EDGE_CURVE('',#1305,#1306,#787,.T.);
#1668=EDGE_CURVE('',#1307,#1305,#788,.T.);
#1669=EDGE_CURVE('',#1308,#1307,#789,.T.);
#1670=EDGE_CURVE('',#1308,#1306,#790,.T.);
#1671=EDGE_CURVE('',#1309,#1310,#791,.T.);
#1672=EDGE_CURVE('',#1309,#1247,#792,.T.);
#1673=EDGE_CURVE('',#1310,#1246,#793,.T.);
#1674=EDGE_CURVE('',#1311,#1305,#794,.T.);
#1675=EDGE_CURVE('',#1312,#1311,#795,.T.);
#1676=EDGE_CURVE('',#1307,#1312,#796,.T.);
#1677=EDGE_CURVE('',#1310,#1313,#797,.T.);
#1678=EDGE_CURVE('',#1313,#1245,#798,.T.);
#1679=EDGE_CURVE('',#1306,#1314,#799,.T.);
#1680=EDGE_CURVE('',#1315,#1308,#800,.T.);
#1681=EDGE_CURVE('',#1315,#1314,#801,.T.);
#1682=EDGE_CURVE('',#1316,#1311,#802,.T.);
#1683=EDGE_CURVE('',#1317,#1316,#803,.T.);
#1684=EDGE_CURVE('',#1312,#1317,#804,.T.);
#1685=EDGE_CURVE('',#1313,#1318,#805,.T.);
#1686=EDGE_CURVE('',#1318,#1244,#806,.T.);
#1687=EDGE_CURVE('',#1314,#1319,#807,.T.);
#1688=EDGE_CURVE('',#1320,#1315,#808,.T.);
#1689=EDGE_CURVE('',#1319,#1320,#809,.T.);
#1690=EDGE_CURVE('',#1319,#1316,#810,.T.);
#1691=EDGE_CURVE('',#1317,#1320,#811,.T.);
#1692=EDGE_CURVE('',#1318,#1321,#812,.T.);
#1693=EDGE_CURVE('',#1243,#1321,#813,.T.);
#1694=EDGE_CURVE('',#1322,#1309,#814,.T.);
#1695=EDGE_CURVE('',#1322,#1248,#815,.T.);
#1696=EDGE_CURVE('',#1321,#1322,#816,.T.);
#1697=EDGE_CURVE('',#1323,#1324,#817,.T.);
#1698=EDGE_CURVE('',#1323,#1325,#818,.T.);
#1699=EDGE_CURVE('',#1325,#1326,#819,.T.);
#1700=EDGE_CURVE('',#1326,#1327,#244,.T.);
#1701=EDGE_CURVE('',#1328,#1327,#820,.T.);
#1702=EDGE_CURVE('',#1328,#1329,#245,.T.);
#1703=EDGE_CURVE('',#1330,#1329,#116,.T.);
#1704=EDGE_CURVE('',#1324,#1330,#117,.T.);
#1705=EDGE_CURVE('',#1331,#1328,#821,.T.);
#1706=EDGE_CURVE('',#1327,#1332,#822,.T.);
#1707=EDGE_CURVE('',#1333,#1332,#823,.T.);
#1708=EDGE_CURVE('',#1333,#1334,#824,.F.);
#1709=EDGE_CURVE('',#1334,#1335,#825,.F.);
#1710=EDGE_CURVE('',#1335,#1336,#826,.T.);
#1711=EDGE_CURVE('',#1336,#1337,#827,.T.);
#1712=EDGE_CURVE('',#1337,#1338,#828,.T.);
#1713=EDGE_CURVE('',#1339,#1338,#118,.F.);
#1714=EDGE_CURVE('',#1339,#1340,#119,.T.);
#1715=EDGE_CURVE('',#1340,#1341,#120,.T.);
#1716=EDGE_CURVE('',#1341,#1342,#121,.T.);
#1717=EDGE_CURVE('',#1331,#1342,#122,.F.);
#1718=EDGE_CURVE('',#1343,#1343,#246,.T.);
#1719=EDGE_CURVE('',#1344,#1344,#247,.T.);
#1720=EDGE_CURVE('',#1345,#1346,#829,.T.);
#1721=EDGE_CURVE('',#1347,#1345,#123,.T.);
#1722=EDGE_CURVE('',#1348,#1347,#124,.T.);
#1723=EDGE_CURVE('',#1348,#1337,#248,.T.);
#1724=EDGE_CURVE('',#1336,#1349,#249,.T.);
#1725=EDGE_CURVE('',#1349,#1350,#830,.T.);
#1726=EDGE_CURVE('',#1350,#1346,#831,.T.);
#1727=EDGE_CURVE('',#1329,#1351,#832,.T.);
#1728=EDGE_CURVE('',#1341,#1351,#125,.T.);
#1729=EDGE_CURVE('',#1352,#1340,#126,.T.);
#1730=EDGE_CURVE('',#1352,#1348,#833,.T.);
#1731=EDGE_CURVE('',#1347,#1330,#127,.F.);
#1732=EDGE_CURVE('',#1345,#1324,#128,.F.);
#1733=EDGE_CURVE('',#1353,#1354,#129,.T.);
#1734=EDGE_CURVE('',#1355,#1354,#834,.T.);
#1735=EDGE_CURVE('',#1355,#1356,#130,.T.);
#1736=EDGE_CURVE('',#1357,#1356,#835,.T.);
#1737=EDGE_CURVE('',#1353,#1357,#836,.T.);
#1738=EDGE_CURVE('',#1346,#1323,#837,.T.);
#1739=EDGE_CURVE('',#1358,#1358,#250,.T.);
#1740=EDGE_CURVE('',#1358,#1344,#838,.T.);
#1741=EDGE_CURVE('',#1359,#1359,#251,.T.);
#1742=EDGE_CURVE('',#1359,#1343,#839,.T.);
#1743=EDGE_CURVE('',#1335,#1360,#252,.T.);
#1744=EDGE_CURVE('',#1349,#1360,#840,.F.);
#1745=EDGE_CURVE('',#1331,#1361,#131,.F.);
#1746=EDGE_CURVE('',#1351,#1361,#132,.T.);
#1747=EDGE_CURVE('',#1361,#1342,#133,.F.);
#1748=EDGE_CURVE('',#1362,#1325,#841,.T.);
#1749=EDGE_CURVE('',#1362,#1363,#842,.T.);
#1750=EDGE_CURVE('',#1363,#1326,#843,.T.);
#1751=EDGE_CURVE('',#1363,#1332,#253,.T.);
#1752=EDGE_CURVE('',#1360,#1364,#844,.T.);
#1753=EDGE_CURVE('',#1350,#1364,#845,.T.);
#1754=EDGE_CURVE('',#1352,#1365,#134,.F.);
#1755=EDGE_CURVE('',#1365,#1338,#135,.F.);
#1756=EDGE_CURVE('',#1339,#1365,#136,.F.);
#1757=EDGE_CURVE('',#1366,#1362,#846,.T.);
#1758=EDGE_CURVE('',#1366,#1333,#847,.F.);
#1759=EDGE_CURVE('',#1367,#1334,#848,.T.);
#1760=EDGE_CURVE('',#1364,#1367,#849,.T.);
#1761=EDGE_CURVE('',#1367,#1366,#850,.T.);
#1762=EDGE_CURVE('',#1292,#1240,#851,.T.);
#1763=EDGE_CURVE('',#1241,#1291,#852,.T.);
#1764=EDGE_CURVE('',#1239,#1264,#853,.T.);
#1765=EDGE_CURVE('',#1281,#1368,#854,.T.);
#1766=EDGE_CURVE('',#1369,#1280,#855,.T.);
#1767=EDGE_CURVE('',#1368,#1369,#856,.T.);
#1768=EDGE_CURVE('',#1279,#1237,#29,.T.);
#1769=EDGE_CURVE('',#1370,#1226,#857,.T.);
#1770=EDGE_CURVE('',#1371,#1370,#30,.T.);
#1771=EDGE_CURVE('',#1222,#1371,#858,.T.);
#1772=EDGE_CURVE('',#1371,#1369,#859,.T.);
#1773=EDGE_CURVE('',#1372,#1242,#31,.T.);
#1774=EDGE_CURVE('',#1236,#1372,#860,.T.);
#1775=EDGE_CURVE('',#1288,#1287,#861,.T.);
#1776=EDGE_CURVE('',#1373,#1373,#254,.T.);
#1777=EDGE_CURVE('',#1374,#1374,#255,.T.);
#1778=EDGE_CURVE('',#1374,#1373,#862,.T.);
#1779=EDGE_CURVE('',#1368,#1375,#863,.T.);
#1780=EDGE_CURVE('',#1375,#1286,#864,.T.);
#1781=EDGE_CURVE('',#1290,#1375,#865,.T.);
#1782=EDGE_CURVE('',#1372,#1370,#866,.T.);
#1783=ORIENTED_EDGE('',*,*,#1376,.T.);
#1784=ORIENTED_EDGE('',*,*,#1377,.T.);
#1785=ORIENTED_EDGE('',*,*,#1378,.F.);
#1786=ORIENTED_EDGE('',*,*,#1379,.F.);
#1787=ORIENTED_EDGE('',*,*,#1380,.T.);
#1788=ORIENTED_EDGE('',*,*,#1379,.T.);
#1789=ORIENTED_EDGE('',*,*,#1381,.F.);
#1790=ORIENTED_EDGE('',*,*,#1382,.F.);
#1791=ORIENTED_EDGE('',*,*,#1383,.T.);
#1792=ORIENTED_EDGE('',*,*,#1382,.T.);
#1793=ORIENTED_EDGE('',*,*,#1384,.F.);
#1794=ORIENTED_EDGE('',*,*,#1385,.T.);
#1795=ORIENTED_EDGE('',*,*,#1386,.T.);
#1796=ORIENTED_EDGE('',*,*,#1387,.T.);
#1797=ORIENTED_EDGE('',*,*,#1388,.T.);
#1798=ORIENTED_EDGE('',*,*,#1384,.T.);
#1799=ORIENTED_EDGE('',*,*,#1381,.T.);
#1800=ORIENTED_EDGE('',*,*,#1378,.T.);
#1801=ORIENTED_EDGE('',*,*,#1389,.T.);
#1802=ORIENTED_EDGE('',*,*,#1390,.T.);
#1803=ORIENTED_EDGE('',*,*,#1391,.T.);
#1804=ORIENTED_EDGE('',*,*,#1392,.F.);
#1805=ORIENTED_EDGE('',*,*,#1393,.F.);
#1806=ORIENTED_EDGE('',*,*,#1394,.T.);
#1807=ORIENTED_EDGE('',*,*,#1393,.T.);
#1808=ORIENTED_EDGE('',*,*,#1395,.F.);
#1809=ORIENTED_EDGE('',*,*,#1396,.T.);
#1810=ORIENTED_EDGE('',*,*,#1397,.T.);
#1811=ORIENTED_EDGE('',*,*,#1398,.T.);
#1812=ORIENTED_EDGE('',*,*,#1399,.F.);
#1813=ORIENTED_EDGE('',*,*,#1391,.F.);
#1814=ORIENTED_EDGE('',*,*,#1399,.T.);
#1815=ORIENTED_EDGE('',*,*,#1400,.T.);
#1816=ORIENTED_EDGE('',*,*,#1401,.T.);
#1817=ORIENTED_EDGE('',*,*,#1402,.T.);
#1818=ORIENTED_EDGE('',*,*,#1395,.T.);
#1819=ORIENTED_EDGE('',*,*,#1392,.T.);
#1820=ORIENTED_EDGE('',*,*,#1403,.T.);
#1821=ORIENTED_EDGE('',*,*,#1377,.F.);
#1822=ORIENTED_EDGE('',*,*,#1404,.F.);
#1823=ORIENTED_EDGE('',*,*,#1405,.T.);
#1824=ORIENTED_EDGE('',*,*,#1406,.F.);
#1825=ORIENTED_EDGE('',*,*,#1407,.T.);
#1826=ORIENTED_EDGE('',*,*,#1408,.F.);
#1827=ORIENTED_EDGE('',*,*,#1409,.F.);
#1828=ORIENTED_EDGE('',*,*,#1410,.F.);
#1829=ORIENTED_EDGE('',*,*,#1411,.F.);
#1830=ORIENTED_EDGE('',*,*,#1412,.F.);
#1831=ORIENTED_EDGE('',*,*,#1413,.F.);
#1832=ORIENTED_EDGE('',*,*,#1414,.F.);
#1833=ORIENTED_EDGE('',*,*,#1415,.F.);
#1834=ORIENTED_EDGE('',*,*,#1416,.F.);
#1835=ORIENTED_EDGE('',*,*,#1417,.F.);
#1836=ORIENTED_EDGE('',*,*,#1418,.F.);
#1837=ORIENTED_EDGE('',*,*,#1419,.F.);
#1838=ORIENTED_EDGE('',*,*,#1386,.F.);
#1839=ORIENTED_EDGE('',*,*,#1387,.F.);
#1840=ORIENTED_EDGE('',*,*,#1419,.T.);
#1841=ORIENTED_EDGE('',*,*,#1420,.F.);
#1842=ORIENTED_EDGE('',*,*,#1421,.F.);
#1843=ORIENTED_EDGE('',*,*,#1388,.F.);
#1844=ORIENTED_EDGE('',*,*,#1421,.T.);
#1845=ORIENTED_EDGE('',*,*,#1422,.T.);
#1846=ORIENTED_EDGE('',*,*,#1423,.T.);
#1847=ORIENTED_EDGE('',*,*,#1400,.F.);
#1848=ORIENTED_EDGE('',*,*,#1398,.F.);
#1849=ORIENTED_EDGE('',*,*,#1424,.T.);
#1850=ORIENTED_EDGE('',*,*,#1385,.F.);
#1851=ORIENTED_EDGE('',*,*,#1425,.T.);
#1852=ORIENTED_EDGE('',*,*,#1426,.T.);
#1853=ORIENTED_EDGE('',*,*,#1427,.F.);
#1854=ORIENTED_EDGE('',*,*,#1409,.T.);
#1855=ORIENTED_EDGE('',*,*,#1428,.T.);
#1856=ORIENTED_EDGE('',*,*,#1429,.T.);
#1857=ORIENTED_EDGE('',*,*,#1430,.F.);
#1858=ORIENTED_EDGE('',*,*,#1431,.F.);
#1859=ORIENTED_EDGE('',*,*,#1432,.T.);
#1860=ORIENTED_EDGE('',*,*,#1431,.T.);
#1861=ORIENTED_EDGE('',*,*,#1433,.F.);
#1862=ORIENTED_EDGE('',*,*,#1426,.F.);
#1863=ORIENTED_EDGE('',*,*,#1433,.T.);
#1864=ORIENTED_EDGE('',*,*,#1430,.T.);
#1865=ORIENTED_EDGE('',*,*,#1434,.T.);
#1866=ORIENTED_EDGE('',*,*,#1435,.T.);
#1867=ORIENTED_EDGE('',*,*,#1410,.T.);
#1868=ORIENTED_EDGE('',*,*,#1427,.T.);
#1869=ORIENTED_EDGE('',*,*,#1436,.T.);
#1870=ORIENTED_EDGE('',*,*,#1437,.T.);
#1871=ORIENTED_EDGE('',*,*,#1438,.T.);
#1872=ORIENTED_EDGE('',*,*,#1439,.F.);
#1873=ORIENTED_EDGE('',*,*,#1440,.F.);
#1874=ORIENTED_EDGE('',*,*,#1441,.T.);
#1875=ORIENTED_EDGE('',*,*,#1440,.T.);
#1876=ORIENTED_EDGE('',*,*,#1442,.F.);
#1877=ORIENTED_EDGE('',*,*,#1443,.F.);
#1878=ORIENTED_EDGE('',*,*,#1444,.T.);
#1879=ORIENTED_EDGE('',*,*,#1443,.T.);
#1880=ORIENTED_EDGE('',*,*,#1445,.F.);
#1881=ORIENTED_EDGE('',*,*,#1446,.T.);
#1882=ORIENTED_EDGE('',*,*,#1447,.T.);
#1883=ORIENTED_EDGE('',*,*,#1448,.T.);
#1884=ORIENTED_EDGE('',*,*,#1445,.T.);
#1885=ORIENTED_EDGE('',*,*,#1442,.T.);
#1886=ORIENTED_EDGE('',*,*,#1439,.T.);
#1887=ORIENTED_EDGE('',*,*,#1449,.T.);
#1888=ORIENTED_EDGE('',*,*,#1450,.T.);
#1889=ORIENTED_EDGE('',*,*,#1425,.F.);
#1890=ORIENTED_EDGE('',*,*,#1408,.T.);
#1891=ORIENTED_EDGE('',*,*,#1451,.T.);
#1892=ORIENTED_EDGE('',*,*,#1452,.F.);
#1893=ORIENTED_EDGE('',*,*,#1437,.F.);
#1894=ORIENTED_EDGE('',*,*,#1441,.F.);
#1895=ORIENTED_EDGE('',*,*,#1444,.F.);
#1896=ORIENTED_EDGE('',*,*,#1453,.F.);
#1897=ORIENTED_EDGE('',*,*,#1428,.F.);
#1898=ORIENTED_EDGE('',*,*,#1432,.F.);
#1899=ORIENTED_EDGE('',*,*,#1396,.F.);
#1900=ORIENTED_EDGE('',*,*,#1402,.F.);
#1901=ORIENTED_EDGE('',*,*,#1454,.F.);
#1902=ORIENTED_EDGE('',*,*,#1455,.F.);
#1903=ORIENTED_EDGE('',*,*,#1456,.F.);
#1904=ORIENTED_EDGE('',*,*,#1457,.T.);
#1905=ORIENTED_EDGE('',*,*,#1458,.T.);
#1906=ORIENTED_EDGE('',*,*,#1459,.F.);
#1907=ORIENTED_EDGE('',*,*,#1460,.T.);
#1908=ORIENTED_EDGE('',*,*,#1461,.T.);
#1909=ORIENTED_EDGE('',*,*,#1462,.T.);
#1910=ORIENTED_EDGE('',*,*,#1449,.F.);
#1911=ORIENTED_EDGE('',*,*,#1438,.F.);
#1912=ORIENTED_EDGE('',*,*,#1452,.T.);
#1913=ORIENTED_EDGE('',*,*,#1463,.T.);
#1914=ORIENTED_EDGE('',*,*,#1464,.T.);
#1915=ORIENTED_EDGE('',*,*,#1465,.T.);
#1916=ORIENTED_EDGE('',*,*,#1466,.F.);
#1917=ORIENTED_EDGE('',*,*,#1447,.F.);
#1918=ORIENTED_EDGE('',*,*,#1462,.F.);
#1919=ORIENTED_EDGE('',*,*,#1467,.T.);
#1920=ORIENTED_EDGE('',*,*,#1468,.F.);
#1921=ORIENTED_EDGE('',*,*,#1429,.F.);
#1922=ORIENTED_EDGE('',*,*,#1453,.T.);
#1923=ORIENTED_EDGE('',*,*,#1446,.F.);
#1924=ORIENTED_EDGE('',*,*,#1448,.F.);
#1925=ORIENTED_EDGE('',*,*,#1468,.T.);
#1926=ORIENTED_EDGE('',*,*,#1469,.T.);
#1927=ORIENTED_EDGE('',*,*,#1470,.T.);
#1928=ORIENTED_EDGE('',*,*,#1434,.F.);
#1929=ORIENTED_EDGE('',*,*,#1471,.T.);
#1930=ORIENTED_EDGE('',*,*,#1472,.T.);
#1931=ORIENTED_EDGE('',*,*,#1473,.T.);
#1932=ORIENTED_EDGE('',*,*,#1474,.T.);
#1933=ORIENTED_EDGE('',*,*,#1471,.F.);
#1934=ORIENTED_EDGE('',*,*,#1475,.T.);
#1935=ORIENTED_EDGE('',*,*,#1414,.T.);
#1936=ORIENTED_EDGE('',*,*,#1476,.F.);
#1937=ORIENTED_EDGE('',*,*,#1459,.T.);
#1938=ORIENTED_EDGE('',*,*,#1477,.T.);
#1939=ORIENTED_EDGE('',*,*,#1478,.F.);
#1940=ORIENTED_EDGE('',*,*,#1479,.F.);
#1941=ORIENTED_EDGE('',*,*,#1472,.F.);
#1942=ORIENTED_EDGE('',*,*,#1477,.F.);
#1943=ORIENTED_EDGE('',*,*,#1458,.F.);
#1944=ORIENTED_EDGE('',*,*,#1480,.T.);
#1945=ORIENTED_EDGE('',*,*,#1473,.F.);
#1946=ORIENTED_EDGE('',*,*,#1480,.F.);
#1947=ORIENTED_EDGE('',*,*,#1457,.F.);
#1948=ORIENTED_EDGE('',*,*,#1481,.T.);
#1949=ORIENTED_EDGE('',*,*,#1416,.T.);
#1950=ORIENTED_EDGE('',*,*,#1482,.F.);
#1951=ORIENTED_EDGE('',*,*,#1483,.F.);
#1952=ORIENTED_EDGE('',*,*,#1484,.F.);
#1953=ORIENTED_EDGE('',*,*,#1376,.F.);
#1954=ORIENTED_EDGE('',*,*,#1380,.F.);
#1955=ORIENTED_EDGE('',*,*,#1383,.F.);
#1956=ORIENTED_EDGE('',*,*,#1424,.F.);
#1957=ORIENTED_EDGE('',*,*,#1397,.F.);
#1958=ORIENTED_EDGE('',*,*,#1390,.F.);
#1959=ORIENTED_EDGE('',*,*,#1394,.F.);
#1960=ORIENTED_EDGE('',*,*,#1466,.T.);
#1961=ORIENTED_EDGE('',*,*,#1485,.T.);
#1962=ORIENTED_EDGE('',*,*,#1404,.T.);
#1963=ORIENTED_EDGE('',*,*,#1422,.F.);
#1964=ORIENTED_EDGE('',*,*,#1420,.T.);
#1965=ORIENTED_EDGE('',*,*,#1418,.T.);
#1966=ORIENTED_EDGE('',*,*,#1486,.F.);
#1967=ORIENTED_EDGE('',*,*,#1455,.T.);
#1968=ORIENTED_EDGE('',*,*,#1487,.T.);
#1969=ORIENTED_EDGE('',*,*,#1488,.F.);
#1970=ORIENTED_EDGE('',*,*,#1489,.F.);
#1971=ORIENTED_EDGE('',*,*,#1469,.F.);
#1972=ORIENTED_EDGE('',*,*,#1467,.F.);
#1973=ORIENTED_EDGE('',*,*,#1461,.F.);
#1974=ORIENTED_EDGE('',*,*,#1490,.T.);
#1975=ORIENTED_EDGE('',*,*,#1412,.T.);
#1976=ORIENTED_EDGE('',*,*,#1491,.F.);
#1977=ORIENTED_EDGE('',*,*,#1492,.F.);
#1978=ORIENTED_EDGE('',*,*,#1493,.F.);
#1979=ORIENTED_EDGE('',*,*,#1489,.T.);
#1980=ORIENTED_EDGE('',*,*,#1494,.T.);
#1981=ORIENTED_EDGE('',*,*,#1389,.F.);
#1982=ORIENTED_EDGE('',*,*,#1494,.F.);
#1983=ORIENTED_EDGE('',*,*,#1436,.F.);
#1984=ORIENTED_EDGE('',*,*,#1495,.T.);
#1985=ORIENTED_EDGE('',*,*,#1493,.T.);
#1986=ORIENTED_EDGE('',*,*,#1495,.F.);
#1987=ORIENTED_EDGE('',*,*,#1479,.T.);
#1988=ORIENTED_EDGE('',*,*,#1496,.T.);
#1989=ORIENTED_EDGE('',*,*,#1484,.T.);
#1990=ORIENTED_EDGE('',*,*,#1496,.F.);
#1991=ORIENTED_EDGE('',*,*,#1488,.T.);
#1992=ORIENTED_EDGE('',*,*,#1497,.T.);
#1993=ORIENTED_EDGE('',*,*,#1403,.F.);
#1994=ORIENTED_EDGE('',*,*,#1497,.F.);
#1995=ORIENTED_EDGE('',*,*,#1450,.F.);
#1996=ORIENTED_EDGE('',*,*,#1498,.T.);
#1997=ORIENTED_EDGE('',*,*,#1492,.T.);
#1998=ORIENTED_EDGE('',*,*,#1498,.F.);
#1999=ORIENTED_EDGE('',*,*,#1478,.T.);
#2000=ORIENTED_EDGE('',*,*,#1499,.T.);
#2001=ORIENTED_EDGE('',*,*,#1483,.T.);
#2002=ORIENTED_EDGE('',*,*,#1499,.F.);
#2003=ORIENTED_EDGE('',*,*,#1405,.F.);
#2004=ORIENTED_EDGE('',*,*,#1485,.F.);
#2005=ORIENTED_EDGE('',*,*,#1465,.F.);
#2006=ORIENTED_EDGE('',*,*,#1500,.F.);
#2007=ORIENTED_EDGE('',*,*,#1407,.F.);
#2008=ORIENTED_EDGE('',*,*,#1501,.F.);
#2009=ORIENTED_EDGE('',*,*,#1463,.F.);
#2010=ORIENTED_EDGE('',*,*,#1451,.F.);
#2011=ORIENTED_EDGE('',*,*,#1474,.F.);
#2012=ORIENTED_EDGE('',*,*,#1482,.T.);
#2013=ORIENTED_EDGE('',*,*,#1415,.T.);
#2014=ORIENTED_EDGE('',*,*,#1475,.F.);
#2015=ORIENTED_EDGE('',*,*,#1456,.T.);
#2016=ORIENTED_EDGE('',*,*,#1486,.T.);
#2017=ORIENTED_EDGE('',*,*,#1417,.T.);
#2018=ORIENTED_EDGE('',*,*,#1481,.F.);
#2019=ORIENTED_EDGE('',*,*,#1401,.F.);
#2020=ORIENTED_EDGE('',*,*,#1423,.F.);
#2021=ORIENTED_EDGE('',*,*,#1487,.F.);
#2022=ORIENTED_EDGE('',*,*,#1454,.T.);
#2023=ORIENTED_EDGE('',*,*,#1500,.T.);
#2024=ORIENTED_EDGE('',*,*,#1464,.F.);
#2025=ORIENTED_EDGE('',*,*,#1501,.T.);
#2026=ORIENTED_EDGE('',*,*,#1406,.T.);
#2027=ORIENTED_EDGE('',*,*,#1435,.F.);
#2028=ORIENTED_EDGE('',*,*,#1470,.F.);
#2029=ORIENTED_EDGE('',*,*,#1491,.T.);
#2030=ORIENTED_EDGE('',*,*,#1411,.T.);
#2031=ORIENTED_EDGE('',*,*,#1460,.F.);
#2032=ORIENTED_EDGE('',*,*,#1476,.T.);
#2033=ORIENTED_EDGE('',*,*,#1413,.T.);
#2034=ORIENTED_EDGE('',*,*,#1490,.F.);
#2035=ORIENTED_EDGE('',*,*,#1502,.T.);
#2036=ORIENTED_EDGE('',*,*,#1503,.T.);
#2037=ORIENTED_EDGE('',*,*,#1504,.T.);
#2038=ORIENTED_EDGE('',*,*,#1505,.T.);
#2039=ORIENTED_EDGE('',*,*,#1506,.T.);
#2040=ORIENTED_EDGE('',*,*,#1507,.T.);
#2041=ORIENTED_EDGE('',*,*,#1504,.F.);
#2042=ORIENTED_EDGE('',*,*,#1508,.T.);
#2043=ORIENTED_EDGE('',*,*,#1509,.T.);
#2044=ORIENTED_EDGE('',*,*,#1510,.T.);
#2045=ORIENTED_EDGE('',*,*,#1506,.F.);
#2046=ORIENTED_EDGE('',*,*,#1511,.T.);
#2047=ORIENTED_EDGE('',*,*,#1505,.F.);
#2048=ORIENTED_EDGE('',*,*,#1507,.F.);
#2049=ORIENTED_EDGE('',*,*,#1510,.F.);
#2050=ORIENTED_EDGE('',*,*,#1512,.T.);
#2051=ORIENTED_EDGE('',*,*,#1513,.T.);
#2052=ORIENTED_EDGE('',*,*,#1513,.F.);
#2053=ORIENTED_EDGE('',*,*,#1514,.T.);
#2054=ORIENTED_EDGE('',*,*,#1515,.F.);
#2055=ORIENTED_EDGE('',*,*,#1514,.F.);
#2056=ORIENTED_EDGE('',*,*,#1503,.F.);
#2057=ORIENTED_EDGE('',*,*,#1516,.F.);
#2058=ORIENTED_EDGE('',*,*,#1517,.F.);
#2059=ORIENTED_EDGE('',*,*,#1518,.T.);
#2060=ORIENTED_EDGE('',*,*,#1502,.F.);
#2061=ORIENTED_EDGE('',*,*,#1512,.F.);
#2062=ORIENTED_EDGE('',*,*,#1509,.F.);
#2063=ORIENTED_EDGE('',*,*,#1519,.F.);
#2064=ORIENTED_EDGE('',*,*,#1520,.T.);
#2065=ORIENTED_EDGE('',*,*,#1516,.T.);
#2066=ORIENTED_EDGE('',*,*,#1511,.F.);
#2067=ORIENTED_EDGE('',*,*,#1521,.F.);
#2068=ORIENTED_EDGE('',*,*,#1522,.T.);
#2069=ORIENTED_EDGE('',*,*,#1519,.T.);
#2070=ORIENTED_EDGE('',*,*,#1508,.F.);
#2071=ORIENTED_EDGE('',*,*,#1518,.F.);
#2072=ORIENTED_EDGE('',*,*,#1523,.F.);
#2073=ORIENTED_EDGE('',*,*,#1521,.T.);
#2074=ORIENTED_EDGE('',*,*,#1523,.T.);
#2075=ORIENTED_EDGE('',*,*,#1517,.T.);
#2076=ORIENTED_EDGE('',*,*,#1520,.F.);
#2077=ORIENTED_EDGE('',*,*,#1522,.F.);
#2078=ORIENTED_EDGE('',*,*,#1515,.T.);
#2079=ORIENTED_EDGE('',*,*,#1524,.T.);
#2080=ORIENTED_EDGE('',*,*,#1525,.T.);
#2081=ORIENTED_EDGE('',*,*,#1526,.T.);
#2082=ORIENTED_EDGE('',*,*,#1527,.T.);
#2083=ORIENTED_EDGE('',*,*,#1528,.T.);
#2084=ORIENTED_EDGE('',*,*,#1529,.T.);
#2085=ORIENTED_EDGE('',*,*,#1526,.F.);
#2086=ORIENTED_EDGE('',*,*,#1530,.T.);
#2087=ORIENTED_EDGE('',*,*,#1531,.T.);
#2088=ORIENTED_EDGE('',*,*,#1532,.T.);
#2089=ORIENTED_EDGE('',*,*,#1528,.F.);
#2090=ORIENTED_EDGE('',*,*,#1533,.T.);
#2091=ORIENTED_EDGE('',*,*,#1527,.F.);
#2092=ORIENTED_EDGE('',*,*,#1529,.F.);
#2093=ORIENTED_EDGE('',*,*,#1532,.F.);
#2094=ORIENTED_EDGE('',*,*,#1534,.T.);
#2095=ORIENTED_EDGE('',*,*,#1535,.T.);
#2096=ORIENTED_EDGE('',*,*,#1535,.F.);
#2097=ORIENTED_EDGE('',*,*,#1536,.T.);
#2098=ORIENTED_EDGE('',*,*,#1537,.F.);
#2099=ORIENTED_EDGE('',*,*,#1536,.F.);
#2100=ORIENTED_EDGE('',*,*,#1530,.F.);
#2101=ORIENTED_EDGE('',*,*,#1538,.F.);
#2102=ORIENTED_EDGE('',*,*,#1539,.F.);
#2103=ORIENTED_EDGE('',*,*,#1540,.T.);
#2104=ORIENTED_EDGE('',*,*,#1525,.F.);
#2105=ORIENTED_EDGE('',*,*,#1541,.F.);
#2106=ORIENTED_EDGE('',*,*,#1542,.F.);
#2107=ORIENTED_EDGE('',*,*,#1538,.T.);
#2108=ORIENTED_EDGE('',*,*,#1524,.F.);
#2109=ORIENTED_EDGE('',*,*,#1534,.F.);
#2110=ORIENTED_EDGE('',*,*,#1531,.F.);
#2111=ORIENTED_EDGE('',*,*,#1543,.F.);
#2112=ORIENTED_EDGE('',*,*,#1544,.T.);
#2113=ORIENTED_EDGE('',*,*,#1541,.T.);
#2114=ORIENTED_EDGE('',*,*,#1533,.F.);
#2115=ORIENTED_EDGE('',*,*,#1540,.F.);
#2116=ORIENTED_EDGE('',*,*,#1545,.T.);
#2117=ORIENTED_EDGE('',*,*,#1543,.T.);
#2118=ORIENTED_EDGE('',*,*,#1545,.F.);
#2119=ORIENTED_EDGE('',*,*,#1539,.T.);
#2120=ORIENTED_EDGE('',*,*,#1542,.T.);
#2121=ORIENTED_EDGE('',*,*,#1544,.F.);
#2122=ORIENTED_EDGE('',*,*,#1537,.T.);
#2123=ORIENTED_EDGE('',*,*,#1546,.T.);
#2124=ORIENTED_EDGE('',*,*,#1547,.T.);
#2125=ORIENTED_EDGE('',*,*,#1548,.T.);
#2126=ORIENTED_EDGE('',*,*,#1549,.T.);
#2127=ORIENTED_EDGE('',*,*,#1550,.T.);
#2128=ORIENTED_EDGE('',*,*,#1551,.T.);
#2129=ORIENTED_EDGE('',*,*,#1552,.T.);
#2130=ORIENTED_EDGE('',*,*,#1553,.T.);
#2131=ORIENTED_EDGE('',*,*,#1554,.T.);
#2132=ORIENTED_EDGE('',*,*,#1547,.F.);
#2133=ORIENTED_EDGE('',*,*,#1555,.T.);
#2134=ORIENTED_EDGE('',*,*,#1556,.T.);
#2135=ORIENTED_EDGE('',*,*,#1557,.T.);
#2136=ORIENTED_EDGE('',*,*,#1552,.F.);
#2137=ORIENTED_EDGE('',*,*,#1558,.T.);
#2138=ORIENTED_EDGE('',*,*,#1559,.T.);
#2139=ORIENTED_EDGE('',*,*,#1560,.T.);
#2140=ORIENTED_EDGE('',*,*,#1561,.T.);
#2141=ORIENTED_EDGE('',*,*,#1562,.T.);
#2142=ORIENTED_EDGE('',*,*,#1563,.T.);
#2143=ORIENTED_EDGE('',*,*,#1564,.F.);
#2144=ORIENTED_EDGE('',*,*,#1565,.T.);
#2145=ORIENTED_EDGE('',*,*,#1559,.F.);
#2146=ORIENTED_EDGE('',*,*,#1566,.T.);
#2147=ORIENTED_EDGE('',*,*,#1562,.F.);
#2148=ORIENTED_EDGE('',*,*,#1567,.T.);
#2149=ORIENTED_EDGE('',*,*,#1568,.T.);
#2150=ORIENTED_EDGE('',*,*,#1556,.F.);
#2151=ORIENTED_EDGE('',*,*,#1569,.T.);
#2152=ORIENTED_EDGE('',*,*,#1570,.T.);
#2153=ORIENTED_EDGE('',*,*,#1571,.T.);
#2154=ORIENTED_EDGE('',*,*,#1550,.F.);
#2155=ORIENTED_EDGE('',*,*,#1560,.F.);
#2156=ORIENTED_EDGE('',*,*,#1565,.F.);
#2157=ORIENTED_EDGE('',*,*,#1572,.T.);
#2158=ORIENTED_EDGE('',*,*,#1573,.T.);
#2159=ORIENTED_EDGE('',*,*,#1574,.T.);
#2160=ORIENTED_EDGE('',*,*,#1575,.T.);
#2161=ORIENTED_EDGE('',*,*,#1576,.T.);
#2162=ORIENTED_EDGE('',*,*,#1577,.T.);
#2163=ORIENTED_EDGE('',*,*,#1578,.T.);
#2164=ORIENTED_EDGE('',*,*,#1579,.T.);
#2165=ORIENTED_EDGE('',*,*,#1580,.T.);
#2166=ORIENTED_EDGE('',*,*,#1581,.T.);
#2167=ORIENTED_EDGE('',*,*,#1582,.T.);
#2168=ORIENTED_EDGE('',*,*,#1563,.F.);
#2169=ORIENTED_EDGE('',*,*,#1583,.F.);
#2170=ORIENTED_EDGE('',*,*,#1584,.F.);
#2171=ORIENTED_EDGE('',*,*,#1585,.T.);
#2172=ORIENTED_EDGE('',*,*,#1586,.F.);
#2173=ORIENTED_EDGE('',*,*,#1587,.T.);
#2174=ORIENTED_EDGE('',*,*,#1558,.F.);
#2175=ORIENTED_EDGE('',*,*,#1566,.F.);
#2176=ORIENTED_EDGE('',*,*,#1555,.F.);
#2177=ORIENTED_EDGE('',*,*,#1551,.F.);
#2178=ORIENTED_EDGE('',*,*,#1546,.F.);
#2179=ORIENTED_EDGE('',*,*,#1588,.T.);
#2180=ORIENTED_EDGE('',*,*,#1589,.F.);
#2181=ORIENTED_EDGE('',*,*,#1590,.T.);
#2182=ORIENTED_EDGE('',*,*,#1591,.F.);
#2183=ORIENTED_EDGE('',*,*,#1583,.T.);
#2184=ORIENTED_EDGE('',*,*,#1571,.F.);
#2185=ORIENTED_EDGE('',*,*,#1592,.T.);
#2186=ORIENTED_EDGE('',*,*,#1593,.F.);
#2187=ORIENTED_EDGE('',*,*,#1594,.T.);
#2188=ORIENTED_EDGE('',*,*,#1595,.F.);
#2189=ORIENTED_EDGE('',*,*,#1588,.F.);
#2190=ORIENTED_EDGE('',*,*,#1596,.T.);
#2191=ORIENTED_EDGE('',*,*,#1597,.T.);
#2192=ORIENTED_EDGE('',*,*,#1598,.T.);
#2193=ORIENTED_EDGE('',*,*,#1599,.T.);
#2194=ORIENTED_EDGE('',*,*,#1600,.T.);
#2195=ORIENTED_EDGE('',*,*,#1601,.T.);
#2196=ORIENTED_EDGE('',*,*,#1602,.T.);
#2197=ORIENTED_EDGE('',*,*,#1603,.T.);
#2198=ORIENTED_EDGE('',*,*,#1604,.T.);
#2199=ORIENTED_EDGE('',*,*,#1602,.F.);
#2200=ORIENTED_EDGE('',*,*,#1605,.T.);
#2201=ORIENTED_EDGE('',*,*,#1597,.F.);
#2202=ORIENTED_EDGE('',*,*,#1606,.T.);
#2203=ORIENTED_EDGE('',*,*,#1607,.T.);
#2204=ORIENTED_EDGE('',*,*,#1608,.T.);
#2205=ORIENTED_EDGE('',*,*,#1609,.T.);
#2206=ORIENTED_EDGE('',*,*,#1610,.T.);
#2207=ORIENTED_EDGE('',*,*,#1599,.F.);
#2208=ORIENTED_EDGE('',*,*,#1611,.T.);
#2209=ORIENTED_EDGE('',*,*,#1612,.T.);
#2210=ORIENTED_EDGE('',*,*,#1608,.F.);
#2211=ORIENTED_EDGE('',*,*,#1613,.T.);
#2212=ORIENTED_EDGE('',*,*,#1603,.F.);
#2213=ORIENTED_EDGE('',*,*,#1604,.F.);
#2214=ORIENTED_EDGE('',*,*,#1614,.F.);
#2215=ORIENTED_EDGE('',*,*,#1615,.F.);
#2216=ORIENTED_EDGE('',*,*,#1616,.F.);
#2217=ORIENTED_EDGE('',*,*,#1617,.T.);
#2218=ORIENTED_EDGE('',*,*,#1606,.F.);
#2219=ORIENTED_EDGE('',*,*,#1596,.F.);
#2220=ORIENTED_EDGE('',*,*,#1610,.F.);
#2221=ORIENTED_EDGE('',*,*,#1618,.T.);
#2222=ORIENTED_EDGE('',*,*,#1619,.F.);
#2223=ORIENTED_EDGE('',*,*,#1614,.T.);
#2224=ORIENTED_EDGE('',*,*,#1609,.F.);
#2225=ORIENTED_EDGE('',*,*,#1612,.F.);
#2226=ORIENTED_EDGE('',*,*,#1620,.T.);
#2227=ORIENTED_EDGE('',*,*,#1621,.F.);
#2228=ORIENTED_EDGE('',*,*,#1622,.F.);
#2229=ORIENTED_EDGE('',*,*,#1618,.F.);
#2230=ORIENTED_EDGE('',*,*,#1611,.F.);
#2231=ORIENTED_EDGE('',*,*,#1623,.F.);
#2232=ORIENTED_EDGE('',*,*,#1624,.F.);
#2233=ORIENTED_EDGE('',*,*,#1625,.T.);
#2234=ORIENTED_EDGE('',*,*,#1626,.F.);
#2235=ORIENTED_EDGE('',*,*,#1620,.F.);
#2236=ORIENTED_EDGE('',*,*,#1615,.T.);
#2237=ORIENTED_EDGE('',*,*,#1627,.T.);
#2238=ORIENTED_EDGE('',*,*,#1628,.T.);
#2239=ORIENTED_EDGE('',*,*,#1629,.T.);
#2240=ORIENTED_EDGE('',*,*,#1619,.T.);
#2241=ORIENTED_EDGE('',*,*,#1630,.T.);
#2242=ORIENTED_EDGE('',*,*,#1631,.T.);
#2243=ORIENTED_EDGE('',*,*,#1627,.F.);
#2244=ORIENTED_EDGE('',*,*,#1622,.T.);
#2245=ORIENTED_EDGE('',*,*,#1632,.T.);
#2246=ORIENTED_EDGE('',*,*,#1633,.T.);
#2247=ORIENTED_EDGE('',*,*,#1630,.F.);
#2248=ORIENTED_EDGE('',*,*,#1634,.T.);
#2249=ORIENTED_EDGE('',*,*,#1635,.T.);
#2250=ORIENTED_EDGE('',*,*,#1636,.T.);
#2251=ORIENTED_EDGE('',*,*,#1632,.F.);
#2252=ORIENTED_EDGE('',*,*,#1637,.T.);
#2253=ORIENTED_EDGE('',*,*,#1638,.T.);
#2254=ORIENTED_EDGE('',*,*,#1639,.T.);
#2255=ORIENTED_EDGE('',*,*,#1629,.F.);
#2256=ORIENTED_EDGE('',*,*,#1639,.F.);
#2257=ORIENTED_EDGE('',*,*,#1640,.F.);
#2258=ORIENTED_EDGE('',*,*,#1641,.F.);
#2259=ORIENTED_EDGE('',*,*,#1642,.T.);
#2260=ORIENTED_EDGE('',*,*,#1643,.T.);
#2261=ORIENTED_EDGE('',*,*,#1616,.T.);
#2262=ORIENTED_EDGE('',*,*,#1644,.F.);
#2263=ORIENTED_EDGE('',*,*,#1589,.T.);
#2264=ORIENTED_EDGE('',*,*,#1595,.T.);
#2265=ORIENTED_EDGE('',*,*,#1645,.T.);
#2266=ORIENTED_EDGE('',*,*,#1646,.F.);
#2267=ORIENTED_EDGE('',*,*,#1647,.T.);
#2268=ORIENTED_EDGE('',*,*,#1584,.T.);
#2269=ORIENTED_EDGE('',*,*,#1591,.T.);
#2270=ORIENTED_EDGE('',*,*,#1644,.T.);
#2271=ORIENTED_EDGE('',*,*,#1648,.F.);
#2272=ORIENTED_EDGE('',*,*,#1649,.T.);
#2273=ORIENTED_EDGE('',*,*,#1650,.T.);
#2274=ORIENTED_EDGE('',*,*,#1651,.T.);
#2275=ORIENTED_EDGE('',*,*,#1652,.F.);
#2276=ORIENTED_EDGE('',*,*,#1646,.T.);
#2277=ORIENTED_EDGE('',*,*,#1590,.F.);
#2278=ORIENTED_EDGE('',*,*,#1651,.F.);
#2279=ORIENTED_EDGE('',*,*,#1653,.T.);
#2280=ORIENTED_EDGE('',*,*,#1586,.T.);
#2281=ORIENTED_EDGE('',*,*,#1654,.T.);
#2282=ORIENTED_EDGE('',*,*,#1605,.F.);
#2283=ORIENTED_EDGE('',*,*,#1655,.T.);
#2284=ORIENTED_EDGE('',*,*,#1656,.T.);
#2285=ORIENTED_EDGE('',*,*,#1564,.T.);
#2286=ORIENTED_EDGE('',*,*,#1587,.F.);
#2287=ORIENTED_EDGE('',*,*,#1653,.F.);
#2288=ORIENTED_EDGE('',*,*,#1650,.F.);
#2289=ORIENTED_EDGE('',*,*,#1657,.F.);
#2290=ORIENTED_EDGE('',*,*,#1592,.F.);
#2291=ORIENTED_EDGE('',*,*,#1570,.F.);
#2292=ORIENTED_EDGE('',*,*,#1658,.T.);
#2293=ORIENTED_EDGE('',*,*,#1659,.T.);
#2294=ORIENTED_EDGE('',*,*,#1607,.F.);
#2295=ORIENTED_EDGE('',*,*,#1598,.F.);
#2296=ORIENTED_EDGE('',*,*,#1649,.F.);
#2297=ORIENTED_EDGE('',*,*,#1660,.T.);
#2298=ORIENTED_EDGE('',*,*,#1593,.T.);
#2299=ORIENTED_EDGE('',*,*,#1657,.T.);
#2300=ORIENTED_EDGE('',*,*,#1645,.F.);
#2301=ORIENTED_EDGE('',*,*,#1594,.F.);
#2302=ORIENTED_EDGE('',*,*,#1660,.F.);
#2303=ORIENTED_EDGE('',*,*,#1648,.T.);
#2304=ORIENTED_EDGE('',*,*,#1661,.F.);
#2305=ORIENTED_EDGE('',*,*,#1662,.T.);
#2306=ORIENTED_EDGE('',*,*,#1663,.F.);
#2307=ORIENTED_EDGE('',*,*,#1662,.F.);
#2308=ORIENTED_EDGE('',*,*,#1664,.F.);
#2309=ORIENTED_EDGE('',*,*,#1665,.T.);
#2310=ORIENTED_EDGE('',*,*,#1666,.F.);
#2311=ORIENTED_EDGE('',*,*,#1665,.F.);
#2312=ORIENTED_EDGE('',*,*,#1667,.F.);
#2313=ORIENTED_EDGE('',*,*,#1668,.F.);
#2314=ORIENTED_EDGE('',*,*,#1669,.F.);
#2315=ORIENTED_EDGE('',*,*,#1670,.T.);
#2316=ORIENTED_EDGE('',*,*,#1671,.F.);
#2317=ORIENTED_EDGE('',*,*,#1672,.T.);
#2318=ORIENTED_EDGE('',*,*,#1580,.F.);
#2319=ORIENTED_EDGE('',*,*,#1673,.F.);
#2320=ORIENTED_EDGE('',*,*,#1674,.F.);
#2321=ORIENTED_EDGE('',*,*,#1675,.F.);
#2322=ORIENTED_EDGE('',*,*,#1676,.F.);
#2323=ORIENTED_EDGE('',*,*,#1668,.T.);
#2324=ORIENTED_EDGE('',*,*,#1677,.F.);
#2325=ORIENTED_EDGE('',*,*,#1673,.T.);
#2326=ORIENTED_EDGE('',*,*,#1579,.F.);
#2327=ORIENTED_EDGE('',*,*,#1678,.F.);
#2328=ORIENTED_EDGE('',*,*,#1679,.F.);
#2329=ORIENTED_EDGE('',*,*,#1670,.F.);
#2330=ORIENTED_EDGE('',*,*,#1680,.F.);
#2331=ORIENTED_EDGE('',*,*,#1681,.T.);
#2332=ORIENTED_EDGE('',*,*,#1682,.F.);
#2333=ORIENTED_EDGE('',*,*,#1683,.F.);
#2334=ORIENTED_EDGE('',*,*,#1684,.F.);
#2335=ORIENTED_EDGE('',*,*,#1675,.T.);
#2336=ORIENTED_EDGE('',*,*,#1685,.F.);
#2337=ORIENTED_EDGE('',*,*,#1678,.T.);
#2338=ORIENTED_EDGE('',*,*,#1578,.F.);
#2339=ORIENTED_EDGE('',*,*,#1686,.F.);
#2340=ORIENTED_EDGE('',*,*,#1687,.F.);
#2341=ORIENTED_EDGE('',*,*,#1681,.F.);
#2342=ORIENTED_EDGE('',*,*,#1688,.F.);
#2343=ORIENTED_EDGE('',*,*,#1689,.F.);
#2344=ORIENTED_EDGE('',*,*,#1690,.F.);
#2345=ORIENTED_EDGE('',*,*,#1689,.T.);
#2346=ORIENTED_EDGE('',*,*,#1691,.F.);
#2347=ORIENTED_EDGE('',*,*,#1683,.T.);
#2348=ORIENTED_EDGE('',*,*,#1663,.T.);
#2349=ORIENTED_EDGE('',*,*,#1692,.F.);
#2350=ORIENTED_EDGE('',*,*,#1686,.T.);
#2351=ORIENTED_EDGE('',*,*,#1577,.F.);
#2352=ORIENTED_EDGE('',*,*,#1693,.T.);
#2353=ORIENTED_EDGE('',*,*,#1666,.T.);
#2354=ORIENTED_EDGE('',*,*,#1694,.F.);
#2355=ORIENTED_EDGE('',*,*,#1695,.T.);
#2356=ORIENTED_EDGE('',*,*,#1581,.F.);
#2357=ORIENTED_EDGE('',*,*,#1672,.F.);
#2358=ORIENTED_EDGE('',*,*,#1696,.F.);
#2359=ORIENTED_EDGE('',*,*,#1693,.F.);
#2360=ORIENTED_EDGE('',*,*,#1582,.F.);
#2361=ORIENTED_EDGE('',*,*,#1695,.F.);
#2362=ORIENTED_EDGE('',*,*,#1697,.F.);
#2363=ORIENTED_EDGE('',*,*,#1698,.T.);
#2364=ORIENTED_EDGE('',*,*,#1699,.T.);
#2365=ORIENTED_EDGE('',*,*,#1700,.T.);
#2366=ORIENTED_EDGE('',*,*,#1701,.F.);
#2367=ORIENTED_EDGE('',*,*,#1702,.T.);
#2368=ORIENTED_EDGE('',*,*,#1703,.F.);
#2369=ORIENTED_EDGE('',*,*,#1704,.F.);
#2370=ORIENTED_EDGE('',*,*,#1692,.T.);
#2371=ORIENTED_EDGE('',*,*,#1696,.T.);
#2372=ORIENTED_EDGE('',*,*,#1694,.T.);
#2373=ORIENTED_EDGE('',*,*,#1671,.T.);
#2374=ORIENTED_EDGE('',*,*,#1677,.T.);
#2375=ORIENTED_EDGE('',*,*,#1685,.T.);
#2376=ORIENTED_EDGE('',*,*,#1705,.T.);
#2377=ORIENTED_EDGE('',*,*,#1701,.T.);
#2378=ORIENTED_EDGE('',*,*,#1706,.T.);
#2379=ORIENTED_EDGE('',*,*,#1707,.F.);
#2380=ORIENTED_EDGE('',*,*,#1708,.T.);
#2381=ORIENTED_EDGE('',*,*,#1709,.T.);
#2382=ORIENTED_EDGE('',*,*,#1710,.T.);
#2383=ORIENTED_EDGE('',*,*,#1711,.T.);
#2384=ORIENTED_EDGE('',*,*,#1712,.T.);
#2385=ORIENTED_EDGE('',*,*,#1713,.F.);
#2386=ORIENTED_EDGE('',*,*,#1714,.T.);
#2387=ORIENTED_EDGE('',*,*,#1715,.T.);
#2388=ORIENTED_EDGE('',*,*,#1716,.T.);
#2389=ORIENTED_EDGE('',*,*,#1717,.F.);
#2390=ORIENTED_EDGE('',*,*,#1718,.T.);
#2391=ORIENTED_EDGE('',*,*,#1719,.T.);
#2392=ORIENTED_EDGE('',*,*,#1720,.F.);
#2393=ORIENTED_EDGE('',*,*,#1721,.F.);
#2394=ORIENTED_EDGE('',*,*,#1722,.F.);
#2395=ORIENTED_EDGE('',*,*,#1723,.T.);
#2396=ORIENTED_EDGE('',*,*,#1711,.F.);
#2397=ORIENTED_EDGE('',*,*,#1724,.T.);
#2398=ORIENTED_EDGE('',*,*,#1725,.T.);
#2399=ORIENTED_EDGE('',*,*,#1726,.T.);
#2400=ORIENTED_EDGE('',*,*,#1690,.T.);
#2401=ORIENTED_EDGE('',*,*,#1682,.T.);
#2402=ORIENTED_EDGE('',*,*,#1674,.T.);
#2403=ORIENTED_EDGE('',*,*,#1667,.T.);
#2404=ORIENTED_EDGE('',*,*,#1679,.T.);
#2405=ORIENTED_EDGE('',*,*,#1687,.T.);
#2406=ORIENTED_EDGE('',*,*,#1727,.T.);
#2407=ORIENTED_EDGE('',*,*,#1728,.F.);
#2408=ORIENTED_EDGE('',*,*,#1715,.F.);
#2409=ORIENTED_EDGE('',*,*,#1729,.F.);
#2410=ORIENTED_EDGE('',*,*,#1730,.T.);
#2411=ORIENTED_EDGE('',*,*,#1722,.T.);
#2412=ORIENTED_EDGE('',*,*,#1731,.T.);
#2413=ORIENTED_EDGE('',*,*,#1703,.T.);
#2414=ORIENTED_EDGE('',*,*,#1704,.T.);
#2415=ORIENTED_EDGE('',*,*,#1731,.F.);
#2416=ORIENTED_EDGE('',*,*,#1721,.T.);
#2417=ORIENTED_EDGE('',*,*,#1732,.T.);
#2418=ORIENTED_EDGE('',*,*,#1733,.T.);
#2419=ORIENTED_EDGE('',*,*,#1734,.F.);
#2420=ORIENTED_EDGE('',*,*,#1735,.T.);
#2421=ORIENTED_EDGE('',*,*,#1736,.F.);
#2422=ORIENTED_EDGE('',*,*,#1737,.F.);
#2423=ORIENTED_EDGE('',*,*,#1697,.T.);
#2424=ORIENTED_EDGE('',*,*,#1732,.F.);
#2425=ORIENTED_EDGE('',*,*,#1720,.T.);
#2426=ORIENTED_EDGE('',*,*,#1738,.T.);
#2427=ORIENTED_EDGE('',*,*,#1739,.F.);
#2428=ORIENTED_EDGE('',*,*,#1740,.T.);
#2429=ORIENTED_EDGE('',*,*,#1719,.F.);
#2430=ORIENTED_EDGE('',*,*,#1740,.F.);
#2431=ORIENTED_EDGE('',*,*,#1741,.F.);
#2432=ORIENTED_EDGE('',*,*,#1742,.T.);
#2433=ORIENTED_EDGE('',*,*,#1718,.F.);
#2434=ORIENTED_EDGE('',*,*,#1742,.F.);
#2435=ORIENTED_EDGE('',*,*,#1710,.F.);
#2436=ORIENTED_EDGE('',*,*,#1743,.T.);
#2437=ORIENTED_EDGE('',*,*,#1744,.F.);
#2438=ORIENTED_EDGE('',*,*,#1724,.F.);
#2439=ORIENTED_EDGE('',*,*,#1705,.F.);
#2440=ORIENTED_EDGE('',*,*,#1745,.T.);
#2441=ORIENTED_EDGE('',*,*,#1746,.F.);
#2442=ORIENTED_EDGE('',*,*,#1727,.F.);
#2443=ORIENTED_EDGE('',*,*,#1702,.F.);
#2444=ORIENTED_EDGE('',*,*,#1716,.F.);
#2445=ORIENTED_EDGE('',*,*,#1728,.T.);
#2446=ORIENTED_EDGE('',*,*,#1746,.T.);
#2447=ORIENTED_EDGE('',*,*,#1747,.T.);
#2448=ORIENTED_EDGE('',*,*,#1748,.F.);
#2449=ORIENTED_EDGE('',*,*,#1749,.T.);
#2450=ORIENTED_EDGE('',*,*,#1750,.T.);
#2451=ORIENTED_EDGE('',*,*,#1699,.F.);
#2452=ORIENTED_EDGE('',*,*,#1706,.F.);
#2453=ORIENTED_EDGE('',*,*,#1700,.F.);
#2454=ORIENTED_EDGE('',*,*,#1750,.F.);
#2455=ORIENTED_EDGE('',*,*,#1751,.T.);
#2456=ORIENTED_EDGE('',*,*,#1752,.T.);
#2457=ORIENTED_EDGE('',*,*,#1753,.F.);
#2458=ORIENTED_EDGE('',*,*,#1725,.F.);
#2459=ORIENTED_EDGE('',*,*,#1744,.T.);
#2460=ORIENTED_EDGE('',*,*,#1712,.F.);
#2461=ORIENTED_EDGE('',*,*,#1723,.F.);
#2462=ORIENTED_EDGE('',*,*,#1730,.F.);
#2463=ORIENTED_EDGE('',*,*,#1754,.T.);
#2464=ORIENTED_EDGE('',*,*,#1755,.T.);
#2465=ORIENTED_EDGE('',*,*,#1714,.F.);
#2466=ORIENTED_EDGE('',*,*,#1756,.T.);
#2467=ORIENTED_EDGE('',*,*,#1754,.F.);
#2468=ORIENTED_EDGE('',*,*,#1729,.T.);
#2469=ORIENTED_EDGE('',*,*,#1755,.F.);
#2470=ORIENTED_EDGE('',*,*,#1756,.F.);
#2471=ORIENTED_EDGE('',*,*,#1713,.T.);
#2472=ORIENTED_EDGE('',*,*,#1747,.F.);
#2473=ORIENTED_EDGE('',*,*,#1745,.F.);
#2474=ORIENTED_EDGE('',*,*,#1717,.T.);
#2475=ORIENTED_EDGE('',*,*,#1751,.F.);
#2476=ORIENTED_EDGE('',*,*,#1749,.F.);
#2477=ORIENTED_EDGE('',*,*,#1757,.F.);
#2478=ORIENTED_EDGE('',*,*,#1758,.T.);
#2479=ORIENTED_EDGE('',*,*,#1707,.T.);
#2480=ORIENTED_EDGE('',*,*,#1709,.F.);
#2481=ORIENTED_EDGE('',*,*,#1759,.F.);
#2482=ORIENTED_EDGE('',*,*,#1760,.F.);
#2483=ORIENTED_EDGE('',*,*,#1752,.F.);
#2484=ORIENTED_EDGE('',*,*,#1743,.F.);
#2485=ORIENTED_EDGE('',*,*,#1708,.F.);
#2486=ORIENTED_EDGE('',*,*,#1758,.F.);
#2487=ORIENTED_EDGE('',*,*,#1761,.F.);
#2488=ORIENTED_EDGE('',*,*,#1759,.T.);
#2489=ORIENTED_EDGE('',*,*,#1574,.F.);
#2490=ORIENTED_EDGE('',*,*,#1762,.F.);
#2491=ORIENTED_EDGE('',*,*,#1642,.F.);
#2492=ORIENTED_EDGE('',*,*,#1763,.F.);
#2493=ORIENTED_EDGE('',*,*,#1600,.F.);
#2494=ORIENTED_EDGE('',*,*,#1617,.F.);
#2495=ORIENTED_EDGE('',*,*,#1643,.F.);
#2496=ORIENTED_EDGE('',*,*,#1762,.T.);
#2497=ORIENTED_EDGE('',*,*,#1573,.F.);
#2498=ORIENTED_EDGE('',*,*,#1764,.T.);
#2499=ORIENTED_EDGE('',*,*,#1601,.F.);
#2500=ORIENTED_EDGE('',*,*,#1764,.F.);
#2501=ORIENTED_EDGE('',*,*,#1572,.F.);
#2502=ORIENTED_EDGE('',*,*,#1656,.F.);
#2503=ORIENTED_EDGE('',*,*,#1655,.F.);
#2504=ORIENTED_EDGE('',*,*,#1765,.F.);
#2505=ORIENTED_EDGE('',*,*,#1625,.F.);
#2506=ORIENTED_EDGE('',*,*,#1766,.F.);
#2507=ORIENTED_EDGE('',*,*,#1767,.F.);
#2508=ORIENTED_EDGE('',*,*,#1613,.F.);
#2509=ORIENTED_EDGE('',*,*,#1659,.F.);
#2510=ORIENTED_EDGE('',*,*,#1658,.F.);
#2511=ORIENTED_EDGE('',*,*,#1768,.F.);
#2512=ORIENTED_EDGE('',*,*,#1623,.T.);
#2513=ORIENTED_EDGE('',*,*,#1554,.F.);
#2514=ORIENTED_EDGE('',*,*,#1769,.F.);
#2515=ORIENTED_EDGE('',*,*,#1770,.F.);
#2516=ORIENTED_EDGE('',*,*,#1771,.F.);
#2517=ORIENTED_EDGE('',*,*,#1548,.F.);
#2518=ORIENTED_EDGE('',*,*,#1549,.F.);
#2519=ORIENTED_EDGE('',*,*,#1771,.T.);
#2520=ORIENTED_EDGE('',*,*,#1772,.T.);
#2521=ORIENTED_EDGE('',*,*,#1766,.T.);
#2522=ORIENTED_EDGE('',*,*,#1624,.T.);
#2523=ORIENTED_EDGE('',*,*,#1768,.T.);
#2524=ORIENTED_EDGE('',*,*,#1569,.F.);
#2525=ORIENTED_EDGE('',*,*,#1691,.T.);
#2526=ORIENTED_EDGE('',*,*,#1688,.T.);
#2527=ORIENTED_EDGE('',*,*,#1680,.T.);
#2528=ORIENTED_EDGE('',*,*,#1669,.T.);
#2529=ORIENTED_EDGE('',*,*,#1676,.T.);
#2530=ORIENTED_EDGE('',*,*,#1684,.T.);
#2531=ORIENTED_EDGE('',*,*,#1561,.F.);
#2532=ORIENTED_EDGE('',*,*,#1576,.F.);
#2533=ORIENTED_EDGE('',*,*,#1773,.F.);
#2534=ORIENTED_EDGE('',*,*,#1774,.F.);
#2535=ORIENTED_EDGE('',*,*,#1567,.F.);
#2536=ORIENTED_EDGE('',*,*,#1636,.F.);
#2537=ORIENTED_EDGE('',*,*,#1775,.F.);
#2538=ORIENTED_EDGE('',*,*,#1637,.F.);
#2539=ORIENTED_EDGE('',*,*,#1628,.F.);
#2540=ORIENTED_EDGE('',*,*,#1631,.F.);
#2541=ORIENTED_EDGE('',*,*,#1633,.F.);
#2542=ORIENTED_EDGE('',*,*,#1776,.T.);
#2543=ORIENTED_EDGE('',*,*,#1777,.F.);
#2544=ORIENTED_EDGE('',*,*,#1778,.T.);
#2545=ORIENTED_EDGE('',*,*,#1776,.F.);
#2546=ORIENTED_EDGE('',*,*,#1778,.F.);
#2547=ORIENTED_EDGE('',*,*,#1777,.T.);
#2548=ORIENTED_EDGE('',*,*,#1739,.T.);
#2549=ORIENTED_EDGE('',*,*,#1741,.T.);
#2550=ORIENTED_EDGE('',*,*,#1634,.F.);
#2551=ORIENTED_EDGE('',*,*,#1621,.T.);
#2552=ORIENTED_EDGE('',*,*,#1626,.T.);
#2553=ORIENTED_EDGE('',*,*,#1765,.T.);
#2554=ORIENTED_EDGE('',*,*,#1779,.T.);
#2555=ORIENTED_EDGE('',*,*,#1780,.T.);
#2556=ORIENTED_EDGE('',*,*,#1635,.F.);
#2557=ORIENTED_EDGE('',*,*,#1780,.F.);
#2558=ORIENTED_EDGE('',*,*,#1781,.F.);
#2559=ORIENTED_EDGE('',*,*,#1640,.T.);
#2560=ORIENTED_EDGE('',*,*,#1638,.F.);
#2561=ORIENTED_EDGE('',*,*,#1775,.T.);
#2562=ORIENTED_EDGE('',*,*,#1770,.T.);
#2563=ORIENTED_EDGE('',*,*,#1782,.F.);
#2564=ORIENTED_EDGE('',*,*,#1773,.T.);
#2565=ORIENTED_EDGE('',*,*,#1575,.F.);
#2566=ORIENTED_EDGE('',*,*,#1763,.T.);
#2567=ORIENTED_EDGE('',*,*,#1641,.T.);
#2568=ORIENTED_EDGE('',*,*,#1781,.T.);
#2569=ORIENTED_EDGE('',*,*,#1779,.F.);
#2570=ORIENTED_EDGE('',*,*,#1767,.T.);
#2571=ORIENTED_EDGE('',*,*,#1772,.F.);
#2572=ORIENTED_EDGE('',*,*,#1661,.T.);
#2573=ORIENTED_EDGE('',*,*,#1664,.T.);
#2574=ORIENTED_EDGE('',*,*,#1753,.T.);
#2575=ORIENTED_EDGE('',*,*,#1760,.T.);
#2576=ORIENTED_EDGE('',*,*,#1761,.T.);
#2577=ORIENTED_EDGE('',*,*,#1757,.T.);
#2578=ORIENTED_EDGE('',*,*,#1748,.T.);
#2579=ORIENTED_EDGE('',*,*,#1698,.F.);
#2580=ORIENTED_EDGE('',*,*,#1738,.F.);
#2581=ORIENTED_EDGE('',*,*,#1726,.F.);
#2582=ORIENTED_EDGE('',*,*,#1737,.T.);
#2583=ORIENTED_EDGE('',*,*,#1736,.T.);
#2584=ORIENTED_EDGE('',*,*,#1735,.F.);
#2585=ORIENTED_EDGE('',*,*,#1734,.T.);
#2586=ORIENTED_EDGE('',*,*,#1733,.F.);
#2587=ORIENTED_EDGE('',*,*,#1568,.F.);
#2588=ORIENTED_EDGE('',*,*,#1774,.T.);
#2589=ORIENTED_EDGE('',*,*,#1782,.T.);
#2590=ORIENTED_EDGE('',*,*,#1769,.T.);
#2591=ORIENTED_EDGE('',*,*,#1553,.F.);
#2592=ORIENTED_EDGE('',*,*,#1557,.F.);
#2593=ORIENTED_EDGE('',*,*,#1647,.F.);
#2594=ORIENTED_EDGE('',*,*,#1652,.T.);
#2595=ORIENTED_EDGE('',*,*,#1654,.F.);
#2596=ORIENTED_EDGE('',*,*,#1585,.F.);
#2597=PLANE('',#2840);
#2598=PLANE('',#2844);
#2599=PLANE('',#2845);
#2600=PLANE('',#2851);
#2601=PLANE('',#2852);
#2602=PLANE('',#2853);
#2603=PLANE('',#2856);
#2604=PLANE('',#2859);
#2605=PLANE('',#2863);
#2606=PLANE('',#2864);
#2607=PLANE('',#2868);
#2608=PLANE('',#2871);
#2609=PLANE('',#2875);
#2610=PLANE('',#2876);
#2611=PLANE('',#2879);
#2612=PLANE('',#2881);
#2613=PLANE('',#2884);
#2614=PLANE('',#2890);
#2615=PLANE('',#2893);
#2616=PLANE('',#2894);
#2617=PLANE('',#2897);
#2618=PLANE('',#2898);
#2619=PLANE('',#2901);
#2620=PLANE('',#2912);
#2621=PLANE('',#2913);
#2622=PLANE('',#2914);
#2623=PLANE('',#2915);
#2624=PLANE('',#2916);
#2625=PLANE('',#2917);
#2626=PLANE('',#2927);
#2627=PLANE('',#2931);
#2628=PLANE('',#2932);
#2629=PLANE('',#2933);
#2630=PLANE('',#2936);
#2631=PLANE('',#2946);
#2632=PLANE('',#2952);
#2633=PLANE('',#2953);
#2634=PLANE('',#2954);
#2635=PLANE('',#2955);
#2636=PLANE('',#2959);
#2637=PLANE('',#2961);
#2638=PLANE('',#2964);
#2639=PLANE('',#2973);
#2640=PLANE('',#2977);
#2641=PLANE('',#2984);
#2642=PLANE('',#2985);
#2643=PLANE('',#2986);
#2644=PLANE('',#2987);
#2645=PLANE('',#2988);
#2646=PLANE('',#2989);
#2647=PLANE('',#2990);
#2648=PLANE('',#2991);
#2649=PLANE('',#2992);
#2650=PLANE('',#2993);
#2651=PLANE('',#2994);
#2652=PLANE('',#2995);
#2653=PLANE('',#2996);
#2654=PLANE('',#2999);
#2655=PLANE('',#3002);
#2656=PLANE('',#3005);
#2657=PLANE('',#3006);
#2658=PLANE('',#3014);
#2659=PLANE('',#3017);
#2660=PLANE('',#3019);
#2661=PLANE('',#3020);
#2662=PLANE('',#3021);
#2663=PLANE('',#3022);
#2664=PLANE('',#3024);
#2665=PLANE('',#3025);
#2666=PLANE('',#3026);
#2667=PLANE('',#3030);
#2668=PLANE('',#3031);
#2669=PLANE('',#3032);
#2670=PLANE('',#3033);
#2671=PLANE('',#3034);
#2672=PLANE('',#3035);
#2673=ADVANCED_FACE('',(#298),#2597,.T.);
#2674=ADVANCED_FACE('',(#299),#256,.F.);
#2675=ADVANCED_FACE('',(#300),#2598,.T.);
#2676=ADVANCED_FACE('',(#301,#151),#2599,.F.);
#2677=ADVANCED_FACE('',(#302),#257,.F.);
#2678=ADVANCED_FACE('',(#303),#2600,.T.);
#2679=ADVANCED_FACE('',(#304),#2601,.T.);
#2680=ADVANCED_FACE('',(#305,#152),#2602,.F.);
#2681=ADVANCED_FACE('',(#306),#2603,.F.);
#2682=ADVANCED_FACE('',(#307),#2604,.F.);
#2683=ADVANCED_FACE('',(#308),#258,.F.);
#2684=ADVANCED_FACE('',(#309),#2605,.T.);
#2685=ADVANCED_FACE('',(#310),#2606,.T.);
#2686=ADVANCED_FACE('',(#311),#259,.F.);
#2687=ADVANCED_FACE('',(#312,#153),#2607,.F.);
#2688=ADVANCED_FACE('',(#313),#2608,.T.);
#2689=ADVANCED_FACE('',(#314),#260,.F.);
#2690=ADVANCED_FACE('',(#315),#2609,.T.);
#2691=ADVANCED_FACE('',(#316,#154),#2610,.F.);
#2692=ADVANCED_FACE('',(#317),#2611,.F.);
#2693=ADVANCED_FACE('',(#318),#2612,.T.);
#2694=ADVANCED_FACE('',(#319),#2613,.F.);
#2695=ADVANCED_FACE('',(#320),#261,.F.);
#2696=ADVANCED_FACE('',(#321),#262,.F.);
#2697=ADVANCED_FACE('',(#322,#155,#156),#2614,.F.);
#2698=ADVANCED_FACE('',(#323),#2615,.F.);
#2699=ADVANCED_FACE('',(#324,#157,#158),#2616,.F.);
#2700=ADVANCED_FACE('',(#325),#2617,.F.);
#2701=ADVANCED_FACE('',(#326,#159,#160),#2618,.F.);
#2702=ADVANCED_FACE('',(#327,#161,#162),#2619,.F.);
#2703=ADVANCED_FACE('',(#328),#263,.F.);
#2704=ADVANCED_FACE('',(#329),#264,.F.);
#2705=ADVANCED_FACE('',(#330),#265,.F.);
#2706=ADVANCED_FACE('',(#331),#266,.F.);
#2707=ADVANCED_FACE('',(#332),#267,.F.);
#2708=ADVANCED_FACE('',(#333),#268,.F.);
#2709=ADVANCED_FACE('',(#334),#269,.T.);
#2710=ADVANCED_FACE('',(#335),#270,.T.);
#2711=ADVANCED_FACE('',(#336),#2620,.F.);
#2712=ADVANCED_FACE('',(#337),#2621,.F.);
#2713=ADVANCED_FACE('',(#338),#2622,.F.);
#2714=ADVANCED_FACE('',(#339),#2623,.F.);
#2715=ADVANCED_FACE('',(#340),#2624,.F.);
#2716=ADVANCED_FACE('',(#341),#2625,.F.);
#2717=ADVANCED_FACE('',(#342),#271,.T.);
#2718=ADVANCED_FACE('',(#343),#141,.T.);
#2719=ADVANCED_FACE('',(#344),#272,.T.);
#2720=ADVANCED_FACE('',(#345,#163),#2626,.F.);
#2721=ADVANCED_FACE('',(#346),#273,.F.);
#2722=ADVANCED_FACE('',(#347),#2627,.T.);
#2723=ADVANCED_FACE('',(#348),#2628,.T.);
#2724=ADVANCED_FACE('',(#349),#2629,.T.);
#2725=ADVANCED_FACE('',(#350),#274,.T.);
#2726=ADVANCED_FACE('',(#351,#164),#2630,.T.);
#2727=ADVANCED_FACE('',(#352),#275,.T.);
#2728=ADVANCED_FACE('',(#353),#142,.T.);
#2729=ADVANCED_FACE('',(#354),#276,.T.);
#2730=ADVANCED_FACE('',(#355,#165),#2631,.F.);
#2731=ADVANCED_FACE('',(#356),#277,.F.);
#2732=ADVANCED_FACE('',(#357),#278,.T.);
#2733=ADVANCED_FACE('',(#358),#2632,.T.);
#2734=ADVANCED_FACE('',(#359),#2633,.T.);
#2735=ADVANCED_FACE('',(#360),#2634,.T.);
#2736=ADVANCED_FACE('',(#361,#166),#2635,.T.);
#2737=ADVANCED_FACE('',(#362),#279,.T.);
#2738=ADVANCED_FACE('',(#363),#32,.F.);
#2739=ADVANCED_FACE('',(#364),#280,.T.);
#2740=ADVANCED_FACE('',(#365),#281,.T.);
#2741=ADVANCED_FACE('',(#366),#33,.F.);
#2742=ADVANCED_FACE('',(#367),#34,.F.);
#2743=ADVANCED_FACE('',(#368),#35,.F.);
#2744=ADVANCED_FACE('',(#369,#167),#2636,.T.);
#2745=ADVANCED_FACE('',(#370),#17,.F.);
#2746=ADVANCED_FACE('',(#371),#2637,.F.);
#2747=ADVANCED_FACE('',(#372),#18,.F.);
#2748=ADVANCED_FACE('',(#373),#36,.F.);
#2749=ADVANCED_FACE('',(#374),#37,.F.);
#2750=ADVANCED_FACE('',(#375),#38,.F.);
#2751=ADVANCED_FACE('',(#376),#39,.F.);
#2752=ADVANCED_FACE('',(#377),#40,.F.);
#2753=ADVANCED_FACE('',(#378),#19,.F.);
#2754=ADVANCED_FACE('',(#379),#2638,.T.);
#2755=ADVANCED_FACE('',(#380),#20,.F.);
#2756=ADVANCED_FACE('',(#381),#282,.F.);
#2757=ADVANCED_FACE('',(#382),#41,.F.);
#2758=ADVANCED_FACE('',(#383),#283,.T.);
#2759=ADVANCED_FACE('',(#384),#42,.F.);
#2760=ADVANCED_FACE('',(#385),#284,.T.);
#2761=ADVANCED_FACE('',(#386),#285,.T.);
#2762=ADVANCED_FACE('',(#387),#2639,.T.);
#2763=ADVANCED_FACE('',(#388),#286,.F.);
#2764=ADVANCED_FACE('',(#389),#287,.F.);
#2765=ADVANCED_FACE('',(#390),#43,.F.);
#2766=ADVANCED_FACE('',(#391),#44,.T.);
#2767=ADVANCED_FACE('',(#392),#21,.F.);
#2768=ADVANCED_FACE('',(#393),#45,.T.);
#2769=ADVANCED_FACE('',(#394),#2640,.T.);
#2770=ADVANCED_FACE('',(#395),#288,.F.);
#2771=ADVANCED_FACE('',(#396),#289,.F.);
#2772=ADVANCED_FACE('',(#397),#2641,.F.);
#2773=ADVANCED_FACE('',(#398),#2642,.F.);
#2774=ADVANCED_FACE('',(#399),#2643,.F.);
#2775=ADVANCED_FACE('',(#400),#2644,.F.);
#2776=ADVANCED_FACE('',(#401),#2645,.F.);
#2777=ADVANCED_FACE('',(#402),#2646,.F.);
#2778=ADVANCED_FACE('',(#403),#2647,.F.);
#2779=ADVANCED_FACE('',(#404),#2648,.F.);
#2780=ADVANCED_FACE('',(#405,#168),#2649,.F.);
#2781=ADVANCED_FACE('',(#406,#169),#2650,.F.);
#2782=ADVANCED_FACE('',(#407),#2651,.F.);
#2783=ADVANCED_FACE('',(#408),#2652,.F.);
#2784=ADVANCED_FACE('',(#409,#170),#2653,.F.);
#2785=ADVANCED_FACE('',(#410,#171,#172),#2654,.F.);
#2786=ADVANCED_FACE('',(#411,#173),#2655,.F.);
#2787=ADVANCED_FACE('',(#412),#46,.T.);
#2788=ADVANCED_FACE('',(#413),#47,.T.);
#2789=ADVANCED_FACE('',(#414),#2656,.T.);
#2790=ADVANCED_FACE('',(#415),#2657,.T.);
#2791=ADVANCED_FACE('',(#416),#290,.F.);
#2792=ADVANCED_FACE('',(#417),#291,.F.);
#2793=ADVANCED_FACE('',(#418),#292,.T.);
#2794=ADVANCED_FACE('',(#419),#293,.T.);
#2795=ADVANCED_FACE('',(#420),#48,.T.);
#2796=ADVANCED_FACE('',(#421),#2658,.T.);
#2797=ADVANCED_FACE('',(#422),#294,.T.);
#2798=ADVANCED_FACE('',(#423),#2659,.T.);
#2799=ADVANCED_FACE('',(#424),#295,.T.);
#2800=ADVANCED_FACE('',(#425),#49,.T.);
#2801=ADVANCED_FACE('',(#426),#50,.T.);
#2802=ADVANCED_FACE('',(#427),#51,.T.);
#2803=ADVANCED_FACE('',(#428),#2660,.F.);
#2804=ADVANCED_FACE('',(#429),#2661,.F.);
#2805=ADVANCED_FACE('',(#430),#2662,.F.);
#2806=ADVANCED_FACE('',(#431),#2663,.F.);
#2807=ADVANCED_FACE('',(#432),#296,.F.);
#2808=ADVANCED_FACE('',(#433),#22,.F.);
#2809=ADVANCED_FACE('',(#434),#2664,.F.);
#2810=ADVANCED_FACE('',(#435),#23,.F.);
#2811=ADVANCED_FACE('',(#436),#24,.F.);
#2812=ADVANCED_FACE('',(#437,#174),#2665,.T.);
#2813=ADVANCED_FACE('',(#438),#25,.F.);
#2814=ADVANCED_FACE('',(#439,#175),#2666,.T.);
#2815=ADVANCED_FACE('',(#440),#297,.T.);
#2816=ADVANCED_FACE('',(#441,#176,#177),#2667,.T.);
#2817=ADVANCED_FACE('',(#442),#2668,.T.);
#2818=ADVANCED_FACE('',(#443),#2669,.T.);
#2819=ADVANCED_FACE('',(#444,#178,#179,#180,#181),#2670,.T.);
#2820=ADVANCED_FACE('',(#445),#2671,.T.);
#2821=ADVANCED_FACE('',(#446),#2672,.T.);
#2822=CLOSED_SHELL('',(#2673,#2674,#2675,#2676,#2677,#2678,#2679,#2680,
#2681,#2682,#2683,#2684,#2685,#2686,#2687,#2688,#2689,#2690,#2691,#2692,
#2693,#2694,#2695,#2696,#2697,#2698,#2699,#2700,#2701,#2702,#2703,#2704,
#2705,#2706,#2707,#2708,#2709,#2710,#2711,#2712,#2713,#2714,#2715,#2716));
#2823=CLOSED_SHELL('',(#2717,#2718,#2719,#2720,#2721,#2722,#2723,#2724,
#2725,#2726));
#2824=CLOSED_SHELL('',(#2727,#2728,#2729,#2730,#2731,#2732,#2733,#2734,
#2735,#2736));
#2825=CLOSED_SHELL('',(#2737,#2738,#2739,#2740,#2741,#2742,#2743,#2744,
#2745,#2746,#2747,#2748,#2749,#2750,#2751,#2752,#2753,#2754,#2755,#2756,
#2757,#2758,#2759,#2760,#2761,#2762,#2763,#2764,#2765,#2766,#2767,#2768,
#2769,#2770,#2771,#2772,#2773,#2774,#2775,#2776,#2777,#2778,#2779,#2780,
#2781,#2782,#2783,#2784,#2785,#2786,#2787,#2788,#2789,#2790,#2791,#2792,
#2793,#2794,#2795,#2796,#2797,#2798,#2799,#2800,#2801,#2802,#2803,#2804,
#2805,#2806,#2807,#2808,#2809,#2810,#2811,#2812,#2813,#2814,#2815,#2816,
#2817,#2818,#2819,#2820,#2821));
#2826=DERIVED_UNIT_ELEMENT(#2828,1.);
#2827=DERIVED_UNIT_ELEMENT(#6313,-3.);
#2828=(
MASS_UNIT()
NAMED_UNIT(*)
SI_UNIT(.KILO.,.GRAM.)
);
#2829=DERIVED_UNIT((#2826,#2827));
#2830=MEASURE_REPRESENTATION_ITEM('density measure',
POSITIVE_RATIO_MEASURE(7850.),#2829);
#2831=PROPERTY_DEFINITION_REPRESENTATION(#2836,#2833);
#2832=PROPERTY_DEFINITION_REPRESENTATION(#2837,#2834);
#2833=REPRESENTATION('material name',(#2835),#6310);
#2834=REPRESENTATION('density',(#2830),#6310);
#2835=DESCRIPTIVE_REPRESENTATION_ITEM('\X2\92FC\X0\','\X2\92FC\X0\');
#2836=PROPERTY_DEFINITION('material property','material name',#6325);
#2837=PROPERTY_DEFINITION('material property','density of part',#6325);
#2838=AXIS2_PLACEMENT_3D('',#3675,#3037,#3038);
#2839=AXIS2_PLACEMENT_3D('',#3676,#3039,#3040);
#2840=AXIS2_PLACEMENT_3D('',#3677,#3041,#3042);
#2841=AXIS2_PLACEMENT_3D('',#3686,#3047,#3048);
#2842=AXIS2_PLACEMENT_3D('',#3688,#3049,#3050);
#2843=AXIS2_PLACEMENT_3D('',#3690,#3051,#3052);
#2844=AXIS2_PLACEMENT_3D('',#3692,#3054,#3055);
#2845=AXIS2_PLACEMENT_3D('',#3698,#3059,#3060);
#2846=AXIS2_PLACEMENT_3D('',#3703,#3063,#3064);
#2847=AXIS2_PLACEMENT_3D('',#3705,#3065,#3066);
#2848=AXIS2_PLACEMENT_3D('',#3706,#3067,#3068);
#2849=AXIS2_PLACEMENT_3D('',#3709,#3069,#3070);
#2850=AXIS2_PLACEMENT_3D('',#3713,#3072,#3073);
#2851=AXIS2_PLACEMENT_3D('',#3715,#3075,#3076);
#2852=AXIS2_PLACEMENT_3D('',#3721,#3080,#3081);
#2853=AXIS2_PLACEMENT_3D('',#3727,#3085,#3086);
#2854=AXIS2_PLACEMENT_3D('',#3729,#3087,#3088);
#2855=AXIS2_PLACEMENT_3D('',#3734,#3091,#3092);
#2856=AXIS2_PLACEMENT_3D('',#3735,#3093,#3094);
#2857=AXIS2_PLACEMENT_3D('',#3739,#3096,#3097);
#2858=AXIS2_PLACEMENT_3D('',#3743,#3099,#3100);
#2859=AXIS2_PLACEMENT_3D('',#3767,#3113,#3114);
#2860=AXIS2_PLACEMENT_3D('',#3771,#3117,#3118);
#2861=AXIS2_PLACEMENT_3D('',#3773,#3119,#3120);
#2862=AXIS2_PLACEMENT_3D('',#3775,#3122,#3123);
#2863=AXIS2_PLACEMENT_3D('',#3776,#3124,#3125);
#2864=AXIS2_PLACEMENT_3D('',#3782,#3129,#3130);
#2865=AXIS2_PLACEMENT_3D('',#3791,#3135,#3136);
#2866=AXIS2_PLACEMENT_3D('',#3792,#3137,#3138);
#2867=AXIS2_PLACEMENT_3D('',#3793,#3139,#3140);
#2868=AXIS2_PLACEMENT_3D('',#3794,#3141,#3142);
#2869=AXIS2_PLACEMENT_3D('',#3796,#3143,#3144);
#2870=AXIS2_PLACEMENT_3D('',#3799,#3146,#3147);
#2871=AXIS2_PLACEMENT_3D('',#3800,#3148,#3149);
#2872=AXIS2_PLACEMENT_3D('',#3809,#3154,#3155);
#2873=AXIS2_PLACEMENT_3D('',#3811,#3156,#3157);
#2874=AXIS2_PLACEMENT_3D('',#3813,#3158,#3159);
#2875=AXIS2_PLACEMENT_3D('',#3815,#3161,#3162);
#2876=AXIS2_PLACEMENT_3D('',#3821,#3166,#3167);
#2877=AXIS2_PLACEMENT_3D('',#3825,#3169,#3170);
#2878=AXIS2_PLACEMENT_3D('',#3828,#3172,#3173);
#2879=AXIS2_PLACEMENT_3D('',#3829,#3174,#3175);
#2880=AXIS2_PLACEMENT_3D('',#3833,#3178,#3179);
#2881=AXIS2_PLACEMENT_3D('',#3834,#3180,#3181);
#2882=AXIS2_PLACEMENT_3D('',#3853,#3191,#3192);
#2883=AXIS2_PLACEMENT_3D('',#3857,#3194,#3195);
#2884=AXIS2_PLACEMENT_3D('',#3859,#3197,#3198);
#2885=AXIS2_PLACEMENT_3D('',#3863,#3201,#3202);
#2886=AXIS2_PLACEMENT_3D('',#3865,#3203,#3204);
#2887=AXIS2_PLACEMENT_3D('',#3867,#3206,#3207);
#2888=AXIS2_PLACEMENT_3D('',#3870,#3208,#3209);
#2889=AXIS2_PLACEMENT_3D('',#3874,#3211,#3212);
#2890=AXIS2_PLACEMENT_3D('',#3876,#3214,#3215);
#2891=AXIS2_PLACEMENT_3D('',#3881,#3219,#3220);
#2892=AXIS2_PLACEMENT_3D('',#3883,#3221,#3222);
#2893=AXIS2_PLACEMENT_3D('',#3884,#3223,#3224);
#2894=AXIS2_PLACEMENT_3D('',#3886,#3226,#3227);
#2895=AXIS2_PLACEMENT_3D('',#3890,#3230,#3231);
#2896=AXIS2_PLACEMENT_3D('',#3892,#3232,#3233);
#2897=AXIS2_PLACEMENT_3D('',#3893,#3234,#3235);
#2898=AXIS2_PLACEMENT_3D('',#3895,#3237,#3238);
#2899=AXIS2_PLACEMENT_3D('',#3899,#3241,#3242);
#2900=AXIS2_PLACEMENT_3D('',#3901,#3243,#3244);
#2901=AXIS2_PLACEMENT_3D('',#3902,#3245,#3246);
#2902=AXIS2_PLACEMENT_3D('',#3906,#3249,#3250);
#2903=AXIS2_PLACEMENT_3D('',#3908,#3251,#3252);
#2904=AXIS2_PLACEMENT_3D('',#3909,#3253,#3254);
#2905=AXIS2_PLACEMENT_3D('',#3911,#3256,#3257);
#2906=AXIS2_PLACEMENT_3D('',#3913,#3259,#3260);
#2907=AXIS2_PLACEMENT_3D('',#3915,#3262,#3263);
#2908=AXIS2_PLACEMENT_3D('',#3917,#3265,#3266);
#2909=AXIS2_PLACEMENT_3D('',#3919,#3268,#3269);
#2910=AXIS2_PLACEMENT_3D('',#3921,#3271,#3272);
#2911=AXIS2_PLACEMENT_3D('',#3923,#3274,#3275);
#2912=AXIS2_PLACEMENT_3D('',#3925,#3277,#3278);
#2913=AXIS2_PLACEMENT_3D('',#3926,#3279,#3280);
#2914=AXIS2_PLACEMENT_3D('',#3927,#3281,#3282);
#2915=AXIS2_PLACEMENT_3D('',#3928,#3283,#3284);
#2916=AXIS2_PLACEMENT_3D('',#3929,#3285,#3286);
#2917=AXIS2_PLACEMENT_3D('',#3930,#3287,#3288);
#2918=AXIS2_PLACEMENT_3D('',#3931,#3289,#3290);
#2919=AXIS2_PLACEMENT_3D('',#3934,#3291,#3292);
#2920=AXIS2_PLACEMENT_3D('',#3938,#3294,#3295);
#2921=AXIS2_PLACEMENT_3D('',#3940,#3297,#3298);
#2922=AXIS2_PLACEMENT_3D('',#3943,#3299,#3300);
#2923=AXIS2_PLACEMENT_3D('',#3944,#3301,#3302);
#2924=AXIS2_PLACEMENT_3D('',#3945,#3303,#3304);
#2925=AXIS2_PLACEMENT_3D('',#3946,#3305,#3306);
#2926=AXIS2_PLACEMENT_3D('',#3949,#3307,#3308);
#2927=AXIS2_PLACEMENT_3D('',#3952,#3311,#3312);
#2928=AXIS2_PLACEMENT_3D('',#3955,#3314,#3315);
#2929=AXIS2_PLACEMENT_3D('',#3956,#3316,#3317);
#2930=AXIS2_PLACEMENT_3D('',#3959,#3319,#3320);
#2931=AXIS2_PLACEMENT_3D('',#3960,#3321,#3322);
#2932=AXIS2_PLACEMENT_3D('',#3966,#3326,#3327);
#2933=AXIS2_PLACEMENT_3D('',#3970,#3330,#3331);
#2934=AXIS2_PLACEMENT_3D('',#3974,#3334,#3335);
#2935=AXIS2_PLACEMENT_3D('',#3975,#3336,#3337);
#2936=AXIS2_PLACEMENT_3D('',#3976,#3338,#3339);
#2937=AXIS2_PLACEMENT_3D('',#3977,#3340,#3341);
#2938=AXIS2_PLACEMENT_3D('',#3980,#3342,#3343);
#2939=AXIS2_PLACEMENT_3D('',#3984,#3345,#3346);
#2940=AXIS2_PLACEMENT_3D('',#3986,#3348,#3349);
#2941=AXIS2_PLACEMENT_3D('',#3989,#3350,#3351);
#2942=AXIS2_PLACEMENT_3D('',#3990,#3352,#3353);
#2943=AXIS2_PLACEMENT_3D('',#3991,#3354,#3355);
#2944=AXIS2_PLACEMENT_3D('',#3992,#3356,#3357);
#2945=AXIS2_PLACEMENT_3D('',#3995,#3358,#3359);
#2946=AXIS2_PLACEMENT_3D('',#3998,#3362,#3363);
#2947=AXIS2_PLACEMENT_3D('',#4001,#3365,#3366);
#2948=AXIS2_PLACEMENT_3D('',#4002,#3367,#3368);
#2949=AXIS2_PLACEMENT_3D('',#4005,#3370,#3371);
#2950=AXIS2_PLACEMENT_3D('',#4006,#3372,#3373);
#2951=AXIS2_PLACEMENT_3D('',#4010,#3375,#3376);
#2952=AXIS2_PLACEMENT_3D('',#4012,#3378,#3379);
#2953=AXIS2_PLACEMENT_3D('',#4016,#3382,#3383);
#2954=AXIS2_PLACEMENT_3D('',#4020,#3386,#3387);
#2955=AXIS2_PLACEMENT_3D('',#4022,#3389,#3390);
#2956=AXIS2_PLACEMENT_3D('',#4023,#3391,#3392);
#2957=AXIS2_PLACEMENT_3D('',#4184,#3395,#3396);
#2958=AXIS2_PLACEMENT_3D('',#4232,#3399,#3400);
#2959=AXIS2_PLACEMENT_3D('',#4526,#3403,#3404);
#2960=AXIS2_PLACEMENT_3D('',#4537,#3405,#3406);
#2961=AXIS2_PLACEMENT_3D('',#4645,#3418,#3419);
#2962=AXIS2_PLACEMENT_3D('',#4888,#3424,#3425);
#2963=AXIS2_PLACEMENT_3D('',#4967,#3426,#3427);
#2964=AXIS2_PLACEMENT_3D('',#5091,#3430,#3431);
#2965=AXIS2_PLACEMENT_3D('',#5141,#3435,#3436);
#2966=AXIS2_PLACEMENT_3D('',#5145,#3438,#3439);
#2967=AXIS2_PLACEMENT_3D('',#5148,#3441,#3442);
#2968=AXIS2_PLACEMENT_3D('',#5282,#3443,#3444);
#2969=AXIS2_PLACEMENT_3D('',#5417,#3446,#3447);
#2970=AXIS2_PLACEMENT_3D('',#5421,#3449,#3450);
#2971=AXIS2_PLACEMENT_3D('',#5423,#3452,#3453);
#2972=AXIS2_PLACEMENT_3D('',#5427,#3455,#3456);
#2973=AXIS2_PLACEMENT_3D('',#5429,#3458,#3459);
#2974=AXIS2_PLACEMENT_3D('',#5436,#3463,#3464);
#2975=AXIS2_PLACEMENT_3D('',#5437,#3465,#3466);
#2976=AXIS2_PLACEMENT_3D('',#5459,#3468,#3469);
#2977=AXIS2_PLACEMENT_3D('',#5710,#3473,#3474);
#2978=AXIS2_PLACEMENT_3D('',#5711,#3475,#3476);
#2979=AXIS2_PLACEMENT_3D('',#5713,#3477,#3478);
#2980=AXIS2_PLACEMENT_3D('',#5716,#3480,#3481);
#2981=AXIS2_PLACEMENT_3D('',#5717,#3482,#3483);
#2982=AXIS2_PLACEMENT_3D('',#5719,#3484,#3485);
#2983=AXIS2_PLACEMENT_3D('',#5722,#3487,#3488);
#2984=AXIS2_PLACEMENT_3D('',#5723,#3489,#3490);
#2985=AXIS2_PLACEMENT_3D('',#5732,#3495,#3496);
#2986=AXIS2_PLACEMENT_3D('',#5738,#3500,#3501);
#2987=AXIS2_PLACEMENT_3D('',#5744,#3505,#3506);
#2988=AXIS2_PLACEMENT_3D('',#5748,#3509,#3510);
#2989=AXIS2_PLACEMENT_3D('',#5754,#3514,#3515);
#2990=AXIS2_PLACEMENT_3D('',#5760,#3519,#3520);
#2991=AXIS2_PLACEMENT_3D('',#5764,#3523,#3524);
#2992=AXIS2_PLACEMENT_3D('',#5770,#3528,#3529);
#2993=AXIS2_PLACEMENT_3D('',#5773,#3532,#3533);
#2994=AXIS2_PLACEMENT_3D('',#5777,#3536,#3537);
#2995=AXIS2_PLACEMENT_3D('',#5781,#3540,#3541);
#2996=AXIS2_PLACEMENT_3D('',#5783,#3543,#3544);
#2997=AXIS2_PLACEMENT_3D('',#5792,#3548,#3549);
#2998=AXIS2_PLACEMENT_3D('',#5796,#3551,#3552);
#2999=AXIS2_PLACEMENT_3D('',#5815,#3553,#3554);
#3000=AXIS2_PLACEMENT_3D('',#5863,#3563,#3564);
#3001=AXIS2_PLACEMENT_3D('',#5865,#3565,#3566);
#3002=AXIS2_PLACEMENT_3D('',#5866,#3567,#3568);
#3003=AXIS2_PLACEMENT_3D('',#5889,#3570,#3571);
#3004=AXIS2_PLACEMENT_3D('',#5891,#3572,#3573);
#3005=AXIS2_PLACEMENT_3D('',#5969,#3578,#3579);
#3006=AXIS2_PLACEMENT_3D('',#5986,#3583,#3584);
#3007=AXIS2_PLACEMENT_3D('',#5988,#3586,#3587);
#3008=AXIS2_PLACEMENT_3D('',#5990,#3588,#3589);
#3009=AXIS2_PLACEMENT_3D('',#5992,#3591,#3592);
#3010=AXIS2_PLACEMENT_3D('',#5994,#3593,#3594);
#3011=AXIS2_PLACEMENT_3D('',#5996,#3596,#3597);
#3012=AXIS2_PLACEMENT_3D('',#5998,#3598,#3599);
#3013=AXIS2_PLACEMENT_3D('',#6000,#3601,#3602);
#3014=AXIS2_PLACEMENT_3D('',#6039,#3603,#3604);
#3015=AXIS2_PLACEMENT_3D('',#6045,#3608,#3609);
#3016=AXIS2_PLACEMENT_3D('',#6046,#3610,#3611);
#3017=AXIS2_PLACEMENT_3D('',#6047,#3612,#3613);
#3018=AXIS2_PLACEMENT_3D('',#6051,#3616,#3617);
#3019=AXIS2_PLACEMENT_3D('',#6127,#3618,#3619);
#3020=AXIS2_PLACEMENT_3D('',#6131,#3622,#3623);
#3021=AXIS2_PLACEMENT_3D('',#6135,#3626,#3627);
#3022=AXIS2_PLACEMENT_3D('',#6137,#3629,#3630);
#3023=AXIS2_PLACEMENT_3D('',#6140,#3633,#3634);
#3024=AXIS2_PLACEMENT_3D('',#6158,#3636,#3637);
#3025=AXIS2_PLACEMENT_3D('',#6237,#3643,#3644);
#3026=AXIS2_PLACEMENT_3D('',#6286,#3647,#3648);
#3027=AXIS2_PLACEMENT_3D('',#6289,#3650,#3651);
#3028=AXIS2_PLACEMENT_3D('',#6290,#3652,#3653);
#3029=AXIS2_PLACEMENT_3D('',#6292,#3654,#3655);
#3030=AXIS2_PLACEMENT_3D('',#6294,#3657,#3658);
#3031=AXIS2_PLACEMENT_3D('',#6295,#3659,#3660);
#3032=AXIS2_PLACEMENT_3D('',#6299,#3663,#3664);
#3033=AXIS2_PLACEMENT_3D('',#6301,#3666,#3667);
#3034=AXIS2_PLACEMENT_3D('',#6303,#3669,#3670);
#3035=AXIS2_PLACEMENT_3D('',#6304,#3671,#3672);
#3036=AXIS2_PLACEMENT_3D('',#6305,#3673,#3674);
#3037=DIRECTION('axis',(0.,0.,1.));
#3038=DIRECTION('refdir',(1.,0.,0.));
#3039=DIRECTION('axis',(0.,0.,1.));
#3040=DIRECTION('refdir',(1.,0.,0.));
#3041=DIRECTION('center_axis',(0.,0.,-1.));
#3042=DIRECTION('ref_axis',(0.,1.,0.));
#3043=DIRECTION('',(0.,1.,0.));
#3044=DIRECTION('',(1.,0.,0.));
#3045=DIRECTION('',(0.,1.,0.));
#3046=DIRECTION('',(1.,0.,0.));
#3047=DIRECTION('center_axis',(-1.,0.,0.));
#3048=DIRECTION('ref_axis',(0.,0.,-1.));
#3049=DIRECTION('center_axis',(-1.,0.,0.));
#3050=DIRECTION('ref_axis',(0.,0.,-1.));
#3051=DIRECTION('center_axis',(-1.,0.,0.));
#3052=DIRECTION('ref_axis',(0.,0.,-1.));
#3053=DIRECTION('',(1.,0.,0.));
#3054=DIRECTION('center_axis',(0.,1.,0.));
#3055=DIRECTION('ref_axis',(0.,0.,1.));
#3056=DIRECTION('',(0.,0.,1.));
#3057=DIRECTION('',(0.,0.,1.));
#3058=DIRECTION('',(-1.,0.,0.));
#3059=DIRECTION('center_axis',(1.,0.,0.));
#3060=DIRECTION('ref_axis',(0.,0.,-1.));
#3061=DIRECTION('',(0.,0.,-1.));
#3062=DIRECTION('',(0.,-1.,0.));
#3063=DIRECTION('center_axis',(1.,0.,0.));
#3064=DIRECTION('ref_axis',(0.,-0.762440082165631,0.647058823529412));
#3065=DIRECTION('center_axis',(1.,0.,0.));
#3066=DIRECTION('ref_axis',(0.,0.,1.));
#3067=DIRECTION('center_axis',(-1.,0.,0.));
#3068=DIRECTION('ref_axis',(0.,0.,-1.));
#3069=DIRECTION('center_axis',(-1.,0.,0.));
#3070=DIRECTION('ref_axis',(0.,0.,-1.));
#3071=DIRECTION('',(1.,0.,0.));
#3072=DIRECTION('center_axis',(-1.,0.,0.));
#3073=DIRECTION('ref_axis',(0.,0.,-1.));
#3074=DIRECTION('',(1.,0.,0.));
#3075=DIRECTION('center_axis',(0.,0.,-1.));
#3076=DIRECTION('ref_axis',(0.,1.,0.));
#3077=DIRECTION('',(0.,1.,0.));
#3078=DIRECTION('',(0.,1.,0.));
#3079=DIRECTION('',(-1.,0.,0.));
#3080=DIRECTION('center_axis',(0.,-1.,0.));
#3081=DIRECTION('ref_axis',(0.,0.,-1.));
#3082=DIRECTION('',(0.,0.,-1.));
#3083=DIRECTION('',(1.,0.,0.));
#3084=DIRECTION('',(0.,0.,-1.));
#3085=DIRECTION('center_axis',(1.,0.,0.));
#3086=DIRECTION('ref_axis',(0.,0.,-1.));
#3087=DIRECTION('center_axis',(1.,0.,0.));
#3088=DIRECTION('ref_axis',(0.,-0.762440082165631,0.647058823529412));
#3089=DIRECTION('',(0.,-1.,0.));
#3090=DIRECTION('',(0.,0.,1.));
#3091=DIRECTION('center_axis',(1.,0.,0.));
#3092=DIRECTION('ref_axis',(0.,0.,1.));
#3093=DIRECTION('center_axis',(0.,-1.,0.));
#3094=DIRECTION('ref_axis',(0.,0.,-1.));
#3095=DIRECTION('',(0.,0.,-1.));
#3096=DIRECTION('center_axis',(0.,1.,0.));
#3097=DIRECTION('ref_axis',(-0.707106781186548,0.,0.707106781186548));
#3098=DIRECTION('',(-1.,0.,0.));
#3099=DIRECTION('center_axis',(0.,1.,0.));
#3100=DIRECTION('ref_axis',(0.707106781186544,0.,0.707106781186551));
#3101=DIRECTION('',(0.,0.,1.));
#3102=DIRECTION('',(1.,0.,0.));
#3103=DIRECTION('',(0.,0.,1.));
#3104=DIRECTION('',(1.,0.,0.));
#3105=DIRECTION('',(0.,0.,-1.));
#3106=DIRECTION('',(1.,0.,0.));
#3107=DIRECTION('',(1.2490009027033E-15,0.,1.));
#3108=DIRECTION('',(1.,0.,8.88178419700126E-16));
#3109=DIRECTION('',(1.04308128384689E-7,0.,-0.999999999999994));
#3110=DIRECTION('',(1.,0.,-1.93082265152201E-16));
#3111=DIRECTION('',(0.,0.,1.));
#3112=DIRECTION('',(1.,0.,0.));
#3113=DIRECTION('center_axis',(0.,0.,1.));
#3114=DIRECTION('ref_axis',(1.,0.,0.));
#3115=DIRECTION('',(0.,1.,0.));
#3116=DIRECTION('',(1.,0.,0.));
#3117=DIRECTION('center_axis',(1.,0.,0.));
#3118=DIRECTION('ref_axis',(0.,-0.762440082165631,0.647058823529412));
#3119=DIRECTION('center_axis',(1.,0.,0.));
#3120=DIRECTION('ref_axis',(0.,-0.762440082165631,0.647058823529412));
#3121=DIRECTION('',(-1.,0.,0.));
#3122=DIRECTION('center_axis',(-1.,0.,0.));
#3123=DIRECTION('ref_axis',(0.,-0.762440082165631,0.647058823529412));
#3124=DIRECTION('center_axis',(0.,0.,-1.));
#3125=DIRECTION('ref_axis',(0.,-1.,0.));
#3126=DIRECTION('',(0.,-1.,0.));
#3127=DIRECTION('',(-1.,0.,0.));
#3128=DIRECTION('',(0.,-1.,0.));
#3129=DIRECTION('center_axis',(0.,1.,0.));
#3130=DIRECTION('ref_axis',(0.,0.,-1.));
#3131=DIRECTION('',(0.,0.,-1.));
#3132=DIRECTION('',(-1.,0.,0.));
#3133=DIRECTION('',(0.,0.,-1.));
#3134=DIRECTION('',(-1.,0.,0.));
#3135=DIRECTION('center_axis',(1.,0.,0.));
#3136=DIRECTION('ref_axis',(0.,0.,1.));
#3137=DIRECTION('center_axis',(1.,0.,0.));
#3138=DIRECTION('ref_axis',(0.,0.,1.));
#3139=DIRECTION('center_axis',(1.,0.,0.));
#3140=DIRECTION('ref_axis',(0.,0.,1.));
#3141=DIRECTION('center_axis',(-1.,0.,0.));
#3142=DIRECTION('ref_axis',(0.,0.,1.));
#3143=DIRECTION('center_axis',(-1.,0.,0.));
#3144=DIRECTION('ref_axis',(0.,-0.762440082165631,0.647058823529412));
#3145=DIRECTION('',(0.,1.,0.));
#3146=DIRECTION('center_axis',(-1.,0.,0.));
#3147=DIRECTION('ref_axis',(0.,0.,1.));
#3148=DIRECTION('center_axis',(0.,0.,-1.));
#3149=DIRECTION('ref_axis',(0.,-1.,0.));
#3150=DIRECTION('',(0.,-1.,0.));
#3151=DIRECTION('',(-1.,0.,0.));
#3152=DIRECTION('',(0.,-1.,0.));
#3153=DIRECTION('',(-1.,0.,0.));
#3154=DIRECTION('center_axis',(1.,0.,0.));
#3155=DIRECTION('ref_axis',(0.,0.,1.));
#3156=DIRECTION('center_axis',(1.,0.,0.));
#3157=DIRECTION('ref_axis',(0.,0.,1.));
#3158=DIRECTION('center_axis',(1.,0.,0.));
#3159=DIRECTION('ref_axis',(0.,0.,1.));
#3160=DIRECTION('',(-1.,0.,0.));
#3161=DIRECTION('center_axis',(0.,-1.,0.));
#3162=DIRECTION('ref_axis',(0.,0.,1.));
#3163=DIRECTION('',(0.,0.,1.));
#3164=DIRECTION('',(0.,0.,1.));
#3165=DIRECTION('',(1.,0.,0.));
#3166=DIRECTION('center_axis',(-1.,0.,0.));
#3167=DIRECTION('ref_axis',(0.,0.,1.));
#3168=DIRECTION('',(0.,1.,0.));
#3169=DIRECTION('center_axis',(-1.,0.,0.));
#3170=DIRECTION('ref_axis',(0.,-0.762440082165631,0.647058823529412));
#3171=DIRECTION('',(0.,0.,-1.));
#3172=DIRECTION('center_axis',(-1.,0.,0.));
#3173=DIRECTION('ref_axis',(0.,0.,1.));
#3174=DIRECTION('center_axis',(-1.,0.,0.));
#3175=DIRECTION('ref_axis',(0.,0.,1.));
#3176=DIRECTION('',(0.,-1.,0.));
#3177=DIRECTION('',(0.,0.,1.));
#3178=DIRECTION('center_axis',(1.,0.,0.));
#3179=DIRECTION('ref_axis',(0.,-0.762440082165631,0.647058823529412));
#3180=DIRECTION('center_axis',(0.,-1.,0.));
#3181=DIRECTION('ref_axis',(1.,0.,0.));
#3182=DIRECTION('',(-1.,0.,0.));
#3183=DIRECTION('',(0.,0.,-1.));
#3184=DIRECTION('',(-1.,0.,1.93082265152201E-16));
#3185=DIRECTION('',(1.04308128384689E-7,0.,-0.999999999999994));
#3186=DIRECTION('',(1.,0.,8.88178419700126E-16));
#3187=DIRECTION('',(-1.2490009027033E-15,0.,-1.));
#3188=DIRECTION('',(1.,0.,0.));
#3189=DIRECTION('',(0.,0.,-1.));
#3190=DIRECTION('',(1.,0.,0.));
#3191=DIRECTION('center_axis',(0.,-1.,0.));
#3192=DIRECTION('ref_axis',(0.707106781186544,0.,0.707106781186551));
#3193=DIRECTION('',(-1.,0.,0.));
#3194=DIRECTION('center_axis',(0.,-1.,0.));
#3195=DIRECTION('ref_axis',(-0.707106781186548,0.,0.707106781186548));
#3196=DIRECTION('',(0.,0.,1.));
#3197=DIRECTION('center_axis',(0.,0.,1.));
#3198=DIRECTION('ref_axis',(1.,0.,0.));
#3199=DIRECTION('',(0.,1.,0.));
#3200=DIRECTION('',(-1.,0.,0.));
#3201=DIRECTION('center_axis',(1.,0.,0.));
#3202=DIRECTION('ref_axis',(0.,-0.762440082165631,0.647058823529412));
#3203=DIRECTION('center_axis',(-1.,0.,0.));
#3204=DIRECTION('ref_axis',(0.,-0.762440082165631,0.647058823529412));
#3205=DIRECTION('',(1.,0.,0.));
#3206=DIRECTION('center_axis',(1.,0.,0.));
#3207=DIRECTION('ref_axis',(0.,-0.762440082165631,0.647058823529412));
#3208=DIRECTION('center_axis',(1.,0.,-1.2490009027033E-15));
#3209=DIRECTION('ref_axis',(0.,-0.762440082165631,0.647058823529412));
#3210=DIRECTION('',(-1.,0.,0.));
#3211=DIRECTION('center_axis',(-0.999999999999995,0.,-1.04308128384689E-7));
#3212=DIRECTION('ref_axis',(7.95286979761654E-8,-0.647058823529409,-0.762440082165628));
#3213=DIRECTION('',(1.,0.,0.));
#3214=DIRECTION('center_axis',(-1.,0.,1.2490009027033E-15));
#3215=DIRECTION('ref_axis',(1.2490009027033E-15,0.,1.));
#3216=DIRECTION('',(0.,1.,0.));
#3217=DIRECTION('',(0.,1.,0.));
#3218=DIRECTION('',(0.,1.,0.));
#3219=DIRECTION('center_axis',(1.,0.,-1.2490009027033E-15));
#3220=DIRECTION('ref_axis',(0.,0.,1.));
#3221=DIRECTION('center_axis',(1.,0.,-1.2490009027033E-15));
#3222=DIRECTION('ref_axis',(0.,0.,1.));
#3223=DIRECTION('center_axis',(-8.88178419700126E-16,0.,1.));
#3224=DIRECTION('ref_axis',(1.,0.,8.88178419700126E-16));
#3225=DIRECTION('',(0.,1.,0.));
#3226=DIRECTION('center_axis',(0.999999999999995,0.,1.04308128384689E-7));
#3227=DIRECTION('ref_axis',(1.04308128384689E-7,0.,-0.999999999999994));
#3228=DIRECTION('',(0.,1.,0.));
#3229=DIRECTION('',(0.,1.,0.));
#3230=DIRECTION('center_axis',(-0.999999999999995,0.,-1.04308128384689E-7));
#3231=DIRECTION('ref_axis',(-1.04308128384689E-7,0.,0.999999999999995));
#3232=DIRECTION('center_axis',(-0.999999999999995,0.,-1.04308128384689E-7));
#3233=DIRECTION('ref_axis',(-1.04308128384689E-7,0.,0.999999999999995));
#3234=DIRECTION('center_axis',(1.,0.,0.));
#3235=DIRECTION('ref_axis',(0.,0.,-1.));
#3236=DIRECTION('',(0.,1.,0.));
#3237=DIRECTION('center_axis',(-1.,0.,0.));
#3238=DIRECTION('ref_axis',(0.,0.,1.));
#3239=DIRECTION('',(0.,1.,0.));
#3240=DIRECTION('',(0.,1.,0.));
#3241=DIRECTION('center_axis',(1.,0.,0.));
#3242=DIRECTION('ref_axis',(0.,0.,1.));
#3243=DIRECTION('center_axis',(1.,0.,0.));
#3244=DIRECTION('ref_axis',(0.,0.,1.));
#3245=DIRECTION('center_axis',(1.,0.,0.));
#3246=DIRECTION('ref_axis',(0.,0.,-1.));
#3247=DIRECTION('',(0.,1.,0.));
#3248=DIRECTION('',(0.,1.,0.));
#3249=DIRECTION('center_axis',(-1.,0.,0.));
#3250=DIRECTION('ref_axis',(0.,0.,1.));
#3251=DIRECTION('center_axis',(-1.,0.,0.));
#3252=DIRECTION('ref_axis',(0.,0.,1.));
#3253=DIRECTION('center_axis',(1.,0.,0.));
#3254=DIRECTION('ref_axis',(0.,0.,1.));
#3255=DIRECTION('',(-1.,0.,0.));
#3256=DIRECTION('center_axis',(1.,0.,0.));
#3257=DIRECTION('ref_axis',(0.,0.,1.));
#3258=DIRECTION('',(-1.,0.,0.));
#3259=DIRECTION('center_axis',(1.,0.,0.));
#3260=DIRECTION('ref_axis',(0.,0.,1.));
#3261=DIRECTION('',(-1.,0.,0.));
#3262=DIRECTION('center_axis',(1.,0.,0.));
#3263=DIRECTION('ref_axis',(0.,0.,1.));
#3264=DIRECTION('',(-1.,0.,0.));
#3265=DIRECTION('center_axis',(1.,0.,0.));
#3266=DIRECTION('ref_axis',(0.,0.,1.));
#3267=DIRECTION('',(-1.,0.,0.));
#3268=DIRECTION('center_axis',(1.,0.,0.));
#3269=DIRECTION('ref_axis',(0.,0.,1.));
#3270=DIRECTION('',(-1.,0.,0.));
#3271=DIRECTION('center_axis',(0.,-1.,0.));
#3272=DIRECTION('ref_axis',(-0.707106781186548,0.,0.707106781186548));
#3273=DIRECTION('',(0.,-1.,0.));
#3274=DIRECTION('center_axis',(0.,-1.,0.));
#3275=DIRECTION('ref_axis',(0.707106781186544,0.,0.707106781186551));
#3276=DIRECTION('',(0.,1.,0.));
#3277=DIRECTION('center_axis',(-8.88178419700126E-16,0.,1.));
#3278=DIRECTION('ref_axis',(1.,0.,8.88178419700126E-16));
#3279=DIRECTION('center_axis',(1.93082265152201E-16,0.,1.));
#3280=DIRECTION('ref_axis',(1.,0.,-1.93082265152201E-16));
#3281=DIRECTION('center_axis',(0.,0.,1.));
#3282=DIRECTION('ref_axis',(1.,0.,0.));
#3283=DIRECTION('center_axis',(0.,0.,-1.));
#3284=DIRECTION('ref_axis',(-1.,0.,0.));
#3285=DIRECTION('center_axis',(0.,0.,1.));
#3286=DIRECTION('ref_axis',(1.,0.,0.));
#3287=DIRECTION('center_axis',(0.,0.,1.));
#3288=DIRECTION('ref_axis',(1.,0.,0.));
#3289=DIRECTION('center_axis',(0.,0.,1.));
#3290=DIRECTION('ref_axis',(0.707106781186549,-0.707106781186546,0.));
#3291=DIRECTION('center_axis',(7.45116113477063E-17,0.,1.));
#3292=DIRECTION('ref_axis',(0.707106781186549,-0.707106781186546,0.));
#3293=DIRECTION('',(0.,0.,1.));
#3294=DIRECTION('center_axis',(0.,0.,-1.));
#3295=DIRECTION('ref_axis',(1.,0.,0.));
#3296=DIRECTION('',(0.,0.,-1.));
#3297=DIRECTION('center_axis',(0.,-1.,0.));
#3298=DIRECTION('ref_axis',(0.,0.,1.));
#3299=DIRECTION('center_axis',(0.,0.,1.));
#3300=DIRECTION('ref_axis',(-1.,0.,0.));
#3301=DIRECTION('center_axis',(0.,1.,0.));
#3302=DIRECTION('ref_axis',(0.,0.,1.));
#3303=DIRECTION('center_axis',(0.,-1.,0.));
#3304=DIRECTION('ref_axis',(0.,0.,1.));
#3305=DIRECTION('center_axis',(0.,0.,-1.));
#3306=DIRECTION('ref_axis',(-0.707106781186549,-0.707106781186546,0.));
#3307=DIRECTION('center_axis',(7.45116113477063E-17,0.,1.));
#3308=DIRECTION('ref_axis',(-0.707106781186549,-0.707106781186546,0.));
#3309=DIRECTION('',(0.,0.,1.));
#3310=DIRECTION('',(0.,0.,-1.));
#3311=DIRECTION('center_axis',(0.,1.,0.));
#3312=DIRECTION('ref_axis',(-1.,0.,0.));
#3313=DIRECTION('',(1.,0.,-7.45116113477063E-17));
#3314=DIRECTION('center_axis',(0.,1.,0.));
#3315=DIRECTION('ref_axis',(-1.,0.,0.));
#3316=DIRECTION('center_axis',(0.,-1.,0.));
#3317=DIRECTION('ref_axis',(-1.,0.,0.));
#3318=DIRECTION('',(0.,1.,0.));
#3319=DIRECTION('center_axis',(0.,-1.,0.));
#3320=DIRECTION('ref_axis',(-1.,0.,0.));
#3321=DIRECTION('center_axis',(1.,0.,0.));
#3322=DIRECTION('ref_axis',(0.,0.,1.));
#3323=DIRECTION('',(0.,-1.,0.));
#3324=DIRECTION('',(0.,0.,-1.));
#3325=DIRECTION('',(0.,-1.,0.));
#3326=DIRECTION('center_axis',(-7.45116113477063E-17,0.,-1.));
#3327=DIRECTION('ref_axis',(1.,0.,-7.45116113477063E-17));
#3328=DIRECTION('',(0.,-1.,0.));
#3329=DIRECTION('',(1.,0.,-7.45116113477063E-17));
#3330=DIRECTION('center_axis',(-1.,0.,0.));
#3331=DIRECTION('ref_axis',(0.,0.,-1.));
#3332=DIRECTION('',(0.,-1.,0.));
#3333=DIRECTION('',(0.,0.,-1.));
#3334=DIRECTION('center_axis',(0.,-1.,0.));
#3335=DIRECTION('ref_axis',(-1.,0.,0.));
#3336=DIRECTION('center_axis',(0.,1.,0.));
#3337=DIRECTION('ref_axis',(-1.,0.,0.));
#3338=DIRECTION('center_axis',(0.,1.,0.));
#3339=DIRECTION('ref_axis',(-1.,0.,0.));
#3340=DIRECTION('center_axis',(0.,0.,1.));
#3341=DIRECTION('ref_axis',(0.707106781186549,-0.707106781186546,0.));
#3342=DIRECTION('center_axis',(7.45116113477063E-17,0.,1.));
#3343=DIRECTION('ref_axis',(0.707106781186549,-0.707106781186546,0.));
#3344=DIRECTION('',(0.,0.,1.));
#3345=DIRECTION('center_axis',(0.,0.,-1.));
#3346=DIRECTION('ref_axis',(1.,0.,0.));
#3347=DIRECTION('',(0.,0.,-1.));
#3348=DIRECTION('center_axis',(0.,-1.,0.));
#3349=DIRECTION('ref_axis',(0.,0.,1.));
#3350=DIRECTION('center_axis',(0.,0.,1.));
#3351=DIRECTION('ref_axis',(-1.,0.,0.));
#3352=DIRECTION('center_axis',(0.,1.,0.));
#3353=DIRECTION('ref_axis',(0.,0.,1.));
#3354=DIRECTION('center_axis',(0.,-1.,0.));
#3355=DIRECTION('ref_axis',(0.,0.,1.));
#3356=DIRECTION('center_axis',(0.,0.,-1.));
#3357=DIRECTION('ref_axis',(-0.707106781186549,-0.707106781186546,0.));
#3358=DIRECTION('center_axis',(7.45116113477063E-17,0.,1.));
#3359=DIRECTION('ref_axis',(-0.707106781186549,-0.707106781186546,0.));
#3360=DIRECTION('',(0.,0.,1.));
#3361=DIRECTION('',(0.,0.,-1.));
#3362=DIRECTION('center_axis',(0.,1.,0.));
#3363=DIRECTION('ref_axis',(-1.,0.,0.));
#3364=DIRECTION('',(1.,0.,-7.45116113477063E-17));
#3365=DIRECTION('center_axis',(0.,1.,0.));
#3366=DIRECTION('ref_axis',(-1.,0.,0.));
#3367=DIRECTION('center_axis',(0.,-1.,0.));
#3368=DIRECTION('ref_axis',(-1.,0.,0.));
#3369=DIRECTION('',(0.,1.,0.));
#3370=DIRECTION('center_axis',(0.,-1.,0.));
#3371=DIRECTION('ref_axis',(-1.,0.,0.));
#3372=DIRECTION('center_axis',(0.,-1.,0.));
#3373=DIRECTION('ref_axis',(-1.,0.,0.));
#3374=DIRECTION('',(0.,-1.,0.));
#3375=DIRECTION('center_axis',(0.,1.,0.));
#3376=DIRECTION('ref_axis',(-1.,0.,0.));
#3377=DIRECTION('',(0.,-1.,0.));
#3378=DIRECTION('center_axis',(1.,0.,0.));
#3379=DIRECTION('ref_axis',(0.,0.,1.));
#3380=DIRECTION('',(0.,-1.,0.));
#3381=DIRECTION('',(0.,0.,-1.));
#3382=DIRECTION('center_axis',(-7.45116113477063E-17,0.,-1.));
#3383=DIRECTION('ref_axis',(1.,0.,-7.45116113477063E-17));
#3384=DIRECTION('',(0.,-1.,0.));
#3385=DIRECTION('',(1.,0.,-7.45116113477063E-17));
#3386=DIRECTION('center_axis',(-1.,0.,0.));
#3387=DIRECTION('ref_axis',(0.,0.,-1.));
#3388=DIRECTION('',(0.,0.,-1.));
#3389=DIRECTION('center_axis',(0.,1.,0.));
#3390=DIRECTION('ref_axis',(-1.,0.,0.));
#3391=DIRECTION('center_axis',(0.,-0.133997526850946,0.990981666226894));
#3392=DIRECTION('ref_axis',(0.707106781186547,0.700729856220581,0.0947505598985294));
#3393=DIRECTION('',(0.,-0.133997526850946,0.990981666226893));
#3394=DIRECTION('',(0.,0.133997526850946,-0.990981666226893));
#3395=DIRECTION('center_axis',(1.,0.,0.));
#3396=DIRECTION('ref_axis',(0.,0.658028295668016,0.752993201895107));
#3397=DIRECTION('',(-1.,0.,0.));
#3398=DIRECTION('',(1.,0.,0.));
#3399=DIRECTION('center_axis',(0.,0.133997526850946,-0.990981666226894));
#3400=DIRECTION('ref_axis',(-0.707106781186547,0.700729856220581,0.0947505598985294));
#3401=DIRECTION('',(0.,0.133997526850946,-0.990981666226893));
#3402=DIRECTION('',(0.,-0.133997526850946,0.990981666226893));
#3403=DIRECTION('center_axis',(-1.,0.,0.));
#3404=DIRECTION('ref_axis',(0.,0.,1.));
#3405=DIRECTION('center_axis',(-1.,0.,0.));
#3406=DIRECTION('ref_axis',(0.,0.,-1.));
#3407=DIRECTION('',(0.,-1.,-8.7503636636387E-10));
#3408=DIRECTION('',(0.,2.67456733762745E-9,1.));
#3409=DIRECTION('',(0.,1.,0.));
#3410=DIRECTION('',(0.,1.86264480804047E-8,-1.));
#3411=DIRECTION('',(0.,0.866025413097662,-0.499999983869023));
#3412=DIRECTION('',(0.,0.866025394471215,0.500000016130976));
#3413=DIRECTION('',(0.,-1.86264473357429E-8,1.));
#3414=DIRECTION('',(0.,-0.866025413097663,0.499999983869023));
#3415=DIRECTION('',(0.,-0.866025394471215,-0.500000016130976));
#3416=DIRECTION('',(-1.,0.,0.));
#3417=DIRECTION('',(-1.,0.,0.));
#3418=DIRECTION('center_axis',(0.,-0.990981666226894,-0.133997526850946));
#3419=DIRECTION('ref_axis',(0.,-0.133997526850946,0.990981666226893));
#3420=DIRECTION('',(-1.,0.,0.));
#3421=DIRECTION('',(1.16359941380975E-28,-0.133997526850946,0.990981666226893));
#3422=DIRECTION('',(-1.27991711093438E-15,0.133997526850946,-0.990981666226893));
#3423=DIRECTION('',(-1.,0.,0.));
#3424=DIRECTION('center_axis',(-0.40835392354228,-0.279693935346806,-0.868917933787675));
#3425=DIRECTION('ref_axis',(0.,-0.951901173902217,0.306405213930149));
#3426=DIRECTION('center_axis',(-0.408353923541933,0.279693935350237,0.868917933786734));
#3427=DIRECTION('ref_axis',(-8.88178419697029E-15,-0.951901173901026,0.306405213933851));
#3428=DIRECTION('',(0.,-0.998629534754574,0.0523359562429437));
#3429=DIRECTION('',(0.,0.998629534754574,-0.0523359562429437));
#3430=DIRECTION('center_axis',(0.,0.0523359562429484,0.998629534754574));
#3431=DIRECTION('ref_axis',(0.,-0.998629534754574,0.0523359562429484));
#3432=DIRECTION('',(0.,0.998629534754574,-0.0523359562429437));
#3433=DIRECTION('',(1.,0.,0.));
#3434=DIRECTION('',(0.,-0.998629534754574,0.0523359562429437));
#3435=DIRECTION('center_axis',(1.,0.,0.));
#3436=DIRECTION('ref_axis',(0.,0.,-1.));
#3437=DIRECTION('',(1.,0.,0.));
#3438=DIRECTION('center_axis',(1.,0.,0.));
#3439=DIRECTION('ref_axis',(0.,0.,-1.));
#3440=DIRECTION('',(1.,0.,0.));
#3441=DIRECTION('center_axis',(-1.,0.,0.));
#3442=DIRECTION('ref_axis',(0.,0.,-1.));
#3443=DIRECTION('center_axis',(-1.,0.,0.));
#3444=DIRECTION('ref_axis',(0.,0.743144825477402,0.66913060635885));
#3445=DIRECTION('',(-1.,0.,0.));
#3446=DIRECTION('center_axis',(0.,0.0523359562429438,0.998629534754574));
#3447=DIRECTION('ref_axis',(0.707106781186546,0.706137715918127,-0.037007109559268));
#3448=DIRECTION('',(0.,-0.0523359562429438,-0.998629534754574));
#3449=DIRECTION('center_axis',(0.,0.,1.));
#3450=DIRECTION('ref_axis',(-3.31224573888377E-14,1.,0.));
#3451=DIRECTION('',(0.,0.0523359562429438,0.998629534754574));
#3452=DIRECTION('center_axis',(0.,0.0523359562429438,0.998629534754574));
#3453=DIRECTION('ref_axis',(-0.707106781186539,0.706137715918135,-0.037007109559262));
#3454=DIRECTION('',(0.,-0.0523359562429438,-0.998629534754574));
#3455=DIRECTION('center_axis',(0.,0.,1.));
#3456=DIRECTION('ref_axis',(7.46294698907493E-14,1.,0.));
#3457=DIRECTION('',(0.,0.0523359562429438,0.998629534754574));
#3458=DIRECTION('center_axis',(-1.,0.,0.));
#3459=DIRECTION('ref_axis',(0.,-0.0523359562429435,-0.998629534754574));
#3460=DIRECTION('',(0.,1.,0.));
#3461=DIRECTION('',(0.,-2.67456733762745E-9,-1.));
#3462=DIRECTION('',(0.,1.,8.7503636636387E-10));
#3463=DIRECTION('center_axis',(1.,0.,0.));
#3464=DIRECTION('ref_axis',(0.,0.,-1.));
#3465=DIRECTION('center_axis',(1.16359941380975E-28,-0.133997526850946,
0.990981666226894));
#3466=DIRECTION('ref_axis',(0.707106781186548,-0.700729856220581,-0.0947505598985169));
#3467=DIRECTION('',(-1.16359941380975E-28,0.133997526850946,-0.990981666226893));
#3468=DIRECTION('center_axis',(1.27991711093438E-15,-0.133997526850946,
0.990981666226894));
#3469=DIRECTION('ref_axis',(-0.707106781186545,-0.700729856220581,-0.0947505598985416));
#3470=DIRECTION('',(1.27991711093438E-15,-0.133997526850946,0.990981666226893));
#3471=DIRECTION('',(1.,0.,0.));
#3472=DIRECTION('',(1.,0.,0.));
#3473=DIRECTION('center_axis',(-1.,5.80125415237803E-29,1.25263143307313E-28));
#3474=DIRECTION('ref_axis',(1.25263143307313E-28,0.,1.));
#3475=DIRECTION('center_axis',(0.,1.,0.));
#3476=DIRECTION('ref_axis',(1.,0.,0.));
#3477=DIRECTION('center_axis',(0.,1.,-2.67456733762745E-9));
#3478=DIRECTION('ref_axis',(1.,0.,0.));
#3479=DIRECTION('',(0.,1.,0.));
#3480=DIRECTION('center_axis',(0.,-1.,-1.86264480804047E-8));
#3481=DIRECTION('ref_axis',(0.,1.86264480804047E-8,-1.));
#3482=DIRECTION('center_axis',(0.,1.,0.));
#3483=DIRECTION('ref_axis',(1.,0.,0.));
#3484=DIRECTION('center_axis',(0.,1.,-2.67456733762745E-9));
#3485=DIRECTION('ref_axis',(1.,0.,0.));
#3486=DIRECTION('',(0.,1.,0.));
#3487=DIRECTION('center_axis',(0.,-1.,-1.86264480804047E-8));
#3488=DIRECTION('ref_axis',(0.,1.86264480804047E-8,-1.));
#3489=DIRECTION('center_axis',(0.,1.,1.86264473357429E-8));
#3490=DIRECTION('ref_axis',(0.,1.86264473357429E-8,-1.));
#3491=DIRECTION('',(0.,-1.86264473357429E-8,1.));
#3492=DIRECTION('',(-1.,0.,0.));
#3493=DIRECTION('',(0.,1.86264473357429E-8,-1.));
#3494=DIRECTION('',(-1.,0.,0.));
#3495=DIRECTION('center_axis',(0.,1.,1.86264473357429E-8));
#3496=DIRECTION('ref_axis',(0.,1.86264473357429E-8,-1.));
#3497=DIRECTION('',(0.,1.86264473357429E-8,-1.));
#3498=DIRECTION('',(-1.,0.,0.));
#3499=DIRECTION('',(-1.,0.,0.));
#3500=DIRECTION('center_axis',(0.,0.500000016130976,-0.866025394471215));
#3501=DIRECTION('ref_axis',(0.,-0.866025394471215,-0.500000016130976));
#3502=DIRECTION('',(0.,0.866025394471215,0.500000016130976));
#3503=DIRECTION('',(-1.,0.,0.));
#3504=DIRECTION('',(0.,-0.866025394471215,-0.500000016130976));
#3505=DIRECTION('center_axis',(0.,0.500000016130976,-0.866025394471215));
#3506=DIRECTION('ref_axis',(0.,-0.866025394471215,-0.500000016130976));
#3507=DIRECTION('',(0.,-0.866025394471215,-0.500000016130976));
#3508=DIRECTION('',(-1.,0.,0.));
#3509=DIRECTION('center_axis',(0.,0.499999983869023,0.866025413097663));
#3510=DIRECTION('ref_axis',(0.,0.866025413097663,-0.499999983869023));
#3511=DIRECTION('',(0.,-0.866025413097663,0.499999983869023));
#3512=DIRECTION('',(0.,0.866025413097663,-0.499999983869023));
#3513=DIRECTION('',(-1.,0.,0.));
#3514=DIRECTION('center_axis',(0.,-0.499999983869023,-0.866025413097662));
#3515=DIRECTION('ref_axis',(0.,-0.866025413097662,0.499999983869023));
#3516=DIRECTION('',(0.,0.866025413097662,-0.499999983869023));
#3517=DIRECTION('',(-1.,0.,0.));
#3518=DIRECTION('',(0.,-0.866025413097662,0.499999983869023));
#3519=DIRECTION('center_axis',(0.,-0.499999983869023,-0.866025413097662));
#3520=DIRECTION('ref_axis',(0.,-0.866025413097662,0.499999983869023));
#3521=DIRECTION('',(0.,-0.866025413097662,0.499999983869023));
#3522=DIRECTION('',(-1.,0.,0.));
#3523=DIRECTION('center_axis',(0.,-0.500000016130976,0.866025394471215));
#3524=DIRECTION('ref_axis',(0.,0.866025394471215,0.500000016130976));
#3525=DIRECTION('',(0.,-0.866025394471215,-0.500000016130976));
#3526=DIRECTION('',(0.,0.866025394471215,0.500000016130976));
#3527=DIRECTION('',(1.,0.,0.));
#3528=DIRECTION('center_axis',(0.,-1.,-1.86264480804047E-8));
#3529=DIRECTION('ref_axis',(0.,-1.86264480804047E-8,1.));
#3530=DIRECTION('',(0.,1.86264480804047E-8,-1.));
#3531=DIRECTION('',(0.,-1.86264480804047E-8,1.));
#3532=DIRECTION('center_axis',(0.,-1.,-1.86264480804047E-8));
#3533=DIRECTION('ref_axis',(0.,-1.86264480804047E-8,1.));
#3534=DIRECTION('',(0.,-1.86264480804047E-8,1.));
#3535=DIRECTION('',(1.,0.,0.));
#3536=DIRECTION('center_axis',(0.,0.499999983869023,0.866025413097663));
#3537=DIRECTION('ref_axis',(0.,0.866025413097663,-0.499999983869023));
#3538=DIRECTION('',(0.,0.866025413097663,-0.499999983869023));
#3539=DIRECTION('',(-1.,0.,0.));
#3540=DIRECTION('center_axis',(0.,-0.500000016130976,0.866025394471215));
#3541=DIRECTION('ref_axis',(0.,0.866025394471215,0.500000016130976));
#3542=DIRECTION('',(0.,0.866025394471215,0.500000016130976));
#3543=DIRECTION('center_axis',(-1.,0.,0.));
#3544=DIRECTION('ref_axis',(0.,0.,1.));
#3545=DIRECTION('',(0.,1.,-2.67456871356439E-9));
#3546=DIRECTION('',(0.,-2.67456733762745E-9,-1.));
#3547=DIRECTION('',(0.,1.,8.7503636636387E-10));
#3548=DIRECTION('center_axis',(1.,0.,0.));
#3549=DIRECTION('ref_axis',(0.,0.,-1.));
#3550=DIRECTION('',(0.,-0.0523359562429438,-0.998629534754574));
#3551=DIRECTION('center_axis',(1.,0.,0.));
#3552=DIRECTION('ref_axis',(0.,0.,-1.));
#3553=DIRECTION('center_axis',(0.,0.998629534754574,-0.0523359562429438));
#3554=DIRECTION('ref_axis',(0.,0.0523359562429438,0.998629534754574));
#3555=DIRECTION('',(1.,0.,0.));
#3556=DIRECTION('',(-1.,0.,0.));
#3557=DIRECTION('',(0.,0.0523359562429438,0.998629534754574));
#3558=DIRECTION('',(-1.,0.,0.));
#3559=DIRECTION('',(0.,-0.0523359562429438,-0.998629534754574));
#3560=DIRECTION('',(-1.,0.,0.));
#3561=DIRECTION('',(0.,0.0523359562429438,0.998629534754574));
#3562=DIRECTION('',(1.,0.,0.));
#3563=DIRECTION('center_axis',(0.,0.998629534754574,-0.0523359562429422));
#3564=DIRECTION('ref_axis',(-1.,0.,0.));
#3565=DIRECTION('center_axis',(0.,0.998629534754574,-0.0523359562429422));
#3566=DIRECTION('ref_axis',(-1.,0.,0.));
#3567=DIRECTION('center_axis',(1.,0.,0.));
#3568=DIRECTION('ref_axis',(0.,0.,-1.));
#3569=DIRECTION('',(0.,-1.,2.67456871356439E-9));
#3570=DIRECTION('center_axis',(-1.,0.,0.));
#3571=DIRECTION('ref_axis',(0.,0.,-1.));
#3572=DIRECTION('center_axis',(-1.,0.,0.));
#3573=DIRECTION('ref_axis',(0.,0.,-1.));
#3574=DIRECTION('',(0.,-1.,-8.7503636636387E-10));
#3575=DIRECTION('',(0.,2.67456733762745E-9,1.));
#3576=DIRECTION('',(-1.,0.,0.));
#3577=DIRECTION('',(-1.,0.,0.));
#3578=DIRECTION('center_axis',(0.,-1.,3.04355088633137E-9));
#3579=DIRECTION('ref_axis',(0.,3.04355088633137E-9,1.));
#3580=DIRECTION('',(1.,0.,0.));
#3581=DIRECTION('',(0.,2.67456733762745E-9,1.));
#3582=DIRECTION('',(-1.,0.,0.));
#3583=DIRECTION('center_axis',(0.,-2.67456871356439E-9,-1.));
#3584=DIRECTION('ref_axis',(0.,-1.,2.67456871356439E-9));
#3585=DIRECTION('',(-1.,0.,0.));
#3586=DIRECTION('center_axis',(0.,-0.998629534754574,0.0523359562429437));
#3587=DIRECTION('ref_axis',(-1.,0.,0.));
#3588=DIRECTION('center_axis',(0.,-0.998629534754574,0.0523359562429422));
#3589=DIRECTION('ref_axis',(-1.,0.,0.));
#3590=DIRECTION('',(0.,-0.998629534754574,0.0523359562429437));
#3591=DIRECTION('center_axis',(0.,-0.998629534754574,0.0523359562429437));
#3592=DIRECTION('ref_axis',(-1.,0.,0.));
#3593=DIRECTION('center_axis',(0.,-0.998629534754574,0.0523359562429422));
#3594=DIRECTION('ref_axis',(-1.,0.,0.));
#3595=DIRECTION('',(0.,-0.998629534754574,0.0523359562429437));
#3596=DIRECTION('center_axis',(1.,0.,0.));
#3597=DIRECTION('ref_axis',(0.,0.,-1.));
#3598=DIRECTION('center_axis',(-1.,0.,0.));
#3599=DIRECTION('ref_axis',(0.,0.,-1.));
#3600=DIRECTION('',(-1.,0.,0.));
#3601=DIRECTION('center_axis',(-1.,0.,0.));
#3602=DIRECTION('ref_axis',(0.,0.,-1.));
#3603=DIRECTION('center_axis',(0.,8.7503636636387E-10,-1.));
#3604=DIRECTION('ref_axis',(0.,-1.,-8.7503636636387E-10));
#3605=DIRECTION('',(1.,0.,0.));
#3606=DIRECTION('',(0.,1.,8.7503636636387E-10));
#3607=DIRECTION('',(1.,0.,0.));
#3608=DIRECTION('center_axis',(-1.,0.,0.));
#3609=DIRECTION('ref_axis',(0.,0.,-1.));
#3610=DIRECTION('center_axis',(1.,0.,0.));
#3611=DIRECTION('ref_axis',(0.,0.,-1.));
#3612=DIRECTION('center_axis',(0.,8.7503636636387E-10,-1.));
#3613=DIRECTION('ref_axis',(0.,1.,8.7503636636387E-10));
#3614=DIRECTION('',(0.,-1.,-8.7503636636387E-10));
#3615=DIRECTION('',(1.,0.,0.));
#3616=DIRECTION('center_axis',(1.,0.,0.));
#3617=DIRECTION('ref_axis',(0.,0.,-1.));
#3618=DIRECTION('center_axis',(-1.,0.,0.));
#3619=DIRECTION('ref_axis',(0.,-0.0523359562429435,-0.998629534754574));
#3620=DIRECTION('',(0.,2.67456733762745E-9,1.));
#3621=DIRECTION('',(0.,-1.,0.));
#3622=DIRECTION('center_axis',(1.,0.,0.));
#3623=DIRECTION('ref_axis',(0.,0.0523359562429435,0.998629534754574));
#3624=DIRECTION('',(0.,1.,0.));
#3625=DIRECTION('',(0.,-2.67456733762745E-9,-1.));
#3626=DIRECTION('center_axis',(0.,0.,-1.));
#3627=DIRECTION('ref_axis',(0.,1.,0.));
#3628=DIRECTION('',(-1.,0.,0.));
#3629=DIRECTION('center_axis',(0.,8.7503636636387E-10,-1.));
#3630=DIRECTION('ref_axis',(0.,-1.,-8.7503636636387E-10));
#3631=DIRECTION('',(1.,0.,0.));
#3632=DIRECTION('',(-1.,0.,0.));
#3633=DIRECTION('center_axis',(-1.,0.,0.));
#3634=DIRECTION('ref_axis',(0.,0.,-1.));
#3635=DIRECTION('',(-1.,0.,0.));
#3636=DIRECTION('center_axis',(0.,8.7503636636387E-10,-1.));
#3637=DIRECTION('ref_axis',(0.,1.,8.7503636636387E-10));
#3638=DIRECTION('',(0.,-1.,-8.7503636636387E-10));
#3639=DIRECTION('',(0.,1.,8.7503636636387E-10));
#3640=DIRECTION('',(-1.,0.,0.));
#3641=DIRECTION('',(0.,1.,0.));
#3642=DIRECTION('',(0.,-1.,0.));
#3643=DIRECTION('center_axis',(1.,0.,0.));
#3644=DIRECTION('ref_axis',(0.,0.,-1.));
#3645=DIRECTION('',(0.,-2.67456733762745E-9,-1.));
#3646=DIRECTION('',(0.,-1.,0.));
#3647=DIRECTION('center_axis',(0.,0.998629534754574,-0.0523359562429438));
#3648=DIRECTION('ref_axis',(0.,0.0523359562429438,0.998629534754574));
#3649=DIRECTION('',(1.,0.,0.));
#3650=DIRECTION('center_axis',(0.,-0.998629534754574,0.0523359562429438));
#3651=DIRECTION('ref_axis',(-1.,0.,0.));
#3652=DIRECTION('center_axis',(0.,0.998629534754574,-0.0523359562429411));
#3653=DIRECTION('ref_axis',(-1.,0.,0.));
#3654=DIRECTION('center_axis',(0.,0.998629534754574,-0.0523359562429422));
#3655=DIRECTION('ref_axis',(-1.,0.,0.));
#3656=DIRECTION('',(0.,-0.998629534754574,0.0523359562429411));
#3657=DIRECTION('center_axis',(0.,0.998629534754574,-0.0523359562429422));
#3658=DIRECTION('ref_axis',(-1.,0.,0.));
#3659=DIRECTION('center_axis',(1.,0.,0.));
#3660=DIRECTION('ref_axis',(0.,0.0523359562429435,0.998629534754574));
#3661=DIRECTION('',(0.,-2.67456733762745E-9,-1.));
#3662=DIRECTION('',(0.,1.,0.));
#3663=DIRECTION('center_axis',(0.,0.,-1.));
#3664=DIRECTION('ref_axis',(0.,1.,0.));
#3665=DIRECTION('',(1.,0.,0.));
#3666=DIRECTION('center_axis',(0.,-1.,2.67456733762745E-9));
#3667=DIRECTION('ref_axis',(0.,-2.67456733762745E-9,-1.));
#3668=DIRECTION('',(1.,0.,0.));
#3669=DIRECTION('center_axis',(0.,2.67457167524299E-9,1.));
#3670=DIRECTION('ref_axis',(0.,-1.,2.67457167524299E-9));
#3671=DIRECTION('center_axis',(1.,-5.84359851203787E-16,-1.37058023581609E-15));
#3672=DIRECTION('ref_axis',(-1.37058023581609E-15,0.,-1.));
#3673=DIRECTION('',(0.,0.,1.));
#3674=DIRECTION('',(1.,0.,0.));
#3675=CARTESIAN_POINT('',(0.,0.,0.));
#3676=CARTESIAN_POINT('',(0.,0.,0.));
#3677=CARTESIAN_POINT('Origin',(-30.8000004172325,18.,24.3));
#3678=CARTESIAN_POINT('',(-30.8000004172325,18.,24.3));
#3679=CARTESIAN_POINT('',(-30.8000004172325,20.,24.3));
#3680=CARTESIAN_POINT('',(-30.8000004172325,9.,24.3));
#3681=CARTESIAN_POINT('',(-29.3000004172325,20.,24.3));
#3682=CARTESIAN_POINT('',(-15.4000002086163,20.,24.3));
#3683=CARTESIAN_POINT('',(-29.3000004172325,18.,24.3));
#3684=CARTESIAN_POINT('',(-29.3000004172325,20.,24.3));
#3685=CARTESIAN_POINT('',(-30.8000004172325,18.,24.3));
#3686=CARTESIAN_POINT('Origin',(-30.8000004172325,18.,22.5));
#3687=CARTESIAN_POINT('',(-30.8000004172325,16.2,22.5));
#3688=CARTESIAN_POINT('Origin',(-30.8000004172325,18.,22.5));
#3689=CARTESIAN_POINT('',(-29.3000004172325,16.2,22.5));
#3690=CARTESIAN_POINT('Origin',(-29.3000004172325,18.,22.5));
#3691=CARTESIAN_POINT('',(-30.8000004172325,16.2,22.5));
#3692=CARTESIAN_POINT('Origin',(-30.8000004172325,16.2,20.8146367040427));
#3693=CARTESIAN_POINT('',(-30.8000004172325,16.2,20.8146367040427));
#3694=CARTESIAN_POINT('',(-30.8000004172325,16.2,24.1573183520213));
#3695=CARTESIAN_POINT('',(-29.3000004172325,16.2,20.8146367040427));
#3696=CARTESIAN_POINT('',(-29.3000004172325,16.2,20.496205664573));
#3697=CARTESIAN_POINT('',(30.8000004172325,16.2,20.8146367040427));
#3698=CARTESIAN_POINT('Origin',(-29.3000004172325,18.1,22.4));
#3699=CARTESIAN_POINT('',(-29.3000004172325,20.,20.5));
#3700=CARTESIAN_POINT('',(-29.3000004172325,20.,23.2));
#3701=CARTESIAN_POINT('',(-29.3000004172325,16.4807406984079,20.5));
#3702=CARTESIAN_POINT('',(-29.3000004172325,9.05,20.5));
#3703=CARTESIAN_POINT('Origin',(-29.3000004172325,10.,15.));
#3704=CARTESIAN_POINT('',(-29.3000004172325,18.,21.4));
#3705=CARTESIAN_POINT('Origin',(-29.3000004172325,18.,22.5));
#3706=CARTESIAN_POINT('Origin',(-30.8000004172325,2.,22.5));
#3707=CARTESIAN_POINT('',(-30.8000004172325,2.,24.3));
#3708=CARTESIAN_POINT('',(-30.8000004172325,3.8,22.5));
#3709=CARTESIAN_POINT('Origin',(-30.8000004172325,2.,22.5));
#3710=CARTESIAN_POINT('',(-29.3000004172325,3.8,22.5));
#3711=CARTESIAN_POINT('',(-30.8000004172325,3.8,22.5));
#3712=CARTESIAN_POINT('',(-29.3000004172325,2.,24.3));
#3713=CARTESIAN_POINT('Origin',(-29.3000004172325,2.,22.5));
#3714=CARTESIAN_POINT('',(-30.8000004172325,2.,24.3));
#3715=CARTESIAN_POINT('Origin',(-30.8000004172325,0.,24.3));
#3716=CARTESIAN_POINT('',(-30.8000004172325,0.,24.3));
#3717=CARTESIAN_POINT('',(-30.8000004172325,0.,24.3));
#3718=CARTESIAN_POINT('',(-29.3000004172325,0.,24.3));
#3719=CARTESIAN_POINT('',(-29.3000004172325,0.,24.3));
#3720=CARTESIAN_POINT('',(-15.4000002086163,0.,24.3));
#3721=CARTESIAN_POINT('Origin',(-30.8000004172325,3.8,22.5));
#3722=CARTESIAN_POINT('',(-30.8000004172325,3.8,20.8146367040427));
#3723=CARTESIAN_POINT('',(-30.8000004172325,3.8,25.));
#3724=CARTESIAN_POINT('',(-29.3000004172325,3.8,20.8146367040427));
#3725=CARTESIAN_POINT('',(30.8000004172325,3.8,20.8146367040427));
#3726=CARTESIAN_POINT('',(-29.3000004172325,3.8,20.496205664573));
#3727=CARTESIAN_POINT('Origin',(-29.3000004172325,1.9,22.4));
#3728=CARTESIAN_POINT('',(-29.3000004172325,3.51925930159213,20.5));
#3729=CARTESIAN_POINT('Origin',(-29.3000004172325,10.,15.));
#3730=CARTESIAN_POINT('',(-29.3000004172325,0.,20.5));
#3731=CARTESIAN_POINT('',(-29.3000004172325,0.95,20.5));
#3732=CARTESIAN_POINT('',(-29.3000004172325,0.,23.2));
#3733=CARTESIAN_POINT('',(-29.3000004172325,2.,21.5));
#3734=CARTESIAN_POINT('Origin',(-29.3000004172325,2.,22.5));
#3735=CARTESIAN_POINT('Origin',(0.,20.,24.));
#3736=CARTESIAN_POINT('',(-30.8000004172325,20.,26.5));
#3737=CARTESIAN_POINT('',(-30.8000004172325,20.,20.5));
#3738=CARTESIAN_POINT('',(-29.8000004172325,20.,27.5));
#3739=CARTESIAN_POINT('Origin',(-29.8000004172325,20.,26.5));
#3740=CARTESIAN_POINT('',(29.8000004172325,20.,27.5));
#3741=CARTESIAN_POINT('',(30.8000004172325,20.,27.5));
#3742=CARTESIAN_POINT('',(30.8000004172325,20.,26.5));
#3743=CARTESIAN_POINT('Origin',(29.8000004172325,20.,26.5));
#3744=CARTESIAN_POINT('',(30.8000004172325,20.,24.3));
#3745=CARTESIAN_POINT('',(30.8000004172325,20.,20.5));
#3746=CARTESIAN_POINT('',(29.3000004172325,20.,24.3));
#3747=CARTESIAN_POINT('',(15.4000002086163,20.,24.3));
#3748=CARTESIAN_POINT('',(29.3000004172325,20.,20.5));
#3749=CARTESIAN_POINT('',(29.3000004172325,20.,23.2));
#3750=CARTESIAN_POINT('',(28.0000004172325,20.,20.5));
#3751=CARTESIAN_POINT('',(28.0000004172325,20.,20.5));
#3752=CARTESIAN_POINT('',(28.0000004172325,20.,24.5));
#3753=CARTESIAN_POINT('',(28.0000004172325,20.,24.5));
#3754=CARTESIAN_POINT('',(5.,20.,24.5));
#3755=CARTESIAN_POINT('',(5.,20.,24.5));
#3756=CARTESIAN_POINT('',(5.,20.,20.5));
#3757=CARTESIAN_POINT('',(5.,20.,24.5));
#3758=CARTESIAN_POINT('',(-5.,20.,20.5));
#3759=CARTESIAN_POINT('',(-5.,20.,20.5));
#3760=CARTESIAN_POINT('',(-5.00000041723251,20.,24.5));
#3761=CARTESIAN_POINT('',(-5.00000041723251,20.,24.5));
#3762=CARTESIAN_POINT('',(-28.0000004172325,20.,24.5));
#3763=CARTESIAN_POINT('',(-5.00000041723251,20.,24.5));
#3764=CARTESIAN_POINT('',(-28.0000004172325,20.,20.5));
#3765=CARTESIAN_POINT('',(-28.0000004172325,20.,24.5));
#3766=CARTESIAN_POINT('',(-28.0000004172325,20.,20.5));
#3767=CARTESIAN_POINT('Origin',(-30.8000004172325,0.,20.5));
#3768=CARTESIAN_POINT('',(-28.0000004172325,16.4807406984079,20.5));
#3769=CARTESIAN_POINT('',(-28.0000004172325,0.,20.5));
#3770=CARTESIAN_POINT('',(30.8000004172325,16.4807406984079,20.5));
#3771=CARTESIAN_POINT('Origin',(30.8000004172325,10.,15.));
#3772=CARTESIAN_POINT('',(-28.0000004172325,3.51925930159214,20.5));
#3773=CARTESIAN_POINT('Origin',(-28.0000004172325,10.,15.));
#3774=CARTESIAN_POINT('',(30.8000004172325,3.51925930159214,20.5));
#3775=CARTESIAN_POINT('Origin',(-30.8000004172325,10.,15.));
#3776=CARTESIAN_POINT('Origin',(30.8000004172325,20.,24.3));
#3777=CARTESIAN_POINT('',(30.8000004172325,18.,24.3));
#3778=CARTESIAN_POINT('',(30.8000004172325,10.,24.3));
#3779=CARTESIAN_POINT('',(29.3000004172325,18.,24.3));
#3780=CARTESIAN_POINT('',(30.8000004172325,18.,24.3));
#3781=CARTESIAN_POINT('',(29.3000004172325,20.,24.3));
#3782=CARTESIAN_POINT('Origin',(30.8000004172325,16.2,22.5));
#3783=CARTESIAN_POINT('',(30.8000004172325,16.2,22.5));
#3784=CARTESIAN_POINT('',(30.8000004172325,16.2,20.8146367040426));
#3785=CARTESIAN_POINT('',(30.8000004172325,16.2,21.5));
#3786=CARTESIAN_POINT('',(29.3000004172325,16.2,20.8146367040426));
#3787=CARTESIAN_POINT('',(30.8000004172325,16.2,20.8146367040427));
#3788=CARTESIAN_POINT('',(29.3000004172325,16.2,22.5));
#3789=CARTESIAN_POINT('',(29.3000004172325,16.2,20.496205664573));
#3790=CARTESIAN_POINT('',(30.8000004172325,16.2,22.5));
#3791=CARTESIAN_POINT('Origin',(30.8000004172325,18.,22.5));
#3792=CARTESIAN_POINT('Origin',(30.8000004172325,18.,22.5));
#3793=CARTESIAN_POINT('Origin',(29.3000004172325,18.,22.5));
#3794=CARTESIAN_POINT('Origin',(29.3000004172325,18.1,22.4));
#3795=CARTESIAN_POINT('',(29.3000004172325,16.4807406984079,20.5));
#3796=CARTESIAN_POINT('Origin',(29.3000004172325,10.,15.));
#3797=CARTESIAN_POINT('',(29.3000004172325,9.05,20.5));
#3798=CARTESIAN_POINT('',(29.3000004172325,18.,21.4));
#3799=CARTESIAN_POINT('Origin',(29.3000004172325,18.,22.5));
#3800=CARTESIAN_POINT('Origin',(30.8000004172325,2.,24.3));
#3801=CARTESIAN_POINT('',(30.8000004172325,2.,24.3));
#3802=CARTESIAN_POINT('',(30.8000004172325,0.,24.3));
#3803=CARTESIAN_POINT('',(30.8000004172325,1.,24.3));
#3804=CARTESIAN_POINT('',(29.3000004172325,0.,24.3));
#3805=CARTESIAN_POINT('',(15.4000002086163,0.,24.3));
#3806=CARTESIAN_POINT('',(29.3000004172325,2.,24.3));
#3807=CARTESIAN_POINT('',(29.3000004172325,0.,24.3));
#3808=CARTESIAN_POINT('',(30.8000004172325,2.,24.3));
#3809=CARTESIAN_POINT('Origin',(30.8000004172325,2.,22.5));
#3810=CARTESIAN_POINT('',(30.8000004172325,3.8,22.5));
#3811=CARTESIAN_POINT('Origin',(30.8000004172325,2.,22.5));
#3812=CARTESIAN_POINT('',(29.3000004172325,3.8,22.5));
#3813=CARTESIAN_POINT('Origin',(29.3000004172325,2.,22.5));
#3814=CARTESIAN_POINT('',(30.8000004172325,3.8,22.5));
#3815=CARTESIAN_POINT('Origin',(30.8000004172325,3.8,20.8146367040427));
#3816=CARTESIAN_POINT('',(30.8000004172325,3.8,20.8146367040427));
#3817=CARTESIAN_POINT('',(30.8000004172325,3.8,20.6573183520213));
#3818=CARTESIAN_POINT('',(29.3000004172325,3.8,20.8146367040427));
#3819=CARTESIAN_POINT('',(29.3000004172325,3.8,20.496205664573));
#3820=CARTESIAN_POINT('',(30.8000004172325,3.8,20.8146367040427));
#3821=CARTESIAN_POINT('Origin',(29.3000004172325,1.9,22.4));
#3822=CARTESIAN_POINT('',(29.3000004172325,0.,20.5));
#3823=CARTESIAN_POINT('',(29.3000004172325,3.51925930159214,20.5));
#3824=CARTESIAN_POINT('',(29.3000004172325,0.95,20.5));
#3825=CARTESIAN_POINT('Origin',(29.3000004172325,10.,15.));
#3826=CARTESIAN_POINT('',(29.3000004172325,0.,23.2));
#3827=CARTESIAN_POINT('',(29.3000004172325,2.,21.5));
#3828=CARTESIAN_POINT('Origin',(29.3000004172325,2.,22.5));
#3829=CARTESIAN_POINT('Origin',(30.8000004172325,0.,20.5));
#3830=CARTESIAN_POINT('',(30.8000004172325,0.,26.5));
#3831=CARTESIAN_POINT('',(30.8000004172325,0.,26.5));
#3832=CARTESIAN_POINT('',(30.8000004172325,0.,20.5));
#3833=CARTESIAN_POINT('Origin',(30.8000004172325,10.,15.));
#3834=CARTESIAN_POINT('Origin',(0.,0.,24.));
#3835=CARTESIAN_POINT('',(-28.0000004172325,0.,20.5));
#3836=CARTESIAN_POINT('',(-28.0000004172325,0.,20.5));
#3837=CARTESIAN_POINT('',(-28.0000004172325,0.,24.5));
#3838=CARTESIAN_POINT('',(-28.0000004172325,0.,24.5));
#3839=CARTESIAN_POINT('',(-5.00000041723251,0.,24.5));
#3840=CARTESIAN_POINT('',(-5.00000041723251,0.,24.5));
#3841=CARTESIAN_POINT('',(-5.,0.,20.5));
#3842=CARTESIAN_POINT('',(-5.00000041723251,0.,24.5));
#3843=CARTESIAN_POINT('',(5.,0.,20.5));
#3844=CARTESIAN_POINT('',(-5.,0.,20.5));
#3845=CARTESIAN_POINT('',(5.,0.,24.5));
#3846=CARTESIAN_POINT('',(5.,0.,24.5));
#3847=CARTESIAN_POINT('',(28.0000004172325,0.,24.5));
#3848=CARTESIAN_POINT('',(5.,0.,24.5));
#3849=CARTESIAN_POINT('',(28.0000004172325,0.,20.5));
#3850=CARTESIAN_POINT('',(28.0000004172325,0.,24.5));
#3851=CARTESIAN_POINT('',(28.0000004172325,0.,20.5));
#3852=CARTESIAN_POINT('',(29.8000004172325,0.,27.5));
#3853=CARTESIAN_POINT('Origin',(29.8000004172325,0.,26.5));
#3854=CARTESIAN_POINT('',(-29.8000004172325,0.,27.5));
#3855=CARTESIAN_POINT('',(30.8000004172325,0.,27.5));
#3856=CARTESIAN_POINT('',(-30.8000004172325,0.,26.5));
#3857=CARTESIAN_POINT('Origin',(-29.8000004172325,0.,26.5));
#3858=CARTESIAN_POINT('',(-30.8000004172325,0.,20.5));
#3859=CARTESIAN_POINT('Origin',(28.0000004172325,0.,20.5));
#3860=CARTESIAN_POINT('',(28.0000004172325,3.51925930159214,20.5));
#3861=CARTESIAN_POINT('',(28.0000004172325,0.,20.5));
#3862=CARTESIAN_POINT('',(30.8000004172325,3.51925930159214,20.5));
#3863=CARTESIAN_POINT('Origin',(30.8000004172325,10.,15.));
#3864=CARTESIAN_POINT('',(28.0000004172325,16.4807406984079,20.5));
#3865=CARTESIAN_POINT('Origin',(28.0000004172325,10.,15.));
#3866=CARTESIAN_POINT('',(30.8000004172325,16.4807406984079,20.5));
#3867=CARTESIAN_POINT('Origin',(30.8000004172325,10.,15.));
#3868=CARTESIAN_POINT('',(5.,16.4807406984079,20.5));
#3869=CARTESIAN_POINT('',(5.,3.51925930159214,20.5));
#3870=CARTESIAN_POINT('Origin',(5.,10.,15.));
#3871=CARTESIAN_POINT('',(-5.,3.51925930159214,20.5));
#3872=CARTESIAN_POINT('',(30.8000004172325,3.51925930159216,20.5));
#3873=CARTESIAN_POINT('',(-5.,16.4807406984079,20.5));
#3874=CARTESIAN_POINT('Origin',(-4.99999942630529,10.,15.));
#3875=CARTESIAN_POINT('',(30.8000004172325,16.4807406984078,20.5));
#3876=CARTESIAN_POINT('Origin',(5.,0.,20.5));
#3877=CARTESIAN_POINT('',(5.,0.,20.5));
#3878=CARTESIAN_POINT('',(5.,0.,24.5));
#3879=CARTESIAN_POINT('',(5.,0.,20.5));
#3880=CARTESIAN_POINT('',(5.,2.,21.5));
#3881=CARTESIAN_POINT('Origin',(5.,2.,22.5));
#3882=CARTESIAN_POINT('',(5.,18.,21.4));
#3883=CARTESIAN_POINT('Origin',(5.,18.,22.5));
#3884=CARTESIAN_POINT('Origin',(-5.,0.,20.5));
#3885=CARTESIAN_POINT('',(-5.,0.,20.5));
#3886=CARTESIAN_POINT('Origin',(-5.00000041723251,0.,24.5));
#3887=CARTESIAN_POINT('',(-5.00000041723251,0.,24.5));
#3888=CARTESIAN_POINT('',(-5.,0.,20.5));
#3889=CARTESIAN_POINT('',(-5.00000010430812,2.,21.5));
#3890=CARTESIAN_POINT('Origin',(-5.00000020861625,2.,22.5));
#3891=CARTESIAN_POINT('',(-5.00000009387731,18.,21.4));
#3892=CARTESIAN_POINT('Origin',(-5.00000020861625,18.,22.5));
#3893=CARTESIAN_POINT('Origin',(-30.8000004172325,0.,27.5));
#3894=CARTESIAN_POINT('',(-30.8000004172325,0.,26.5));
#3895=CARTESIAN_POINT('Origin',(-28.0000004172325,0.,20.5));
#3896=CARTESIAN_POINT('',(-28.0000004172325,0.,24.5));
#3897=CARTESIAN_POINT('',(-28.0000004172325,0.,20.5));
#3898=CARTESIAN_POINT('',(-28.0000004172325,2.,21.5));
#3899=CARTESIAN_POINT('Origin',(-28.0000004172325,2.,22.5));
#3900=CARTESIAN_POINT('',(-28.0000004172325,18.,21.4));
#3901=CARTESIAN_POINT('Origin',(-28.0000004172325,18.,22.5));
#3902=CARTESIAN_POINT('Origin',(28.0000004172325,0.,24.5));
#3903=CARTESIAN_POINT('',(28.0000004172325,0.,24.5));
#3904=CARTESIAN_POINT('',(28.0000004172325,0.,20.5));
#3905=CARTESIAN_POINT('',(28.0000004172325,2.,21.5));
#3906=CARTESIAN_POINT('Origin',(28.0000004172325,2.,22.5));
#3907=CARTESIAN_POINT('',(28.0000004172325,18.,21.4));
#3908=CARTESIAN_POINT('Origin',(28.0000004172325,18.,22.5));
#3909=CARTESIAN_POINT('Origin',(30.8000004172325,18.,22.5));
#3910=CARTESIAN_POINT('',(30.8000004172325,18.,21.4));
#3911=CARTESIAN_POINT('Origin',(30.8000004172325,18.,22.5));
#3912=CARTESIAN_POINT('',(30.8000004172325,18.,21.4));
#3913=CARTESIAN_POINT('Origin',(30.8000004172325,18.,22.5));
#3914=CARTESIAN_POINT('',(30.8000004172325,18.,21.4));
#3915=CARTESIAN_POINT('Origin',(30.8000004172325,2.,22.5));
#3916=CARTESIAN_POINT('',(30.8000004172325,2.,21.5));
#3917=CARTESIAN_POINT('Origin',(30.8000004172325,2.,22.5));
#3918=CARTESIAN_POINT('',(30.8000004172325,2.,21.5));
#3919=CARTESIAN_POINT('Origin',(30.8000004172325,2.,22.5));
#3920=CARTESIAN_POINT('',(30.8000004172325,2.,21.5));
#3921=CARTESIAN_POINT('Origin',(-29.8000004172325,0.,26.5));
#3922=CARTESIAN_POINT('',(-29.8000004172325,0.,27.5));
#3923=CARTESIAN_POINT('Origin',(29.8000004172325,0.,26.5));
#3924=CARTESIAN_POINT('',(29.8000004172325,0.,27.5));
#3925=CARTESIAN_POINT('Origin',(-5.,0.,20.5));
#3926=CARTESIAN_POINT('Origin',(-28.0000004172325,0.,24.5));
#3927=CARTESIAN_POINT('Origin',(-30.8000004172325,0.,20.5));
#3928=CARTESIAN_POINT('Origin',(30.8000004172325,0.,27.5));
#3929=CARTESIAN_POINT('Origin',(28.0000004172325,0.,20.5));
#3930=CARTESIAN_POINT('Origin',(5.,0.,24.5));
#3931=CARTESIAN_POINT('Origin',(-25.5000004023313,15.,28.7500001117587));
#3932=CARTESIAN_POINT('',(-25.5000004023313,14.,27.5));
#3933=CARTESIAN_POINT('',(-24.5000004023313,15.,27.5));
#3934=CARTESIAN_POINT('Origin',(-25.5000004023313,15.,27.5));
#3935=CARTESIAN_POINT('',(-24.5000004023313,15.,30.0000004470348));
#3936=CARTESIAN_POINT('',(-24.5000004023313,15.,28.7500001117587));
#3937=CARTESIAN_POINT('',(-25.5000004023313,14.,30.0000004470348));
#3938=CARTESIAN_POINT('Origin',(-25.5000004023313,15.,30.0000004470348));
#3939=CARTESIAN_POINT('',(-25.5000004023313,14.,28.7500001117587));
#3940=CARTESIAN_POINT('Origin',(-27.0000004023313,15.,30.0000004470348));
#3941=CARTESIAN_POINT('',(-29.5000004023313,15.,30.0000004470348));
#3942=CARTESIAN_POINT('',(-28.5000004023313,14.,30.0000004470348));
#3943=CARTESIAN_POINT('Origin',(-28.5000004023313,15.,30.0000004470348));
#3944=CARTESIAN_POINT('Origin',(-27.0000004023313,14.,30.0000004470348));
#3945=CARTESIAN_POINT('Origin',(-27.0000004023313,15.,30.0000004470348));
#3946=CARTESIAN_POINT('Origin',(-28.5000004023313,15.,30.0000003352761));
#3947=CARTESIAN_POINT('',(-29.5000004023313,15.,27.5));
#3948=CARTESIAN_POINT('',(-28.5000004023313,14.,27.5));
#3949=CARTESIAN_POINT('Origin',(-28.5000004023313,15.,27.5));
#3950=CARTESIAN_POINT('',(-28.5000004023313,14.,30.0000003352761));
#3951=CARTESIAN_POINT('',(-29.5000004023313,15.,30.0000003352761));
#3952=CARTESIAN_POINT('Origin',(-27.0000004023313,14.,30.0000002235174));
#3953=CARTESIAN_POINT('',(-29.8000004172325,14.,27.5));
#3954=CARTESIAN_POINT('',(-26.1500004023313,14.,30.0000004470348));
#3955=CARTESIAN_POINT('Origin',(-27.0000004023313,14.,30.0000004470348));
#3956=CARTESIAN_POINT('Origin',(-27.0000004023313,20.,30.0000004470348));
#3957=CARTESIAN_POINT('',(-26.1500004023313,20.,30.0000004470348));
#3958=CARTESIAN_POINT('',(-26.1500004023313,20.,30.0000004470348));
#3959=CARTESIAN_POINT('Origin',(-27.0000004023313,20.,30.0000004470348));
#3960=CARTESIAN_POINT('Origin',(-24.5000004023313,20.,27.5));
#3961=CARTESIAN_POINT('',(-24.5000004023313,20.,27.5));
#3962=CARTESIAN_POINT('',(-24.5000004023313,20.,27.5));
#3963=CARTESIAN_POINT('',(-24.5000004023313,20.,30.0000004470348));
#3964=CARTESIAN_POINT('',(-24.5000004023313,20.,30.0000004470348));
#3965=CARTESIAN_POINT('',(-24.5000004023313,20.,30.0000004470348));
#3966=CARTESIAN_POINT('Origin',(-29.5000004023313,20.,27.5));
#3967=CARTESIAN_POINT('',(-29.5000004023313,20.,27.5));
#3968=CARTESIAN_POINT('',(-29.5000004023313,20.,27.5));
#3969=CARTESIAN_POINT('',(-29.8000004172325,20.,27.5));
#3970=CARTESIAN_POINT('Origin',(-29.5000004023313,20.,30.0000004470348));
#3971=CARTESIAN_POINT('',(-29.5000004023313,20.,30.0000004470348));
#3972=CARTESIAN_POINT('',(-29.5000004023313,20.,30.0000004470348));
#3973=CARTESIAN_POINT('',(-29.5000004023313,20.,30.0000004470348));
#3974=CARTESIAN_POINT('Origin',(-27.0000004023313,20.,30.0000004470348));
#3975=CARTESIAN_POINT('Origin',(-27.0000004023313,20.,30.0000004470348));
#3976=CARTESIAN_POINT('Origin',(-27.0000004023313,20.,30.0000002235174));
#3977=CARTESIAN_POINT('Origin',(28.5000004023314,15.,28.7500001117587));
#3978=CARTESIAN_POINT('',(28.5000004023314,14.,27.5));
#3979=CARTESIAN_POINT('',(29.5000004023314,15.,27.5));
#3980=CARTESIAN_POINT('Origin',(28.5000004023314,15.,27.5));
#3981=CARTESIAN_POINT('',(29.5000004023314,15.,30.0000004470348));
#3982=CARTESIAN_POINT('',(29.5000004023314,15.,28.7500001117587));
#3983=CARTESIAN_POINT('',(28.5000004023314,14.,30.0000004470348));
#3984=CARTESIAN_POINT('Origin',(28.5000004023314,15.,30.0000004470348));
#3985=CARTESIAN_POINT('',(28.5000004023314,14.,28.7500001117587));
#3986=CARTESIAN_POINT('Origin',(27.0000004023314,15.,30.0000004470348));
#3987=CARTESIAN_POINT('',(24.5000004023314,15.,30.0000004470348));
#3988=CARTESIAN_POINT('',(25.5000004023314,14.,30.0000004470348));
#3989=CARTESIAN_POINT('Origin',(25.5000004023314,15.,30.0000004470348));
#3990=CARTESIAN_POINT('Origin',(27.0000004023314,14.,30.0000004470348));
#3991=CARTESIAN_POINT('Origin',(27.0000004023314,15.,30.0000004470348));
#3992=CARTESIAN_POINT('Origin',(25.5000004023314,15.,30.0000003352761));
#3993=CARTESIAN_POINT('',(24.5000004023314,15.,27.5));
#3994=CARTESIAN_POINT('',(25.5000004023314,14.,27.5));
#3995=CARTESIAN_POINT('Origin',(25.5000004023314,15.,27.5));
#3996=CARTESIAN_POINT('',(25.5000004023314,14.,30.0000003352761));
#3997=CARTESIAN_POINT('',(24.5000004023314,15.,30.0000003352761));
#3998=CARTESIAN_POINT('Origin',(27.0000004023314,14.,30.0000002235174));
#3999=CARTESIAN_POINT('',(-29.8000004172325,14.,27.5));
#4000=CARTESIAN_POINT('',(27.8500004023314,14.,30.0000004470348));
#4001=CARTESIAN_POINT('Origin',(27.0000004023314,14.,30.0000004470348));
#4002=CARTESIAN_POINT('Origin',(27.0000004023314,20.,30.0000004470348));
#4003=CARTESIAN_POINT('',(27.8500004023314,20.,30.0000004470348));
#4004=CARTESIAN_POINT('',(27.8500004023314,20.,30.0000004470348));
#4005=CARTESIAN_POINT('Origin',(27.0000004023314,20.,30.0000004470348));
#4006=CARTESIAN_POINT('Origin',(27.0000004023314,20.,30.0000004470348));
#4007=CARTESIAN_POINT('',(29.5000004023314,20.,30.0000004470348));
#4008=CARTESIAN_POINT('',(29.5000004023314,20.,30.0000004470348));
#4009=CARTESIAN_POINT('',(24.5000004023314,20.,30.0000004470348));
#4010=CARTESIAN_POINT('Origin',(27.0000004023314,20.,30.0000004470348));
#4011=CARTESIAN_POINT('',(24.5000004023314,20.,30.0000004470348));
#4012=CARTESIAN_POINT('Origin',(29.5000004023314,20.,27.5));
#4013=CARTESIAN_POINT('',(29.5000004023314,20.,27.5));
#4014=CARTESIAN_POINT('',(29.5000004023314,20.,27.5));
#4015=CARTESIAN_POINT('',(29.5000004023314,20.,30.0000004470348));
#4016=CARTESIAN_POINT('Origin',(24.5000004023314,20.,27.5));
#4017=CARTESIAN_POINT('',(24.5000004023314,20.,27.5));
#4018=CARTESIAN_POINT('',(24.5000004023314,20.,27.5));
#4019=CARTESIAN_POINT('',(-29.8000004172325,20.,27.5));
#4020=CARTESIAN_POINT('Origin',(24.5000004023314,20.,30.0000004470348));
#4021=CARTESIAN_POINT('',(24.5000004023314,20.,30.0000004470348));
#4022=CARTESIAN_POINT('Origin',(27.0000004023314,20.,30.0000002235174));
#4023=CARTESIAN_POINT('Origin',(14.5,-7.0426503327872,39.5840091946838));
#4024=CARTESIAN_POINT('',(14.5,-7.57489560982526,47.2516530357785));
#4025=CARTESIAN_POINT('',(14.5,-7.80544826482175,48.9567102825111));
#4026=CARTESIAN_POINT('',(14.5,-6.54715949967376,39.6510079581093));
#4027=CARTESIAN_POINT('',(14.9992186861618,-8.28788701260318,49.0017038295272));
#4028=CARTESIAN_POINT('Ctrl Pts',(14.5000267752248,-7.80545307037249,48.9567458220676));
#4029=CARTESIAN_POINT('Ctrl Pts',(14.5010860721149,-7.80548444018243,48.9569776796824));
#4030=CARTESIAN_POINT('Ctrl Pts',(14.5021453399336,-7.80551931219912,48.9572090348159));
#4031=CARTESIAN_POINT('Ctrl Pts',(14.503204563918,-7.80555767794371,48.9574398856575));
#4032=CARTESIAN_POINT('Ctrl Pts',(14.5292706164821,-7.80650180640924,48.9631208089187));
#4033=CARTESIAN_POINT('Ctrl Pts',(14.5552331887048,-7.80955456811948,48.9684806866085));
#4034=CARTESIAN_POINT('Ctrl Pts',(14.5808752464985,-7.81458016062555,48.9734936359951));
#4035=CARTESIAN_POINT('Ctrl Pts',(14.6069587891979,-7.81969227985467,48.9785928944255));
#4036=CARTESIAN_POINT('Ctrl Pts',(14.6327118786545,-7.82684620296501,48.9833336733108));
#4037=CARTESIAN_POINT('Ctrl Pts',(14.6578965216464,-7.83595001435376,48.9876799039931));
#4038=CARTESIAN_POINT('Ctrl Pts',(14.6640740787009,-7.83818309402398,48.988745993674));
#4039=CARTESIAN_POINT('Ctrl Pts',(14.6702173406121,-7.84053371200278,48.9897882830324));
#4040=CARTESIAN_POINT('Ctrl Pts',(14.6763225787898,-7.84300092120198,48.9908061060011));
#4041=CARTESIAN_POINT('Ctrl Pts',(14.7010572841783,-7.85299654969325,48.9949297045466));
#4042=CARTESIAN_POINT('Ctrl Pts',(14.7250078820854,-7.86483690757462,48.9986256803509));
#4043=CARTESIAN_POINT('Ctrl Pts',(14.7479461797751,-7.87841578154503,49.0018574705029));
#4044=CARTESIAN_POINT('Ctrl Pts',(14.7702127957605,-7.89159703746478,49.0049946270275));
#4045=CARTESIAN_POINT('Ctrl Pts',(14.7915264882101,-7.90641722503276,49.0076947552294));
#4046=CARTESIAN_POINT('Ctrl Pts',(14.8116539670751,-7.92281734448653,49.0099091199924));
#4047=CARTESIAN_POINT('Ctrl Pts',(14.8217350615814,-7.93103154534287,49.0110182117269));
#4048=CARTESIAN_POINT('Ctrl Pts',(14.8315181015759,-7.93964263105781,49.012005166904));
#4049=CARTESIAN_POINT('Ctrl Pts',(14.8409702135146,-7.94864610904942,49.0128619097773));
#4050=CARTESIAN_POINT('Ctrl Pts',(14.8417956926777,-7.94943240776506,49.0129367315097));
#4051=CARTESIAN_POINT('Ctrl Pts',(14.8426183769353,-7.95022144399751,49.0130105347471));
#4052=CARTESIAN_POINT('Ctrl Pts',(14.8434382487303,-7.95101321003407,49.0130833157481));
#4053=CARTESIAN_POINT('Ctrl Pts',(14.8623951675081,-7.9693202728436,49.01476614413));
#4054=CARTESIAN_POINT('Ctrl Pts',(14.8798512600379,-7.9890837276989,49.0159042082449));
#4055=CARTESIAN_POINT('Ctrl Pts',(14.8957176168581,-8.01006996962677,49.0165287350282));
#4056=CARTESIAN_POINT('Ctrl Pts',(14.9116669010573,-8.03116589861501,49.0171565259741));
#4057=CARTESIAN_POINT('Ctrl Pts',(14.9260103784352,-8.05349866879108,49.0172655195068));
#4058=CARTESIAN_POINT('Ctrl Pts',(14.9386189294378,-8.07685644137186,49.0168652427032));
#4059=CARTESIAN_POINT('Ctrl Pts',(14.9435639908851,-8.08601733707365,49.0167082545299));
#4060=CARTESIAN_POINT('Ctrl Pts',(14.9482417181304,-8.09533607293378,49.0164726804313));
#4061=CARTESIAN_POINT('Ctrl Pts',(14.9526423899397,-8.10480028724471,49.0161581017529));
#4062=CARTESIAN_POINT('Ctrl Pts',(14.9638632178667,-8.12893213002933,49.0153559893999));
#4063=CARTESIAN_POINT('Ctrl Pts',(14.9731910715187,-8.15380495380615,49.0140487862003));
#4064=CARTESIAN_POINT('Ctrl Pts',(14.9805275308934,-8.17918629751072,49.0122424709391));
#4065=CARTESIAN_POINT('Ctrl Pts',(14.9876708135571,-8.20389932367292,49.0104837178633));
#4066=CARTESIAN_POINT('Ctrl Pts',(14.992926513962,-8.22909567629469,49.0082517824029));
#4067=CARTESIAN_POINT('Ctrl Pts',(14.9961621720832,-8.25457042868079,49.0055296603332));
#4068=CARTESIAN_POINT('Ctrl Pts',(14.997566789042,-8.26562915858465,49.0043479721943));
#4069=CARTESIAN_POINT('Ctrl Pts',(14.9985901662173,-8.27674037009588,49.0030736181695));
#4070=CARTESIAN_POINT('Ctrl Pts',(14.9992186861618,-8.28788701260318,49.0017038295273));
#4071=CARTESIAN_POINT('',(15.,-8.31585206961323,49.0000007301569));
#4072=CARTESIAN_POINT('Ctrl Pts',(14.9992186861618,-8.28788701260319,49.0017038295273));
#4073=CARTESIAN_POINT('Ctrl Pts',(14.9997390498533,-8.29711553127542,49.0005697552934));
#4074=CARTESIAN_POINT('Ctrl Pts',(15.,-8.30644009149179,49.0000007301569));
#4075=CARTESIAN_POINT('Ctrl Pts',(15.,-8.31585206961323,49.0000007301569));
#4076=CARTESIAN_POINT('',(15.,-8.02421189170622,46.8431693599594));
#4077=CARTESIAN_POINT('',(15.,-7.0426503327872,39.5840091946838));
#4078=CARTESIAN_POINT('Ctrl Pts',(15.,-8.02421189170622,46.8431693599594));
#4079=CARTESIAN_POINT('Ctrl Pts',(15.,-8.0232648795009,46.8440303103462));
#4080=CARTESIAN_POINT('Ctrl Pts',(14.999996668283,-8.02231786661362,46.8448912613522));
#4081=CARTESIAN_POINT('Ctrl Pts',(14.9997115531241,-7.98179772431229,46.8817290465459));
#4082=CARTESIAN_POINT('Ctrl Pts',(14.9936147911903,-7.94220022954534,46.9177280318136));
#4083=CARTESIAN_POINT('Ctrl Pts',(14.9699620249642,-7.86589918367515,46.9870950522016));
#4084=CARTESIAN_POINT('Ctrl Pts',(14.9526306339,-7.82908194468575,47.020566443563));
#4085=CARTESIAN_POINT('Ctrl Pts',(14.8984033122743,-7.74724125493428,47.0949696805018));
#4086=CARTESIAN_POINT('Ctrl Pts',(14.856767170237,-7.70400965920126,47.1342725103187));
#4087=CARTESIAN_POINT('Ctrl Pts',(14.7619536368607,-7.63837346448663,47.1939438712896));
#4088=CARTESIAN_POINT('Ctrl Pts',(14.7123323959834,-7.6141335890589,47.2159808942712));
#4089=CARTESIAN_POINT('Ctrl Pts',(14.6073282570613,-7.58279641045107,47.2444702377998));
#4090=CARTESIAN_POINT('Ctrl Pts',(14.5541585191685,-7.57489560982526,47.2516530357785));
#4091=CARTESIAN_POINT('Ctrl Pts',(14.5,-7.57489560982526,47.2516530357785));
#4092=CARTESIAN_POINT('Ctrl Pts',(10.0131835169038,-8.9438537134964,54.0932821174652));
#4093=CARTESIAN_POINT('Ctrl Pts',(10.9394638697664,-8.88459854953563,53.6388108696285));
#4094=CARTESIAN_POINT('Ctrl Pts',(12.4313882848779,-8.76453975898674,52.7120282965879));
#4095=CARTESIAN_POINT('Ctrl Pts',(14.0567409273752,-8.52614311876209,50.8348894534098));
#4096=CARTESIAN_POINT('Ctrl Pts',(14.7135565934113,-8.3689329987835,49.6242722835617));
#4097=CARTESIAN_POINT('Ctrl Pts',(14.9992186861618,-8.28788701260317,49.0017038295272));
#4098=CARTESIAN_POINT('Ctrl Pts',(10.0067329501999,-8.82321697555143,54.0964470308632));
#4099=CARTESIAN_POINT('Ctrl Pts',(10.9323141619603,-8.76365861181693,53.6429204344144));
#4100=CARTESIAN_POINT('Ctrl Pts',(12.4226602481736,-8.64290119344201,52.7186289196832));
#4101=CARTESIAN_POINT('Ctrl Pts',(14.0487448438945,-8.40228228320391,50.846605163992));
#4102=CARTESIAN_POINT('Ctrl Pts',(14.7065612708078,-8.24411071134746,49.6375942421879));
#4103=CARTESIAN_POINT('Ctrl Pts',(14.9927968181164,-8.16258927538878,49.0156995698181));
#4104=CARTESIAN_POINT('Ctrl Pts',(9.95347329681346,-8.58269774763355,54.0204181726662));
#4105=CARTESIAN_POINT('Ctrl Pts',(10.8711498048951,-8.52255586344164,53.571284913079));
#4106=CARTESIAN_POINT('Ctrl Pts',(12.3457040130208,-8.40035193295391,52.6573433471628));
#4107=CARTESIAN_POINT('Ctrl Pts',(13.950378317601,-8.15545371588674,50.8149884404206));
#4108=CARTESIAN_POINT('Ctrl Pts',(14.6043255748655,-7.99537007362288,49.6178144087469));
#4109=CARTESIAN_POINT('Ctrl Pts',(14.8886632539873,-7.91293722790879,49.001675650253));
#4110=CARTESIAN_POINT('Ctrl Pts',(9.84656541556966,-8.46287523723823,53.8187259618937));
#4111=CARTESIAN_POINT('Ctrl Pts',(10.7479373320204,-8.40312130292652,53.3768840615284));
#4112=CARTESIAN_POINT('Ctrl Pts',(12.1885254348216,-8.28196152573812,52.4803899678138));
#4113=CARTESIAN_POINT('Ctrl Pts',(13.7409271164857,-8.03994464149357,50.6910055513029));
#4114=CARTESIAN_POINT('Ctrl Pts',(14.3815401928532,-7.88121246705341,49.5169131520225));
#4115=CARTESIAN_POINT('Ctrl Pts',(14.6596923734087,-7.79939808515625,48.9119660453092));
#4116=CARTESIAN_POINT('Ctrl Pts',(9.79294384790744,-8.44836288038295,53.7113995065829));
#4117=CARTESIAN_POINT('Ctrl Pts',(10.6861075823227,-8.38910771642213,53.2731766341581));
#4118=CARTESIAN_POINT('Ctrl Pts',(12.1097478396257,-8.26904892587329,52.3852791997851));
#4119=CARTESIAN_POINT('Ctrl Pts',(13.6357902353354,-8.03065228564863,50.6222115872349));
#4120=CARTESIAN_POINT('Ctrl Pts',(14.2697533002064,-7.87344216567005,49.4595606763909));
#4121=CARTESIAN_POINT('Ctrl Pts',(14.5447742963727,-7.79239617948972,48.8601832974686));
#4122=CARTESIAN_POINT('',(9.89601324846851,-8.44145077490895,53.6602808780474));
#4123=CARTESIAN_POINT('Ctrl Pts',(14.5000357239104,-7.8054504849995,48.9567267018846));
#4124=CARTESIAN_POINT('Ctrl Pts',(14.2354867316438,-7.88188172878989,49.5219756516465));
#4125=CARTESIAN_POINT('Ctrl Pts',(13.6123415722895,-8.03431540962449,50.6493023014183));
#4126=CARTESIAN_POINT('Ctrl Pts',(12.1349526004679,-8.26511146625924,52.3561596303368));
#4127=CARTESIAN_POINT('Ctrl Pts',(10.7517668529949,-8.38352862597811,53.2319163476873));
#4128=CARTESIAN_POINT('Ctrl Pts',(9.89602861388222,-8.44145485061629,53.6603110200311));
#4129=CARTESIAN_POINT('',(10.0130752454364,-8.93694160668511,54.0932821146219));
#4130=CARTESIAN_POINT('Ctrl Pts',(9.8961104886539,-8.44144930834365,53.6602700320314));
#4131=CARTESIAN_POINT('Ctrl Pts',(9.89636262808791,-8.44159109623176,53.6613186849616));
#4132=CARTESIAN_POINT('Ctrl Pts',(9.89661473853152,-8.44173636541349,53.6623668429558));
#4133=CARTESIAN_POINT('Ctrl Pts',(9.89686681678801,-8.4418851061756,53.6634144923392));
#4134=CARTESIAN_POINT('Ctrl Pts',(9.90308160939002,-8.44555219353491,53.6892434699286));
#4135=CARTESIAN_POINT('Ctrl Pts',(9.90926058940957,-8.45131518737062,53.7146944809967));
#4136=CARTESIAN_POINT('Ctrl Pts',(9.91535569489271,-8.45902266245871,53.7395659929409));
#4137=CARTESIAN_POINT('Ctrl Pts',(9.92153951349633,-8.46684231840534,53.7647995050903));
#4138=CARTESIAN_POINT('Ctrl Pts',(9.92763759539891,-8.47666399924456,53.7894376418073));
#4139=CARTESIAN_POINT('Ctrl Pts',(9.93359723205397,-8.48837891230495,53.8132528096034));
#4140=CARTESIAN_POINT('Ctrl Pts',(9.934277893424,-8.48971689467451,53.8159727849438));
#4141=CARTESIAN_POINT('Ctrl Pts',(9.93495674039114,-8.49107962017685,53.818681996184));
#4142=CARTESIAN_POINT('Ctrl Pts',(9.93563368680149,-8.49246696209265,53.8213800798493));
#4143=CARTESIAN_POINT('Ctrl Pts',(9.94182263709084,-8.50515066942901,53.8460471811531));
#4144=CARTESIAN_POINT('Ctrl Pts',(9.94781675833712,-8.51981246812483,53.8696410255453));
#4145=CARTESIAN_POINT('Ctrl Pts',(9.95355173231604,-8.53631641084219,53.8919067495078));
#4146=CARTESIAN_POINT('Ctrl Pts',(9.95885572317398,-8.55158008276369,53.9124992049882));
#4147=CARTESIAN_POINT('Ctrl Pts',(9.96393849494115,-8.56842055763554,53.9319563112169));
#4148=CARTESIAN_POINT('Ctrl Pts',(9.96873712174716,-8.58676671134248,53.9500442447989));
#4149=CARTESIAN_POINT('Ctrl Pts',(9.96912704081239,-8.58825745346377,53.9515140048864));
#4150=CARTESIAN_POINT('Ctrl Pts',(9.96951507469082,-8.58975815325864,53.9529747029616));
#4151=CARTESIAN_POINT('Ctrl Pts',(9.96990118448942,-8.59126878090185,53.9544262013899));
#4152=CARTESIAN_POINT('Ctrl Pts',(9.97150860765389,-8.59755771186234,53.9604689700665));
#4153=CARTESIAN_POINT('Ctrl Pts',(9.97307899678026,-8.60400426485424,53.9663384901403));
#4154=CARTESIAN_POINT('Ctrl Pts',(9.97461001717407,-8.61060440517591,53.9720269126803));
#4155=CARTESIAN_POINT('Ctrl Pts',(9.9794422375388,-8.63143582754065,53.9899807631658));
#4156=CARTESIAN_POINT('Ctrl Pts',(9.98388394072033,-8.65379448671191,54.0061342161825));
#4157=CARTESIAN_POINT('Ctrl Pts',(9.98792580751928,-8.67740815779299,54.0203904493752));
#4158=CARTESIAN_POINT('Ctrl Pts',(9.99175324811013,-8.69976909339283,54.033890371146));
#4159=CARTESIAN_POINT('Ctrl Pts',(9.99522230467203,-8.72325694836548,54.0456891091182));
#4160=CARTESIAN_POINT('Ctrl Pts',(9.9983042486159,-8.74765989211689,54.0556609499226));
#4161=CARTESIAN_POINT('Ctrl Pts',(9.99847690957243,-8.74902702782316,54.0562196062782));
#4162=CARTESIAN_POINT('Ctrl Pts',(9.99864834945887,-8.75039703753689,54.0567725165675));
#4163=CARTESIAN_POINT('Ctrl Pts',(9.9988185610049,-8.75176988447587,54.0573196542871));
#4164=CARTESIAN_POINT('Ctrl Pts',(10.0018645021591,-8.7763370251163,54.0671107015804));
#4165=CARTESIAN_POINT('Ctrl Pts',(10.0044935912963,-8.80160584803542,54.0749749035528));
#4166=CARTESIAN_POINT('Ctrl Pts',(10.0066778833156,-8.82733987472064,54.0808318927125));
#4167=CARTESIAN_POINT('Ctrl Pts',(10.0088043231368,-8.85239232128844,54.0865337562322));
#4168=CARTESIAN_POINT('Ctrl Pts',(10.0105094099056,-8.87788689306686,54.0903335261646));
#4169=CARTESIAN_POINT('Ctrl Pts',(10.0117454035892,-8.90361464578525,54.0921150518094));
#4170=CARTESIAN_POINT('Ctrl Pts',(10.0122772961414,-8.91468622344532,54.0928817063923));
#4171=CARTESIAN_POINT('Ctrl Pts',(10.012722019848,-8.92580099498129,54.0932740489815));
#4172=CARTESIAN_POINT('Ctrl Pts',(10.0130743242461,-8.93694200394237,54.0932801788819));
#4173=CARTESIAN_POINT('',(10.0131835169038,-8.9438537134964,54.0932821174652));
#4174=CARTESIAN_POINT('Ctrl Pts',(10.0130752454364,-8.93694160668511,54.0932821146219));
#4175=CARTESIAN_POINT('Ctrl Pts',(10.0131473515887,-8.939241145933,54.0932821146281));
#4176=CARTESIAN_POINT('Ctrl Pts',(10.0131835226736,-8.94154522922365,54.0932821146342));
#4177=CARTESIAN_POINT('Ctrl Pts',(10.013183522661,-8.94385371312811,54.0932821146404));
#4178=CARTESIAN_POINT('Ctrl Pts',(10.0131835169038,-8.9438537134964,54.0932821174652));
#4179=CARTESIAN_POINT('Ctrl Pts',(10.9394638697664,-8.88459854953563,53.6388108696285));
#4180=CARTESIAN_POINT('Ctrl Pts',(12.4313882848779,-8.76453975898674,52.7120282965879));
#4181=CARTESIAN_POINT('Ctrl Pts',(14.0567409273752,-8.52614311876209,50.8348894534098));
#4182=CARTESIAN_POINT('Ctrl Pts',(14.7135565934113,-8.3689329987835,49.6242722835617));
#4183=CARTESIAN_POINT('Ctrl Pts',(14.9992186861618,-8.28788701260317,49.0017038295272));
#4184=CARTESIAN_POINT('Origin',(7.5,-8.93694160802239,53.5932821146219));
#4185=CARTESIAN_POINT('',(-9.88015061423314,-8.44145077490895,53.6602808780474));
#4186=CARTESIAN_POINT('',(7.5,-8.44145077490895,53.6602808780474));
#4187=CARTESIAN_POINT('',(-9.99637825336046,-8.93694160668511,54.0932821146219));
#4188=CARTESIAN_POINT('Ctrl Pts',(-9.88022832704996,-8.44145207150393,53.6602904670442));
#4189=CARTESIAN_POINT('Ctrl Pts',(-9.8804786888,-8.44159386276154,53.6613391403685));
#4190=CARTESIAN_POINT('Ctrl Pts',(-9.88072902238411,-8.44173913554177,53.6623873182528));
#4191=CARTESIAN_POINT('Ctrl Pts',(-9.88097932462179,-8.44188788013139,53.6634349870206));
#4192=CARTESIAN_POINT('Ctrl Pts',(-9.88715024253747,-8.44555500936454,53.6892640728038));
#4193=CARTESIAN_POINT('Ctrl Pts',(-9.89328592799361,-8.45131809578431,53.7147146965645));
#4194=CARTESIAN_POINT('Ctrl Pts',(-9.89933851755086,-8.4590256385575,53.7395854458263));
#4195=CARTESIAN_POINT('Ctrl Pts',(-9.90547947155343,-8.46684570717362,53.7648192942115));
#4196=CARTESIAN_POINT('Ctrl Pts',(-9.91153547768008,-8.47666795119119,53.7894573313317));
#4197=CARTESIAN_POINT('Ctrl Pts',(-9.91745405836094,-8.48838348926154,53.8132720793538));
#4198=CARTESIAN_POINT('Ctrl Pts',(-9.91812559070345,-8.48971275435876,53.8159741416197));
#4199=CARTESIAN_POINT('Ctrl Pts',(-9.91879534560612,-8.49106643943088,53.8186655765855));
#4200=CARTESIAN_POINT('Ctrl Pts',(-9.91946323901587,-8.49244442009431,53.8213460280675));
#4201=CARTESIAN_POINT('Ctrl Pts',(-9.92560795902104,-8.50512204982621,53.8460065855812));
#4202=CARTESIAN_POINT('Ctrl Pts',(-9.93155933726734,-8.51977658036384,53.869594090974));
#4203=CARTESIAN_POINT('Ctrl Pts',(-9.93725344935483,-8.53627189976847,53.8918541328456));
#4204=CARTESIAN_POINT('Ctrl Pts',(-9.94252254574567,-8.55153598776064,53.9124526571605));
#4205=CARTESIAN_POINT('Ctrl Pts',(-9.94757178874096,-8.56837744959,53.931915149837));
#4206=CARTESIAN_POINT('Ctrl Pts',(-9.95233862570934,-8.58672490099099,53.9500078079714));
#4207=CARTESIAN_POINT('Ctrl Pts',(-9.95272312817137,-8.5882048425712,53.9514671974247));
#4208=CARTESIAN_POINT('Ctrl Pts',(-9.95310578433112,-8.58969459872138,53.9529176526357));
#4209=CARTESIAN_POINT('Ctrl Pts',(-9.95348655639165,-8.59119414013927,53.9543590389753));
#4210=CARTESIAN_POINT('Ctrl Pts',(-9.95508664659676,-8.59749555188579,53.9604160699468));
#4211=CARTESIAN_POINT('Ctrl Pts',(-9.95664978734314,-8.60395525058066,53.9662990856398));
#4212=CARTESIAN_POINT('Ctrl Pts',(-9.95817364463968,-8.61056916543098,53.9720001919679));
#4213=CARTESIAN_POINT('Ctrl Pts',(-9.96297251312243,-8.63139743300886,53.989953880635));
#4214=CARTESIAN_POINT('Ctrl Pts',(-9.96738344266322,-8.65375234118332,54.0061071726849));
#4215=CARTESIAN_POINT('Ctrl Pts',(-9.97139724220675,-8.6773615169728,54.0203636314306));
#4216=CARTESIAN_POINT('Ctrl Pts',(-9.97519921769325,-8.699724743296,54.033867720533));
#4217=CARTESIAN_POINT('Ctrl Pts',(-9.97864502879402,-8.72321488057282,54.0456699778187));
#4218=CARTESIAN_POINT('Ctrl Pts',(-9.98170622928048,-8.74761986297406,54.0556448778565));
#4219=CARTESIAN_POINT('Ctrl Pts',(-9.98187678164431,-8.74897956726529,54.0562006215224));
#4220=CARTESIAN_POINT('Ctrl Pts',(-9.98204613419203,-8.75034211319584,54.0567506809224));
#4221=CARTESIAN_POINT('Ctrl Pts',(-9.98221427983948,-8.75170746455653,54.0572950300164));
#4222=CARTESIAN_POINT('Ctrl Pts',(-9.98523988625747,-8.77627554528001,54.067090027017));
#4223=CARTESIAN_POINT('Ctrl Pts',(-9.98785140000543,-8.80154527745105,54.0749578981205));
#4224=CARTESIAN_POINT('Ctrl Pts',(-9.9900211403934,-8.82728005104351,54.0808183673421));
#4225=CARTESIAN_POINT('Ctrl Pts',(-9.99213375017376,-8.85233721211602,54.086524526781));
#4226=CARTESIAN_POINT('Ctrl Pts',(-9.99382773972051,-8.87783648579514,54.0903278089641));
#4227=CARTESIAN_POINT('Ctrl Pts',(-9.99505573768737,-8.90356876702567,54.0921120406728));
#4228=CARTESIAN_POINT('Ctrl Pts',(-9.99558482371697,-8.91465558547022,54.0928807814168));
#4229=CARTESIAN_POINT('Ctrl Pts',(-9.99602710919261,-8.92578567017162,54.0932741607418));
#4230=CARTESIAN_POINT('Ctrl Pts',(-9.99637736194028,-8.93694199338725,54.0932802276615));
#4231=CARTESIAN_POINT('',(7.5,-8.93694160668511,54.0932821146219));
#4232=CARTESIAN_POINT('Origin',(-14.5,-7.0426503327872,39.5840091946838));
#4233=CARTESIAN_POINT('',(-14.5,-7.80549837388866,48.9570808652209));
#4234=CARTESIAN_POINT('',(-14.5,-7.57489560982526,47.2516530357785));
#4235=CARTESIAN_POINT('',(-14.5,-6.54715949967376,39.6510079581093));
#4236=CARTESIAN_POINT('',(-15.,-8.02421189170622,46.8431693599594));
#4237=CARTESIAN_POINT('Ctrl Pts',(-14.5,-7.57489560982526,47.2516530357785));
#4238=CARTESIAN_POINT('Ctrl Pts',(-14.5541585076181,-7.57489560982526,47.2516530357785));
#4239=CARTESIAN_POINT('Ctrl Pts',(-14.6073282345747,-7.58279640708547,47.2444702408589));
#4240=CARTESIAN_POINT('Ctrl Pts',(-14.7123323642422,-7.61413357594108,47.2159809061962));
#4241=CARTESIAN_POINT('Ctrl Pts',(-14.7619536059784,-7.63837344767064,47.1939438865774));
#4242=CARTESIAN_POINT('Ctrl Pts',(-14.856767142243,-7.70400963436627,47.1342725328967));
#4243=CARTESIAN_POINT('Ctrl Pts',(-14.8984032867253,-7.74724122562687,47.0949697071459));
#4244=CARTESIAN_POINT('Ctrl Pts',(-14.9526306190573,-7.82908191546024,47.0205664701326));
#4245=CARTESIAN_POINT('Ctrl Pts',(-14.9699620155717,-7.86589915960449,46.9870950740848));
#4246=CARTESIAN_POINT('Ctrl Pts',(-14.9936147892502,-7.94220021692231,46.9177280432895));
#4247=CARTESIAN_POINT('Ctrl Pts',(-14.9997115530847,-7.98179771804067,46.8817290522637));
#4248=CARTESIAN_POINT('Ctrl Pts',(-14.9999966682831,-8.02231786664557,46.8448912613214));
#4249=CARTESIAN_POINT('Ctrl Pts',(-15.,-8.0232648795171,46.8440303103315));
#4250=CARTESIAN_POINT('Ctrl Pts',(-15.,-8.02421189170622,46.8431693599594));
#4251=CARTESIAN_POINT('',(-15.,-8.31585206961323,49.0000007301569));
#4252=CARTESIAN_POINT('',(-15.,-7.0426503327872,39.5840091946838));
#4253=CARTESIAN_POINT('',(-14.9992235874478,-8.28797494718492,49.0016995978279));
#4254=CARTESIAN_POINT('Ctrl Pts',(-15.,-8.31585206961323,49.0000007301569));
#4255=CARTESIAN_POINT('Ctrl Pts',(-15.,-8.30647766431148,49.0000007301569));
#4256=CARTESIAN_POINT('Ctrl Pts',(-14.9997411406033,-8.2971824117876,49.0005673506175));
#4257=CARTESIAN_POINT('Ctrl Pts',(-14.9992235874478,-8.28797494718492,49.0016995978279));
#4258=CARTESIAN_POINT('Ctrl Pts',(-14.9992235874478,-8.28797494718492,49.0016995978279));
#4259=CARTESIAN_POINT('Ctrl Pts',(-14.9977864944293,-8.26240823500312,49.0048435155958));
#4260=CARTESIAN_POINT('Ctrl Pts',(-14.994275181038,-8.23702813926421,49.0074885745338));
#4261=CARTESIAN_POINT('Ctrl Pts',(-14.988840390724,-8.21203822999932,49.0096614216129));
#4262=CARTESIAN_POINT('Ctrl Pts',(-14.9832376755782,-8.18627617938856,49.0119014055931));
#4263=CARTESIAN_POINT('Ctrl Pts',(-14.9755904721912,-8.16092754218833,49.0136395607499));
#4264=CARTESIAN_POINT('Ctrl Pts',(-14.9660154227423,-8.13621757366294,49.0148801668605));
#4265=CARTESIAN_POINT('Ctrl Pts',(-14.9619171829451,-8.12564140098218,49.0154111616467));
#4266=CARTESIAN_POINT('Ctrl Pts',(-14.957465207877,-8.11518236973686,49.0158507025005));
#4267=CARTESIAN_POINT('Ctrl Pts',(-14.952666272467,-8.10485916594088,49.016197779229));
#4268=CARTESIAN_POINT('Ctrl Pts',(-14.9414709645599,-8.08077644025086,49.0170074652344));
#4269=CARTESIAN_POINT('Ctrl Pts',(-14.9284847444807,-8.05763486956482,49.0173086359963));
#4270=CARTESIAN_POINT('Ctrl Pts',(-14.9138533199328,-8.03564030011131,49.017100854355));
#4271=CARTESIAN_POINT('Ctrl Pts',(-14.8992323968469,-8.01366151689476,49.0168932218456));
#4272=CARTESIAN_POINT('Ctrl Pts',(-14.8829680516193,-7.99282683762451,49.0161772521826));
#4273=CARTESIAN_POINT('Ctrl Pts',(-14.8651638570392,-7.97335954322244,49.0149298929863));
#4274=CARTESIAN_POINT('Ctrl Pts',(-14.8581678930103,-7.96571008226176,49.014439756798));
#4275=CARTESIAN_POINT('Ctrl Pts',(-14.8509337657943,-7.958272043177,49.0138673363679));
#4276=CARTESIAN_POINT('Ctrl Pts',(-14.8434662809373,-7.9510603781427,49.0132103304836));
#4277=CARTESIAN_POINT('Ctrl Pts',(-14.8426458153729,-7.95026801994769,49.013138144103));
#4278=CARTESIAN_POINT('Ctrl Pts',(-14.8418225320109,-7.94947839547157,49.0130649361297));
#4279=CARTESIAN_POINT('Ctrl Pts',(-14.8409964484443,-7.94869151245222,49.0129907102928));
#4280=CARTESIAN_POINT('Ctrl Pts',(-14.822220869915,-7.93080690062664,49.0113036739141));
#4281=CARTESIAN_POINT('Ctrl Pts',(-14.802141418802,-7.91446875601871,49.0091051830968));
#4282=CARTESIAN_POINT('Ctrl Pts',(-14.7810057884548,-7.89971953116878,49.0064528874375));
#4283=CARTESIAN_POINT('Ctrl Pts',(-14.7591411591787,-7.88446158389412,49.003709110206));
#4284=CARTESIAN_POINT('Ctrl Pts',(-14.7361452712015,-7.87090328887836,49.0004793140388));
#4285=CARTESIAN_POINT('Ctrl Pts',(-14.7122569397716,-7.85912882132305,48.9968071084699));
#4286=CARTESIAN_POINT('Ctrl Pts',(-14.7004966635033,-7.85333222595308,48.9949992738736));
#4287=CARTESIAN_POINT('Ctrl Pts',(-14.6885196543049,-7.84796859335174,48.9930839481875));
#4288=CARTESIAN_POINT('Ctrl Pts',(-14.6763525469593,-7.84305200593012,48.9910650595869));
#4289=CARTESIAN_POINT('Ctrl Pts',(-14.6514731917171,-7.83299854609228,48.9869368271926));
#4290=CARTESIAN_POINT('Ctrl Pts',(-14.6259640756527,-7.82487766114874,48.982403817935));
#4291=CARTESIAN_POINT('Ctrl Pts',(-14.600068066397,-7.81876989196064,48.9775050549326));
#4292=CARTESIAN_POINT('Ctrl Pts',(-14.5745469244693,-7.81275053806048,48.9726772057989));
#4293=CARTESIAN_POINT('Ctrl Pts',(-14.5486488384606,-7.80868598202566,48.9674936283344));
#4294=CARTESIAN_POINT('Ctrl Pts',(-14.5225929657134,-7.80670000388937,48.9619815589691));
#4295=CARTESIAN_POINT('Ctrl Pts',(-14.5161321524682,-7.80620756082397,48.9606147864526));
#4296=CARTESIAN_POINT('Ctrl Pts',(-14.5096616200507,-7.80584316358012,48.9592277871572));
#4297=CARTESIAN_POINT('Ctrl Pts',(-14.5031847071886,-7.80560920403585,48.957820930696));
#4298=CARTESIAN_POINT('Ctrl Pts',(-14.5021254182598,-7.80557094031974,48.9575908415308));
#4299=CARTESIAN_POINT('Ctrl Pts',(-14.5010660858387,-7.80553617044765,48.9573602475798));
#4300=CARTESIAN_POINT('Ctrl Pts',(-14.5000067246842,-7.80550490289713,48.9571291506471));
#4301=CARTESIAN_POINT('Ctrl Pts',(-14.5,-7.91045045257599,47.3300557275721));
#4302=CARTESIAN_POINT('Ctrl Pts',(-14.5,-7.79859883832575,47.3039214969742));
#4303=CARTESIAN_POINT('Ctrl Pts',(-14.5,-7.68674722407551,47.2777872663763));
#4304=CARTESIAN_POINT('Ctrl Pts',(-14.5,-5.39642814911823,46.7426521478637));
#4305=CARTESIAN_POINT('Ctrl Pts',(-14.5,-1.60519178920991,45.5728625960659));
#4306=CARTESIAN_POINT('Ctrl Pts',(-14.5,1.73675980746078,43.3577402041068));
#4307=CARTESIAN_POINT('Ctrl Pts',(-14.5,3.08309922459373,42.2134790199233));
#4308=CARTESIAN_POINT('Ctrl Pts',(-14.5,3.13639971260481,42.1681786456247));
#4309=CARTESIAN_POINT('Ctrl Pts',(-14.5,3.18970020061589,42.1228782713261));
#4310=CARTESIAN_POINT('Ctrl Pts',(-14.6121997376282,-7.91045045257599,47.3300557275721));
#4311=CARTESIAN_POINT('Ctrl Pts',(-14.6121997376282,-7.79859883832575,47.3039214969742));
#4312=CARTESIAN_POINT('Ctrl Pts',(-14.6121997376282,-7.68674722407551,47.2777872663763));
#4313=CARTESIAN_POINT('Ctrl Pts',(-14.6121997376282,-5.39642814911823,46.7426521478637));
#4314=CARTESIAN_POINT('Ctrl Pts',(-14.6121997376282,-1.60519178920991,45.5728625960659));
#4315=CARTESIAN_POINT('Ctrl Pts',(-14.6121997376282,1.73675980746078,43.3577402041068));
#4316=CARTESIAN_POINT('Ctrl Pts',(-14.6121997376282,3.08309922459373,42.2134790199233));
#4317=CARTESIAN_POINT('Ctrl Pts',(-14.6121997376282,3.13639971260481,42.1681786456247));
#4318=CARTESIAN_POINT('Ctrl Pts',(-14.6121997376282,3.18970020061589,42.1228782713261));
#4319=CARTESIAN_POINT('Ctrl Pts',(-14.8743877189964,-7.93125907108382,47.2409971435934));
#4320=CARTESIAN_POINT('Ctrl Pts',(-14.8743877189964,-7.81940745683358,47.2148629129956));
#4321=CARTESIAN_POINT('Ctrl Pts',(-14.8743877189964,-7.70755584258333,47.1887286823977));
#4322=CARTESIAN_POINT('Ctrl Pts',(-14.8743877189964,-5.42242361957299,46.6547881522422));
#4323=CARTESIAN_POINT('Ctrl Pts',(-14.8743877189964,-1.642631769854,45.4881564879384));
#4324=CARTESIAN_POINT('Ctrl Pts',(-14.8743877189964,1.68353077721315,43.2831676604444));
#4325=CARTESIAN_POINT('Ctrl Pts',(-14.8743877189964,3.02387090221505,42.1437908874136));
#4326=CARTESIAN_POINT('Ctrl Pts',(-14.8743877189964,3.07717139022613,42.098490513115));
#4327=CARTESIAN_POINT('Ctrl Pts',(-14.8743877189964,3.1304718782372,42.0531901388164));
#4328=CARTESIAN_POINT('Ctrl Pts',(-15.,-7.99017454871257,46.9888454204951));
#4329=CARTESIAN_POINT('Ctrl Pts',(-15.,-7.87832293446233,46.9627111898973));
#4330=CARTESIAN_POINT('Ctrl Pts',(-15.,-7.76647132021209,46.9365769592994));
#4331=CARTESIAN_POINT('Ctrl Pts',(-15.,-5.49549817945851,46.4059183248173));
#4332=CARTESIAN_POINT('Ctrl Pts',(-15.,-1.74857099411073,45.2482465682419));
#4333=CARTESIAN_POINT('Ctrl Pts',(-15.,1.53213105714457,43.0723381526314));
#4334=CARTESIAN_POINT('Ctrl Pts',(-15.,2.85617765046082,41.9464827571155));
#4335=CARTESIAN_POINT('Ctrl Pts',(-15.,2.9094781384719,41.9011823828169));
#4336=CARTESIAN_POINT('Ctrl Pts',(-15.,2.96277862648298,41.8558820085183));
#4337=CARTESIAN_POINT('Ctrl Pts',(-15.,-8.02421189170622,46.8431693599594));
#4338=CARTESIAN_POINT('Ctrl Pts',(-15.,-7.91236027745598,46.8170351293616));
#4339=CARTESIAN_POINT('Ctrl Pts',(-15.,-7.80050866320574,46.7909008987637));
#4340=CARTESIAN_POINT('Ctrl Pts',(-15.,-5.53634617883781,46.2618772912445));
#4341=CARTESIAN_POINT('Ctrl Pts',(-15.,-1.8096072533856,45.109431319164));
#4342=CARTESIAN_POINT('Ctrl Pts',(-15.,1.44286179835587,42.9513361034921));
#4343=CARTESIAN_POINT('Ctrl Pts',(-15.,2.75929593181218,41.8324915823564));
#4344=CARTESIAN_POINT('Ctrl Pts',(-15.,2.81259641982327,41.7871912080578));
#4345=CARTESIAN_POINT('Ctrl Pts',(-15.,2.86589690783434,41.7418908337592));
#4346=CARTESIAN_POINT('',(-14.5,3.02979873658269,42.2587793942219));
#4347=CARTESIAN_POINT('Ctrl Pts',(-14.5,-7.57489560982526,47.2516530357784));
#4348=CARTESIAN_POINT('Ctrl Pts',(-14.5,-7.57446490899335,47.2515524021404));
#4349=CARTESIAN_POINT('Ctrl Pts',(-14.5,-7.57403418950517,47.2514517641434));
#4350=CARTESIAN_POINT('Ctrl Pts',(-14.5,-5.39642814911823,46.7426521478637));
#4351=CARTESIAN_POINT('Ctrl Pts',(-14.5,-1.60519178920991,45.5728625960659));
#4352=CARTESIAN_POINT('Ctrl Pts',(-14.5,1.73675980746078,43.3577402041068));
#4353=CARTESIAN_POINT('Ctrl Pts',(-14.5,3.02899158875769,42.259465393543));
#4354=CARTESIAN_POINT('Ctrl Pts',(-14.5,3.0293951956242,42.2591223658747));
#4355=CARTESIAN_POINT('Ctrl Pts',(-14.5,3.02979873658264,42.258779394222));
#4356=CARTESIAN_POINT('',(-15.,2.86589690783434,41.7418908337592));
#4357=CARTESIAN_POINT('Ctrl Pts',(-15.,2.86589690783434,41.7418908337592));
#4358=CARTESIAN_POINT('Ctrl Pts',(-15.,2.88331356461912,41.7976324307913));
#4359=CARTESIAN_POINT('Ctrl Pts',(-14.9913319277471,2.90074037415454,41.853140521981));
#4360=CARTESIAN_POINT('Ctrl Pts',(-14.9741715711773,2.91748147098111,41.9062273342146));
#4361=CARTESIAN_POINT('Ctrl Pts',(-14.9688896390697,2.92263435556627,41.9225673756867));
#4362=CARTESIAN_POINT('Ctrl Pts',(-14.962803148625,2.92772221197639,41.9386783995141));
#4363=CARTESIAN_POINT('Ctrl Pts',(-14.955917225961,2.93272458357854,41.9544975737913));
#4364=CARTESIAN_POINT('Ctrl Pts',(-14.9309122660531,2.95088977471691,42.0119419916092));
#4365=CARTESIAN_POINT('Ctrl Pts',(-14.8956507011232,2.96771304641213,42.0648523587725));
#4366=CARTESIAN_POINT('Ctrl Pts',(-14.8512242488822,2.98215559303365,42.1101157299595));
#4367=CARTESIAN_POINT('Ctrl Pts',(-14.8468029659332,2.98359290305722,42.1146203023741));
#4368=CARTESIAN_POINT('Ctrl Pts',(-14.8422909133717,2.98500662731176,42.119049179042));
#4369=CARTESIAN_POINT('Ctrl Pts',(-14.8376891672424,2.98639573790429,42.1233993151643));
#4370=CARTESIAN_POINT('Ctrl Pts',(-14.7911248715327,3.00045191453553,42.1674176115002));
#4371=CARTESIAN_POINT('Ctrl Pts',(-14.7362643831169,3.01170871137735,42.2025018683352));
#4372=CARTESIAN_POINT('Ctrl Pts',(-14.675550704538,3.01924853304847,42.2259713584254));
#4373=CARTESIAN_POINT('Ctrl Pts',(-14.625011442618,3.0255248291186,42.2455078242526));
#4374=CARTESIAN_POINT('Ctrl Pts',(-14.5715320180027,3.02908131836427,42.256550572001));
#4375=CARTESIAN_POINT('Ctrl Pts',(-14.5171695741326,3.02970092055319,42.2584755089823));
#4376=CARTESIAN_POINT('Ctrl Pts',(-14.5114553427372,3.0297660491609,42.2586778460104));
#4377=CARTESIAN_POINT('Ctrl Pts',(-14.5057313549806,3.02979873657099,42.2587793942319));
#4378=CARTESIAN_POINT('Ctrl Pts',(-14.5,3.02979873657099,42.2587793942319));
#4379=CARTESIAN_POINT('Ctrl Pts',(-15.,2.86589690783434,41.7418908337592));
#4380=CARTESIAN_POINT('Ctrl Pts',(-15.,2.81259641982327,41.7871912080578));
#4381=CARTESIAN_POINT('Ctrl Pts',(-15.,2.75929593181218,41.8324915823564));
#4382=CARTESIAN_POINT('Ctrl Pts',(-15.,1.44286179835587,42.9513361034921));
#4383=CARTESIAN_POINT('Ctrl Pts',(-15.,-1.8096072533856,45.109431319164));
#4384=CARTESIAN_POINT('Ctrl Pts',(-15.,-5.53634617883781,46.2618772912445));
#4385=CARTESIAN_POINT('Ctrl Pts',(-15.,-7.80050866320574,46.7909008987637));
#4386=CARTESIAN_POINT('Ctrl Pts',(-15.,-7.91236027745598,46.8170351293616));
#4387=CARTESIAN_POINT('Ctrl Pts',(-15.,-8.02421189170622,46.8431693599594));
#4388=CARTESIAN_POINT('Ctrl Pts',(-14.9992235874478,-8.28797494718492,49.0016995978279));
#4389=CARTESIAN_POINT('Ctrl Pts',(-14.571189740827,-8.40983013052668,49.9381060783635));
#4390=CARTESIAN_POINT('Ctrl Pts',(-13.6757119753084,-8.60447911798557,51.4503755017003));
#4391=CARTESIAN_POINT('Ctrl Pts',(-11.8173164134298,-8.81504707420316,53.1080591021389));
#4392=CARTESIAN_POINT('Ctrl Pts',(-10.6159366667298,-8.90444173833646,53.7917539905155));
#4393=CARTESIAN_POINT('Ctrl Pts',(-9.99648431405707,-8.94376084815193,54.0932821174652));
#4394=CARTESIAN_POINT('Ctrl Pts',(-14.9928169751697,-8.16266390868689,49.0157152961259));
#4395=CARTESIAN_POINT('Ctrl Pts',(-14.5639097387445,-8.28524141984765,49.9511013555568));
#4396=CARTESIAN_POINT('Ctrl Pts',(-13.6671570833026,-8.48132842122194,51.4606317319812));
#4397=CARTESIAN_POINT('Ctrl Pts',(-11.8092654386994,-8.693818459391,53.1132673038775));
#4398=CARTESIAN_POINT('Ctrl Pts',(-10.6090491338068,-8.78361729995521,53.7955037233403));
#4399=CARTESIAN_POINT('Ctrl Pts',(-9.99006577784849,-8.82313682110365,54.0964064404133));
#4400=CARTESIAN_POINT('Ctrl Pts',(-14.8886313317142,-7.91298582469837,49.0018524776639));
#4401=CARTESIAN_POINT('Ctrl Pts',(-14.462591058978,-8.03694798123678,49.9284984756459));
#4402=CARTESIAN_POINT('Ctrl Pts',(-13.5730684044188,-8.23590201112667,51.4198571560548));
#4403=CARTESIAN_POINT('Ctrl Pts',(-11.7404698274771,-8.4520955457341,53.0459559242169));
#4404=CARTESIAN_POINT('Ctrl Pts',(-10.5508515431473,-8.5427372993179,53.7221953404961));
#4405=CARTESIAN_POINT('Ctrl Pts',(-9.93713847499679,-8.58264252458042,54.0201927309623));
#4406=CARTESIAN_POINT('Ctrl Pts',(-14.6594855181659,-7.7994647813318,48.912459298347));
#4407=CARTESIAN_POINT('Ctrl Pts',(-14.2428112447726,-7.92248729376554,49.8221033751444));
#4408=CARTESIAN_POINT('Ctrl Pts',(-13.3760038341768,-8.11941567529934,51.2788042649717));
#4409=CARTESIAN_POINT('Ctrl Pts',(-11.6009650707886,-8.33312558480373,52.8589060244028));
#4410=CARTESIAN_POINT('Ctrl Pts',(-10.4337746658879,-8.42315423704306,53.5250144542631));
#4411=CARTESIAN_POINT('Ctrl Pts',(-9.8309237747948,-8.46280304433912,53.8181920577155));
#4412=CARTESIAN_POINT('Ctrl Pts',(-14.5444794295077,-7.79248411407147,48.8608336196081));
#4413=CARTESIAN_POINT('Ctrl Pts',(-14.1325464663306,-7.91433929741324,49.7620163165151));
#4414=CARTESIAN_POINT('Ctrl Pts',(-13.2770694023305,-8.10898828487213,51.2015471978272));
#4415=CARTESIAN_POINT('Ctrl Pts',(-11.5310313394073,-8.31955624108972,52.7588071638161));
#4416=CARTESIAN_POINT('Ctrl Pts',(-10.3750326057426,-8.40895090522304,53.4199273747374));
#4417=CARTESIAN_POINT('Ctrl Pts',(-9.77764997556001,-8.44827001503849,53.710712718879));
#4418=CARTESIAN_POINT('Ctrl Pts',(-9.88017007697733,-8.44145598132911,53.6603193822426));
#4419=CARTESIAN_POINT('Ctrl Pts',(-10.4411573887212,-8.40380195158779,53.3818481745261));
#4420=CARTESIAN_POINT('Ctrl Pts',(-11.559623391942,-8.31610810889024,52.7333064260583));
#4421=CARTESIAN_POINT('Ctrl Pts',(-13.2503859709675,-8.11220624198675,51.2253456706665));
#4422=CARTESIAN_POINT('Ctrl Pts',(-14.0957609906584,-7.92264814629094,49.8234645917091));
#4423=CARTESIAN_POINT('Ctrl Pts',(-14.5000241019849,-7.80549986728378,48.9570919096576));
#4424=CARTESIAN_POINT('',(-9.99648431405713,-8.94376084815193,54.0932821174652));
#4425=CARTESIAN_POINT('Ctrl Pts',(-14.9992235874478,-8.28797494718492,49.0016995978279));
#4426=CARTESIAN_POINT('Ctrl Pts',(-14.571189740827,-8.40983013052668,49.9381060783635));
#4427=CARTESIAN_POINT('Ctrl Pts',(-13.6757119753084,-8.60447911798557,51.4503755017003));
#4428=CARTESIAN_POINT('Ctrl Pts',(-11.8173164134298,-8.81504707420316,53.1080591021389));
#4429=CARTESIAN_POINT('Ctrl Pts',(-10.6159366667298,-8.90444173833646,53.7917539905155));
#4430=CARTESIAN_POINT('Ctrl Pts',(-9.99648431405707,-8.94376084815193,54.0932821174652));
#4431=CARTESIAN_POINT('Ctrl Pts',(-9.99648431986072,-8.94376084778355,54.0932821146402));
#4432=CARTESIAN_POINT('Ctrl Pts',(-9.99648431987324,-8.94148211149768,54.0932821146341));
#4433=CARTESIAN_POINT('Ctrl Pts',(-9.9964488472699,-8.93920899013941,54.093282114628));
#4434=CARTESIAN_POINT('Ctrl Pts',(-9.99637825336047,-8.93694160668511,54.0932821146219));
#4435=CARTESIAN_POINT('Ctrl Pts',(14.5,3.18970020061589,42.1228782713261));
#4436=CARTESIAN_POINT('Ctrl Pts',(14.5,3.13639971260482,42.1681786456247));
#4437=CARTESIAN_POINT('Ctrl Pts',(14.5,3.08309922459375,42.2134790199233));
#4438=CARTESIAN_POINT('Ctrl Pts',(14.5,2.16771666754916,42.9914676276809));
#4439=CARTESIAN_POINT('Ctrl Pts',(14.5,0.333540061382733,44.3318313069087));
#4440=CARTESIAN_POINT('Ctrl Pts',(14.5,-3.24141575098519,46.0870340358988));
#4441=CARTESIAN_POINT('Ctrl Pts',(14.5,-5.94093865366086,46.8698775185843));
#4442=CARTESIAN_POINT('Ctrl Pts',(14.5,-7.6867472240755,47.2777872663763));
#4443=CARTESIAN_POINT('Ctrl Pts',(14.5,-7.79859883832575,47.3039214969742));
#4444=CARTESIAN_POINT('Ctrl Pts',(14.5,-7.91045045257599,47.3300557275721));
#4445=CARTESIAN_POINT('Ctrl Pts',(14.6308996938996,3.18970020061589,42.1228782713261));
#4446=CARTESIAN_POINT('Ctrl Pts',(14.6308996938996,3.13639971260482,42.1681786456247));
#4447=CARTESIAN_POINT('Ctrl Pts',(14.6308996938996,3.08309922459375,42.2134790199233));
#4448=CARTESIAN_POINT('Ctrl Pts',(14.6308996938996,2.16771666754916,42.9914676276809));
#4449=CARTESIAN_POINT('Ctrl Pts',(14.6308996938996,0.333540061382733,44.3318313069087));
#4450=CARTESIAN_POINT('Ctrl Pts',(14.6308996938996,-3.24141575098519,46.0870340358988));
#4451=CARTESIAN_POINT('Ctrl Pts',(14.6308996938996,-5.94093865366086,46.8698775185843));
#4452=CARTESIAN_POINT('Ctrl Pts',(14.6308996938996,-7.6867472240755,47.2777872663763));
#4453=CARTESIAN_POINT('Ctrl Pts',(14.6308996938996,-7.79859883832575,47.3039214969742));
#4454=CARTESIAN_POINT('Ctrl Pts',(14.6308996938996,-7.91045045257599,47.3300557275721));
#4455=CARTESIAN_POINT('Ctrl Pts',(14.8916897097157,3.11955774334351,42.040348551411));
#4456=CARTESIAN_POINT('Ctrl Pts',(14.8916897097157,3.06625725533243,42.0856489257096));
#4457=CARTESIAN_POINT('Ctrl Pts',(14.8916897097157,3.01295676732136,42.1309493000082));
#4458=CARTESIAN_POINT('Ctrl Pts',(14.8916897097157,2.10194709884745,42.9051401151372));
#4459=CARTESIAN_POINT('Ctrl Pts',(14.8916897097157,0.276821491458292,44.2388008368766));
#4460=CARTESIAN_POINT('Ctrl Pts',(14.8916897097157,-3.27829815197798,45.9845006106715));
#4461=CARTESIAN_POINT('Ctrl Pts',(14.8916897097157,-5.9698787348634,46.7653160816301));
#4462=CARTESIAN_POINT('Ctrl Pts',(14.8916897097157,-7.71139029306622,47.1723176587531));
#4463=CARTESIAN_POINT('Ctrl Pts',(14.8916897097157,-7.82324190731646,47.198451889351));
#4464=CARTESIAN_POINT('Ctrl Pts',(14.8916897097157,-7.93509352156671,47.2245861199488));
#4465=CARTESIAN_POINT('Ctrl Pts',(15.,2.9506684116519,41.8416331116734));
#4466=CARTESIAN_POINT('Ctrl Pts',(15.,2.89736792364083,41.886933485972));
#4467=CARTESIAN_POINT('Ctrl Pts',(15.,2.84406743562976,41.9322338602706));
#4468=CARTESIAN_POINT('Ctrl Pts',(15.,1.94347761344026,42.6975378688988));
#4469=CARTESIAN_POINT('Ctrl Pts',(15.,0.140306571572677,44.0147973145449));
#4470=CARTESIAN_POINT('Ctrl Pts',(15.,-3.36715168231814,45.7376565096198));
#4471=CARTESIAN_POINT('Ctrl Pts',(15.,-6.03946512350635,46.5137244873035));
#4472=CARTESIAN_POINT('Ctrl Pts',(15.,-7.77072598808629,46.9183674517324));
#4473=CARTESIAN_POINT('Ctrl Pts',(15.,-7.88257760233653,46.9445016823303));
#4474=CARTESIAN_POINT('Ctrl Pts',(15.,-7.99442921658678,46.9706359129282));
#4475=CARTESIAN_POINT('Ctrl Pts',(15.,2.86589690783435,41.7418908337592));
#4476=CARTESIAN_POINT('Ctrl Pts',(15.,2.81259641982327,41.7871912080578));
#4477=CARTESIAN_POINT('Ctrl Pts',(15.,2.7592959318122,41.8324915823564));
#4478=CARTESIAN_POINT('Ctrl Pts',(15.,1.86385152840401,42.5935346450307));
#4479=CARTESIAN_POINT('Ctrl Pts',(15.,0.0718254817791669,43.9023587019734));
#4480=CARTESIAN_POINT('Ctrl Pts',(15.,-3.41178754504161,45.6137849438188));
#4481=CARTESIAN_POINT('Ctrl Pts',(15.,-6.07431881279225,46.3875750826027));
#4482=CARTESIAN_POINT('Ctrl Pts',(15.,-7.80050866320574,46.7909008987637));
#4483=CARTESIAN_POINT('Ctrl Pts',(15.,-7.91236027745598,46.8170351293616));
#4484=CARTESIAN_POINT('Ctrl Pts',(15.,-8.02421189170622,46.8431693599594));
#4485=CARTESIAN_POINT('',(15.,2.86589690783434,41.7418908337592));
#4486=CARTESIAN_POINT('Ctrl Pts',(15.,-8.02421189170622,46.8431693599594));
#4487=CARTESIAN_POINT('Ctrl Pts',(15.,-7.91236027745598,46.8170351293616));
#4488=CARTESIAN_POINT('Ctrl Pts',(15.,-7.80050866320574,46.7909008987637));
#4489=CARTESIAN_POINT('Ctrl Pts',(15.,-6.07431881279225,46.3875750826027));
#4490=CARTESIAN_POINT('Ctrl Pts',(15.,-3.41178754504161,45.6137849438188));
#4491=CARTESIAN_POINT('Ctrl Pts',(15.,0.0718254817791669,43.9023587019734));
#4492=CARTESIAN_POINT('Ctrl Pts',(15.,1.86385152840401,42.5935346450307));
#4493=CARTESIAN_POINT('Ctrl Pts',(15.,2.7592959318122,41.8324915823564));
#4494=CARTESIAN_POINT('Ctrl Pts',(15.,2.81259641982327,41.7871912080578));
#4495=CARTESIAN_POINT('Ctrl Pts',(15.,2.86589690783435,41.7418908337592));
#4496=CARTESIAN_POINT('',(14.5,3.02979873658268,42.2587793942219));
#4497=CARTESIAN_POINT('Ctrl Pts',(14.5,3.02979873657099,42.2587793942319));
#4498=CARTESIAN_POINT('Ctrl Pts',(14.5545357925385,3.02979873657099,42.2587793942319));
#4499=CARTESIAN_POINT('Ctrl Pts',(14.6084027491415,3.02683841852888,42.2495894804054));
#4500=CARTESIAN_POINT('Ctrl Pts',(14.6595432464339,3.02113456279266,42.2318410530547));
#4501=CARTESIAN_POINT('Ctrl Pts',(14.6650643740541,3.02051877457953,42.2299249330001));
#4502=CARTESIAN_POINT('Ctrl Pts',(14.6705537238105,3.01987101776595,42.2279090116208));
#4503=CARTESIAN_POINT('Ctrl Pts',(14.6760087065698,3.01919157093742,42.2257940493606));
#4504=CARTESIAN_POINT('Ctrl Pts',(14.7341844586476,3.01194547466359,42.2032386123349));
#4505=CARTESIAN_POINT('Ctrl Pts',(14.786997799911,3.00128214086319,42.1700045347562));
#4506=CARTESIAN_POINT('Ctrl Pts',(14.8322738816657,2.98800683274751,42.1284438723628));
#4507=CARTESIAN_POINT('Ctrl Pts',(14.8812539087457,2.97364549833422,42.0834832156407));
#4508=CARTESIAN_POINT('Ctrl Pts',(14.9204715483964,2.95651474536974,42.0296683350301));
#4509=CARTESIAN_POINT('Ctrl Pts',(14.9486095111124,2.93780091092227,41.9705432525529));
#4510=CARTESIAN_POINT('Ctrl Pts',(14.9655561551067,2.92653013437911,41.93493400344));
#4511=CARTESIAN_POINT('Ctrl Pts',(14.9783832856474,2.9147523302085,41.8976123167448));
#4512=CARTESIAN_POINT('Ctrl Pts',(14.9869831167087,2.90271816009909,41.8593499305602));
#4513=CARTESIAN_POINT('Ctrl Pts',(14.9956527533518,2.89058630757701,41.8207769652361));
#4514=CARTESIAN_POINT('Ctrl Pts',(15.,2.87823108364737,41.7813660709639));
#4515=CARTESIAN_POINT('Ctrl Pts',(15.,2.86589690783434,41.7418908337592));
#4516=CARTESIAN_POINT('Ctrl Pts',(14.5,3.02979873658268,42.2587793942219));
#4517=CARTESIAN_POINT('Ctrl Pts',(14.5,3.02940319889677,42.2591155638498));
#4518=CARTESIAN_POINT('Ctrl Pts',(14.5,3.02900759908514,42.2594517862787));
#4519=CARTESIAN_POINT('Ctrl Pts',(14.5,2.16771666754916,42.9914676276809));
#4520=CARTESIAN_POINT('Ctrl Pts',(14.5,0.333540061382733,44.3318313069087));
#4521=CARTESIAN_POINT('Ctrl Pts',(14.5,-3.24141575098519,46.0870340358988));
#4522=CARTESIAN_POINT('Ctrl Pts',(14.5,-5.94093865366086,46.8698775185843));
#4523=CARTESIAN_POINT('Ctrl Pts',(14.5,-7.57404814052016,47.2514550238106));
#4524=CARTESIAN_POINT('Ctrl Pts',(14.5,-7.57447188405872,47.2515540318707));
#4525=CARTESIAN_POINT('Ctrl Pts',(14.5,-7.57489560982527,47.2516530357784));
#4526=CARTESIAN_POINT('Origin',(-15.,-1.50425219362222,32.5932821174652));
#4527=CARTESIAN_POINT('',(-15.,2.02075453886375,38.8352321579044));
#4528=CARTESIAN_POINT('Ctrl Pts',(-15.,2.86589690783435,41.7418908337592));
#4529=CARTESIAN_POINT('Ctrl Pts',(-15.,2.824501615031,41.609406180764));
#4530=CARTESIAN_POINT('Ctrl Pts',(-15.,2.70732255370752,41.2309119826603));
#4531=CARTESIAN_POINT('Ctrl Pts',(-15.,2.53598072310653,40.6631443562842));
#4532=CARTESIAN_POINT('Ctrl Pts',(-15.,2.36685674769222,40.082372584178));
#4533=CARTESIAN_POINT('Ctrl Pts',(-15.,2.19983747077706,39.4892601479173));
#4534=CARTESIAN_POINT('Ctrl Pts',(-15.,2.07387000376308,39.0306463382157));
#4535=CARTESIAN_POINT('Ctrl Pts',(-15.,2.02075453886375,38.8352321579044));
#4536=CARTESIAN_POINT('',(-15.,-8.87298410209253,28.0000004182187));
#4537=CARTESIAN_POINT('Origin',(-15.,-5.,35.));
#4538=CARTESIAN_POINT('',(-15.,-10.0000001490116,28.0000004172325));
#4539=CARTESIAN_POINT('',(-15.,-5.18861814584773,28.0000004214426));
#4540=CARTESIAN_POINT('',(-15.,-10.0000000296697,49.0000007301569));
#4541=CARTESIAN_POINT('',(-15.,-10.,11.0932821174652));
#4542=CARTESIAN_POINT('',(-15.,-10.0000000296697,49.0000007301569));
#4543=CARTESIAN_POINT('',(-15.,-8.55070419370042,37.049999933863));
#4544=CARTESIAN_POINT('',(-15.,-8.55070411733198,32.949999933863));
#4545=CARTESIAN_POINT('',(-15.,-8.55070411400979,32.7716409600389));
#4546=CARTESIAN_POINT('',(-15.,-4.99999992363157,30.9));
#4547=CARTESIAN_POINT('',(-15.,-4.05570082117287,30.3548086824519));
#4548=CARTESIAN_POINT('',(-15.,-1.44929580629959,32.950000066137));
#4549=CARTESIAN_POINT('',(-15.,-1.54713615414734,32.8935119125396));
#4550=CARTESIAN_POINT('',(-15.,-1.44929588266802,37.050000066137));
#4551=CARTESIAN_POINT('',(-15.,-1.44929584116161,34.8216410923129));
#4552=CARTESIAN_POINT('',(-15.,-5.00000007636844,39.1));
#4553=CARTESIAN_POINT('',(-15.,-2.28034887705954,37.5298087155204));
#4554=CARTESIAN_POINT('',(-15.,-6.87319248288219,38.0185118133341));
#4555=CARTESIAN_POINT('Ctrl Pts',(-12.3,4.22979873658268,41.2388928756026));
#4556=CARTESIAN_POINT('Ctrl Pts',(-15.,4.22979873658268,41.2388928756026));
#4557=CARTESIAN_POINT('Ctrl Pts',(-12.3,3.98979873658268,41.4428701793264));
#4558=CARTESIAN_POINT('Ctrl Pts',(-15.,3.98979873658268,41.4428701793264));
#4559=CARTESIAN_POINT('Ctrl Pts',(-12.3,3.74979873658268,41.6468474830503));
#4560=CARTESIAN_POINT('Ctrl Pts',(-15.,3.74979873658268,41.6468474830503));
#4561=CARTESIAN_POINT('Ctrl Pts',(-12.3,3.50979873658268,41.8508247867742));
#4562=CARTESIAN_POINT('Ctrl Pts',(-15.,3.50979873658268,41.8508247867742));
#4563=CARTESIAN_POINT('Ctrl Pts',(-12.3,3.26979873658268,42.0548020904981));
#4564=CARTESIAN_POINT('Ctrl Pts',(-15.,3.26979873658268,42.0548020904981));
#4565=CARTESIAN_POINT('Ctrl Pts',(-12.3,3.02979873658268,42.2587793942219));
#4566=CARTESIAN_POINT('Ctrl Pts',(-15.,3.02979873658268,42.2587793942219));
#4567=CARTESIAN_POINT('Ctrl Pts',(-12.3,2.86438957743466,42.3993615371146));
#4568=CARTESIAN_POINT('Ctrl Pts',(-15.,2.86438957743466,42.3993615371146));
#4569=CARTESIAN_POINT('Ctrl Pts',(-12.3,2.52941875586051,42.6769034535741));
#4570=CARTESIAN_POINT('Ctrl Pts',(-15.,2.52941875586051,42.6769034535741));
#4571=CARTESIAN_POINT('Ctrl Pts',(-12.3,2.01450498861198,43.0823491984311));
#4572=CARTESIAN_POINT('Ctrl Pts',(-15.,2.01450498861198,43.0823491984311));
#4573=CARTESIAN_POINT('Ctrl Pts',(-12.3,1.30262855229317,43.6008518902172));
#4574=CARTESIAN_POINT('Ctrl Pts',(-15.,1.30262855229317,43.6008518902172));
#4575=CARTESIAN_POINT('Ctrl Pts',(-12.3,0.367777533537545,44.2097204554311));
#4576=CARTESIAN_POINT('Ctrl Pts',(-15.,0.367777533537545,44.2097204554311));
#4577=CARTESIAN_POINT('Ctrl Pts',(-12.3,-0.615836326714809,44.7760515415684));
#4578=CARTESIAN_POINT('Ctrl Pts',(-15.,-0.615836326714809,44.7760515415684));
#4579=CARTESIAN_POINT('Ctrl Pts',(-12.3,-1.65178281154252,45.2967311058763));
#4580=CARTESIAN_POINT('Ctrl Pts',(-15.,-1.65178281154252,45.2967311058763));
#4581=CARTESIAN_POINT('Ctrl Pts',(-12.3,-2.74124576823043,45.770726438248));
#4582=CARTESIAN_POINT('Ctrl Pts',(-15.,-2.74124576823043,45.770726438248));
#4583=CARTESIAN_POINT('Ctrl Pts',(-12.3,-3.8813026155549,46.2005870053203));
#4584=CARTESIAN_POINT('Ctrl Pts',(-15.,-3.8813026155549,46.2005870053203));
#4585=CARTESIAN_POINT('Ctrl Pts',(-12.3,-5.06778558875414,46.5899484895264));
#4586=CARTESIAN_POINT('Ctrl Pts',(-15.,-5.06778558875414,46.5899484895264));
#4587=CARTESIAN_POINT('Ctrl Pts',(-12.3,-6.05089533075399,46.8718451773812));
#4588=CARTESIAN_POINT('Ctrl Pts',(-15.,-6.05089533075399,46.8718451773812));
#4589=CARTESIAN_POINT('Ctrl Pts',(-12.3,-6.80607046043378,47.0677027939608));
#4590=CARTESIAN_POINT('Ctrl Pts',(-15.,-6.80607046043378,47.0677027939608));
#4591=CARTESIAN_POINT('Ctrl Pts',(-12.3,-7.31732049636274,47.1914703780973));
#4592=CARTESIAN_POINT('Ctrl Pts',(-15.,-7.31732049636274,47.1914703780973));
#4593=CARTESIAN_POINT('Ctrl Pts',(-12.3,-7.57489560982526,47.2516530357785));
#4594=CARTESIAN_POINT('Ctrl Pts',(-15.,-7.57489560982526,47.2516530357785));
#4595=CARTESIAN_POINT('',(-13.,-7.57489560982526,47.2516530357785));
#4596=CARTESIAN_POINT('',(15.,-7.57489560982526,47.2516530357785));
#4597=CARTESIAN_POINT('',(-13.5,-7.05338452323238,47.126218440501));
#4598=CARTESIAN_POINT('Ctrl Pts',(-13.5,-7.05338452323248,47.1262184405006));
#4599=CARTESIAN_POINT('Ctrl Pts',(-13.5,-7.05458077880448,47.1265144986194));
#4600=CARTESIAN_POINT('Ctrl Pts',(-13.4999960614526,-7.05577706076522,47.1268105050868));
#4601=CARTESIAN_POINT('Ctrl Pts',(-13.4999073802246,-7.06924383129918,47.1301420506449));
#4602=CARTESIAN_POINT('Ctrl Pts',(-13.4994121577178,-7.08151139506548,47.1331707971843));
#4603=CARTESIAN_POINT('Ctrl Pts',(-13.4971642443404,-7.1117621776271,47.1406244418044));
#4604=CARTESIAN_POINT('Ctrl Pts',(-13.4949297802906,-7.12970555756149,47.1450324284614));
#4605=CARTESIAN_POINT('Ctrl Pts',(-13.484362760212,-7.18985573903245,47.159766006799));
#4606=CARTESIAN_POINT('Ctrl Pts',(-13.4718919273493,-7.23129114448709,47.1698421439809));
#4607=CARTESIAN_POINT('Ctrl Pts',(-13.4278846882662,-7.3314411406851,47.1940432322759));
#4608=CARTESIAN_POINT('Ctrl Pts',(-13.3900139908422,-7.3869143086158,47.2072982036046));
#4609=CARTESIAN_POINT('Ctrl Pts',(-13.2962736155139,-7.47867984914161,47.2290780725189));
#4610=CARTESIAN_POINT('Ctrl Pts',(-13.2419897357676,-7.51473928020312,47.2375581400641));
#4611=CARTESIAN_POINT('Ctrl Pts',(-13.1241689684694,-7.56268510561111,47.2488052836091));
#4612=CARTESIAN_POINT('Ctrl Pts',(-13.0625104593178,-7.57489560982527,47.2516530357785));
#4613=CARTESIAN_POINT('Ctrl Pts',(-13.,-7.57489560982526,47.2516530357785));
#4614=CARTESIAN_POINT('',(-13.5,2.61542317550569,42.6021934832463));
#4615=CARTESIAN_POINT('Ctrl Pts',(-13.5,-7.05338452323248,47.1262184405006));
#4616=CARTESIAN_POINT('Ctrl Pts',(-13.5,-5.21967655694484,46.6723989193089));
#4617=CARTESIAN_POINT('Ctrl Pts',(-13.5,-3.37179464382871,46.0839525518743));
#4618=CARTESIAN_POINT('Ctrl Pts',(-13.5,-0.720878904437484,44.8431026026158));
#4619=CARTESIAN_POINT('Ctrl Pts',(-13.5,0.862781151121845,44.0184498724131));
#4620=CARTESIAN_POINT('Ctrl Pts',(-13.5,2.61542317550567,42.6021934832463));
#4621=CARTESIAN_POINT('',(-13.,3.02979873657099,42.2587793942319));
#4622=CARTESIAN_POINT('Ctrl Pts',(-13.,3.029798736571,42.2587793942319));
#4623=CARTESIAN_POINT('Ctrl Pts',(-13.0509517754062,3.029798736571,42.2587793942319));
#4624=CARTESIAN_POINT('Ctrl Pts',(-13.1013091512344,3.02338000218228,42.2642406154391));
#4625=CARTESIAN_POINT('Ctrl Pts',(-13.1494153713474,3.01094893859919,42.2747813861541));
#4626=CARTESIAN_POINT('Ctrl Pts',(-13.1583607960782,3.00863736343604,42.2767414584859));
#4627=CARTESIAN_POINT('Ctrl Pts',(-13.1672283804196,3.0061177846401,42.2788770757883));
#4628=CARTESIAN_POINT('Ctrl Pts',(-13.1760074717185,3.00339267149744,42.2811856585122));
#4629=CARTESIAN_POINT('Ctrl Pts',(-13.2342838668067,2.98530312614981,42.2965102375982));
#4630=CARTESIAN_POINT('Ctrl Pts',(-13.2872227983388,2.95861791640758,42.3190700976504));
#4631=CARTESIAN_POINT('Ctrl Pts',(-13.3326108347463,2.92518180641955,42.3471252987338));
#4632=CARTESIAN_POINT('Ctrl Pts',(-13.3781353085031,2.89164518681317,42.3752648343152));
#4633=CARTESIAN_POINT('Ctrl Pts',(-13.4153149471772,2.85188112509224,42.4084516747709));
#4634=CARTESIAN_POINT('Ctrl Pts',(-13.4429569444009,2.80811271346642,42.4446556708712));
#4635=CARTESIAN_POINT('Ctrl Pts',(-13.4451135772295,2.80469789533297,42.4474803121546));
#4636=CARTESIAN_POINT('Ctrl Pts',(-13.4472121530597,2.80125872321392,42.4503233376789));
#4637=CARTESIAN_POINT('Ctrl Pts',(-13.4492521054043,2.79779626480733,42.4531837936729));
#4638=CARTESIAN_POINT('Ctrl Pts',(-13.4659557992502,2.7694446980008,42.476605998271));
#4639=CARTESIAN_POINT('Ctrl Pts',(-13.4786393025996,2.73968421746956,42.5010694178273));
#4640=CARTESIAN_POINT('Ctrl Pts',(-13.4871481026069,2.70910738203732,42.5260594350256));
#4641=CARTESIAN_POINT('Ctrl Pts',(-13.4956921374375,2.67840392835203,42.5511529355398));
#4642=CARTESIAN_POINT('Ctrl Pts',(-13.5,2.64697442788134,42.5766978816679));
#4643=CARTESIAN_POINT('Ctrl Pts',(-13.5,2.61542317550569,42.6021934832463));
#4644=CARTESIAN_POINT('',(15.,3.02979873658268,42.2587793942219));
#4645=CARTESIAN_POINT('Origin',(15.,-7.57489560982526,47.2516530357785));
#4646=CARTESIAN_POINT('',(13.,-7.57489560982526,47.2516530357785));
#4647=CARTESIAN_POINT('',(15.,-7.57489560982526,47.2516530357785));
#4648=CARTESIAN_POINT('',(13.,-7.56055420175351,47.1455908359679));
#4649=CARTESIAN_POINT('',(13.,-7.38213021050864,45.8260522721303));
#4650=CARTESIAN_POINT('',(-13.,-7.5605542017535,47.1455908359679));
#4651=CARTESIAN_POINT('Ctrl Pts',(13.,-7.56055420175351,47.1455908359679));
#4652=CARTESIAN_POINT('Ctrl Pts',(8.66666666666667,-7.5605542017535,47.1455908359679));
#4653=CARTESIAN_POINT('Ctrl Pts',(4.33333333333333,-7.5605542017535,47.1455908359679));
#4654=CARTESIAN_POINT('Ctrl Pts',(-4.33333333333333,-7.5605542017535,47.1455908359679));
#4655=CARTESIAN_POINT('Ctrl Pts',(-8.66666666666667,-7.5605542017535,47.1455908359679));
#4656=CARTESIAN_POINT('Ctrl Pts',(-13.,-7.5605542017535,47.1455908359679));
#4657=CARTESIAN_POINT('',(-13.,-7.41691880053189,46.0833320571913));
#4658=CARTESIAN_POINT('Ctrl Pts',(15.,4.22979873658268,41.2388928756026));
#4659=CARTESIAN_POINT('Ctrl Pts',(12.3,4.22979873658268,41.2388928756026));
#4660=CARTESIAN_POINT('Ctrl Pts',(15.,3.98979873658268,41.4428701793264));
#4661=CARTESIAN_POINT('Ctrl Pts',(12.3,3.98979873658268,41.4428701793264));
#4662=CARTESIAN_POINT('Ctrl Pts',(15.,3.74979873658268,41.6468474830503));
#4663=CARTESIAN_POINT('Ctrl Pts',(12.3,3.74979873658268,41.6468474830503));
#4664=CARTESIAN_POINT('Ctrl Pts',(15.,3.50979873658268,41.8508247867742));
#4665=CARTESIAN_POINT('Ctrl Pts',(12.3,3.50979873658268,41.8508247867742));
#4666=CARTESIAN_POINT('Ctrl Pts',(15.,3.26979873658268,42.0548020904981));
#4667=CARTESIAN_POINT('Ctrl Pts',(12.3,3.26979873658268,42.0548020904981));
#4668=CARTESIAN_POINT('Ctrl Pts',(15.,3.02979873658268,42.2587793942219));
#4669=CARTESIAN_POINT('Ctrl Pts',(12.3,3.02979873658268,42.2587793942219));
#4670=CARTESIAN_POINT('Ctrl Pts',(15.,2.86438957743466,42.3993615371146));
#4671=CARTESIAN_POINT('Ctrl Pts',(12.3,2.86438957743466,42.3993615371146));
#4672=CARTESIAN_POINT('Ctrl Pts',(15.,2.52941875586051,42.6769034535741));
#4673=CARTESIAN_POINT('Ctrl Pts',(12.3,2.52941875586051,42.6769034535741));
#4674=CARTESIAN_POINT('Ctrl Pts',(15.,2.01450498861198,43.0823491984311));
#4675=CARTESIAN_POINT('Ctrl Pts',(12.3,2.01450498861198,43.0823491984311));
#4676=CARTESIAN_POINT('Ctrl Pts',(15.,1.30262855229317,43.6008518902172));
#4677=CARTESIAN_POINT('Ctrl Pts',(12.3,1.30262855229317,43.6008518902172));
#4678=CARTESIAN_POINT('Ctrl Pts',(15.,0.367777533537545,44.2097204554311));
#4679=CARTESIAN_POINT('Ctrl Pts',(12.3,0.367777533537545,44.2097204554311));
#4680=CARTESIAN_POINT('Ctrl Pts',(15.,-0.615836326714809,44.7760515415684));
#4681=CARTESIAN_POINT('Ctrl Pts',(12.3,-0.615836326714809,44.7760515415684));
#4682=CARTESIAN_POINT('Ctrl Pts',(15.,-1.65178281154252,45.2967311058763));
#4683=CARTESIAN_POINT('Ctrl Pts',(12.3,-1.65178281154252,45.2967311058763));
#4684=CARTESIAN_POINT('Ctrl Pts',(15.,-2.74124576823043,45.770726438248));
#4685=CARTESIAN_POINT('Ctrl Pts',(12.3,-2.74124576823043,45.770726438248));
#4686=CARTESIAN_POINT('Ctrl Pts',(15.,-3.8813026155549,46.2005870053203));
#4687=CARTESIAN_POINT('Ctrl Pts',(12.3,-3.8813026155549,46.2005870053203));
#4688=CARTESIAN_POINT('Ctrl Pts',(15.,-5.06778558875414,46.5899484895264));
#4689=CARTESIAN_POINT('Ctrl Pts',(12.3,-5.06778558875414,46.5899484895264));
#4690=CARTESIAN_POINT('Ctrl Pts',(15.,-6.05089533075399,46.8718451773812));
#4691=CARTESIAN_POINT('Ctrl Pts',(12.3,-6.05089533075399,46.8718451773812));
#4692=CARTESIAN_POINT('Ctrl Pts',(15.,-6.80607046043378,47.0677027939608));
#4693=CARTESIAN_POINT('Ctrl Pts',(12.3,-6.80607046043378,47.0677027939608));
#4694=CARTESIAN_POINT('Ctrl Pts',(15.,-7.31732049636274,47.1914703780973));
#4695=CARTESIAN_POINT('Ctrl Pts',(12.3,-7.31732049636274,47.1914703780973));
#4696=CARTESIAN_POINT('Ctrl Pts',(15.,-7.57489560982526,47.2516530357785));
#4697=CARTESIAN_POINT('Ctrl Pts',(12.3,-7.57489560982526,47.2516530357785));
#4698=CARTESIAN_POINT('',(13.,3.02979873657098,42.2587793942319));
#4699=CARTESIAN_POINT('',(15.,3.02979873658268,42.2587793942219));
#4700=CARTESIAN_POINT('',(13.5,2.61542317550569,42.6021934832463));
#4701=CARTESIAN_POINT('Ctrl Pts',(13.5,2.61542317550568,42.6021934832463));
#4702=CARTESIAN_POINT('Ctrl Pts',(13.5,2.65739716959439,42.5682755830248));
#4703=CARTESIAN_POINT('Ctrl Pts',(13.4923760400659,2.69907804442773,42.5343306444521));
#4704=CARTESIAN_POINT('Ctrl Pts',(13.4773822649106,2.73904928938381,42.5015438539256));
#4705=CARTESIAN_POINT('Ctrl Pts',(13.4717088917559,2.75417368505778,42.4891379257803));
#4706=CARTESIAN_POINT('Ctrl Pts',(13.464980361053,2.76905372323448,42.4768981751195));
#4707=CARTESIAN_POINT('Ctrl Pts',(13.4572104408429,2.78361410695708,42.4648900653917));
#4708=CARTESIAN_POINT('Ctrl Pts',(13.433592067935,2.82787357978857,42.4283887879265));
#4709=CARTESIAN_POINT('Ctrl Pts',(13.4005946650397,2.86870732968541,42.3944117301964));
#4710=CARTESIAN_POINT('Ctrl Pts',(13.359290337906,2.90400958958484,42.3648672725492));
#4711=CARTESIAN_POINT('Ctrl Pts',(13.3525195129082,2.90979652379716,42.3600241879073));
#4712=CARTESIAN_POINT('Ctrl Pts',(13.3455254683111,2.91543490433097,42.3553002887797));
#4713=CARTESIAN_POINT('Ctrl Pts',(13.3383129266558,2.92091554079579,42.3507040558818));
#4714=CARTESIAN_POINT('Ctrl Pts',(13.2915813494302,2.95642573934178,42.3209240944093));
#4715=CARTESIAN_POINT('Ctrl Pts',(13.2365014935287,2.98466769970992,42.2970488022802));
#4716=CARTESIAN_POINT('Ctrl Pts',(13.1755744960943,3.00352688240153,42.2810719606537));
#4717=CARTESIAN_POINT('Ctrl Pts',(13.1283524126756,3.0181438820203,42.2686889485274));
#4718=CARTESIAN_POINT('Ctrl Pts',(13.0785779965228,3.02681957321804,42.2613112227266));
#4719=CARTESIAN_POINT('Ctrl Pts',(13.0279076435531,3.02915589681514,42.2593257256299));
#4720=CARTESIAN_POINT('Ctrl Pts',(13.0186317333958,3.02958359321974,42.258962252877));
#4721=CARTESIAN_POINT('Ctrl Pts',(13.0093257982678,3.02979873657099,42.2587793942319));
#4722=CARTESIAN_POINT('Ctrl Pts',(13.,3.02979873657099,42.2587793942319));
#4723=CARTESIAN_POINT('',(13.5,-7.05338452323239,47.126218440501));
#4724=CARTESIAN_POINT('Ctrl Pts',(13.5,2.61542317550569,42.6021934832463));
#4725=CARTESIAN_POINT('Ctrl Pts',(13.5,0.862781151121828,44.018449872413));
#4726=CARTESIAN_POINT('Ctrl Pts',(13.5,-0.720878904437484,44.8431026026158));
#4727=CARTESIAN_POINT('Ctrl Pts',(13.5,-3.37179464382871,46.0839525518743));
#4728=CARTESIAN_POINT('Ctrl Pts',(13.5,-5.21967655694484,46.6723989193089));
#4729=CARTESIAN_POINT('Ctrl Pts',(13.5,-7.05338452323249,47.1262184405006));
#4730=CARTESIAN_POINT('Ctrl Pts',(13.,-7.57489560982526,47.2516530357785));
#4731=CARTESIAN_POINT('Ctrl Pts',(13.0495555769989,-7.57489560982526,47.2516530357785));
#4732=CARTESIAN_POINT('Ctrl Pts',(13.098685035455,-7.56721983223779,47.2498617345521));
#4733=CARTESIAN_POINT('Ctrl Pts',(13.1982872553591,-7.53557689080872,47.242449682543));
#4734=CARTESIAN_POINT('Ctrl Pts',(13.2473003058443,-7.51017119316094,47.2364895668924));
#4735=CARTESIAN_POINT('Ctrl Pts',(13.3368214791229,-7.44334028881479,47.2207045118013));
#4736=CARTESIAN_POINT('Ctrl Pts',(13.3761397701248,-7.40184245522686,47.2108568290616));
#4737=CARTESIAN_POINT('Ctrl Pts',(13.4400707537421,-7.30778350360561,47.188337852574));
#4738=CARTESIAN_POINT('Ctrl Pts',(13.4641365281809,-7.25565154575995,47.1757656549603));
#4739=CARTESIAN_POINT('Ctrl Pts',(13.4871052790162,-7.17437525491672,47.1559739088978));
#4740=CARTESIAN_POINT('Ctrl Pts',(13.4925610644151,-7.14723852358762,47.1493371703363));
#4741=CARTESIAN_POINT('Ctrl Pts',(13.4976986387349,-7.10546618556773,47.1390740747616));
#4742=CARTESIAN_POINT('Ctrl Pts',(13.4988910748262,-7.09102619443667,47.1355179250583));
#4743=CARTESIAN_POINT('Ctrl Pts',(13.4998356553936,-7.06883968108144,47.1300409675807));
#4744=CARTESIAN_POINT('Ctrl Pts',(13.5,-7.06111192889195,47.1281308756325));
#4745=CARTESIAN_POINT('Ctrl Pts',(13.5,-7.05338452323249,47.1262184405006));
#4746=CARTESIAN_POINT('Ctrl Pts',(-14.9964381517705,5.83779427864576,48.8786959608258));
#4747=CARTESIAN_POINT('Ctrl Pts',(-4.99881271725685,5.83779427864576,48.8786959608258));
#4748=CARTESIAN_POINT('Ctrl Pts',(4.99881271725685,5.83779427864576,48.8786959608258));
#4749=CARTESIAN_POINT('Ctrl Pts',(14.9964381517705,5.83779427864576,48.8786959608258));
#4750=CARTESIAN_POINT('Ctrl Pts',(-14.9964381517705,5.88999158796921,48.9698901394591));
#4751=CARTESIAN_POINT('Ctrl Pts',(-4.99881271725686,5.88999158796921,48.9698901394591));
#4752=CARTESIAN_POINT('Ctrl Pts',(4.99881271725687,5.88999158796921,48.969890139459));
#4753=CARTESIAN_POINT('Ctrl Pts',(14.9964381517705,5.88999158796921,48.969890139459));
#4754=CARTESIAN_POINT('Ctrl Pts',(-14.9964381517705,6.03316848901825,49.0992480568644));
#4755=CARTESIAN_POINT('Ctrl Pts',(-4.99881271725683,6.03316848901825,49.0992480568644));
#4756=CARTESIAN_POINT('Ctrl Pts',(4.99881271725683,6.03316848901825,49.0992480568644));
#4757=CARTESIAN_POINT('Ctrl Pts',(14.9964381517705,6.03316848901825,49.0992480568644));
#4758=CARTESIAN_POINT('Ctrl Pts',(-14.9964381517705,6.21920782047154,49.1337560056262));
#4759=CARTESIAN_POINT('Ctrl Pts',(-4.99881271725685,6.21920782047154,49.1337560056262));
#4760=CARTESIAN_POINT('Ctrl Pts',(4.99881271725687,6.21920782047153,49.1337560056262));
#4761=CARTESIAN_POINT('Ctrl Pts',(14.9964381517705,6.21920782047153,49.1337560056262));
#4762=CARTESIAN_POINT('Ctrl Pts',(-14.9964381517705,6.29790671679103,49.129631571238));
#4763=CARTESIAN_POINT('Ctrl Pts',(-4.99881271725685,6.29790671679103,49.129631571238));
#4764=CARTESIAN_POINT('Ctrl Pts',(4.99881271725685,6.29790671679103,49.129631571238));
#4765=CARTESIAN_POINT('Ctrl Pts',(14.9964381517705,6.29790671679103,49.129631571238));
#4766=CARTESIAN_POINT('',(14.9964381517705,6.29790671679103,49.129631571238));
#4767=CARTESIAN_POINT('',(-14.9964381517705,6.29790671679103,49.129631571238));
#4768=CARTESIAN_POINT('Ctrl Pts',(14.9964381517705,6.29790671679103,49.129631571238));
#4769=CARTESIAN_POINT('Ctrl Pts',(4.99881271725685,6.29790671679103,49.129631571238));
#4770=CARTESIAN_POINT('Ctrl Pts',(-4.99881271725685,6.29790671679103,49.129631571238));
#4771=CARTESIAN_POINT('Ctrl Pts',(-14.9964381517705,6.29790671679103,49.129631571238));
#4772=CARTESIAN_POINT('',(-14.8404888666905,5.83779427864576,48.8786959608258));
#4773=CARTESIAN_POINT('Ctrl Pts',(-14.9964381517705,6.29790671679103,49.129631571238));
#4774=CARTESIAN_POINT('Ctrl Pts',(-14.9924392174696,6.27249770686237,49.1309632010222));
#4775=CARTESIAN_POINT('Ctrl Pts',(-14.9878703513723,6.24717481527672,49.1303173519959));
#4776=CARTESIAN_POINT('Ctrl Pts',(-14.9827873276971,6.22215696672678,49.1278123361452));
#4777=CARTESIAN_POINT('Ctrl Pts',(-14.977498630984,6.19612682761083,49.125205960503));
#4778=CARTESIAN_POINT('Ctrl Pts',(-14.9716533264539,6.17042568434788,49.1205869703747));
#4779=CARTESIAN_POINT('Ctrl Pts',(-14.9653142362987,6.14528656677202,49.1140344104315));
#4780=CARTESIAN_POINT('Ctrl Pts',(-14.9624940446501,6.13410244922484,49.1111192484169));
#4781=CARTESIAN_POINT('Ctrl Pts',(-14.9595761198665,6.12302951174844,49.1078206787998));
#4782=CARTESIAN_POINT('Ctrl Pts',(-14.9565659937693,6.11208847503839,49.1041423757751));
#4783=CARTESIAN_POINT('Ctrl Pts',(-14.952395936739,6.09693138673766,49.0990466645348));
#4784=CARTESIAN_POINT('Ctrl Pts',(-14.9480666164128,6.08209132387641,49.0932439050163));
#4785=CARTESIAN_POINT('Ctrl Pts',(-14.9435951720816,6.06761822766746,49.0867563410183));
#4786=CARTESIAN_POINT('Ctrl Pts',(-14.9362890918564,6.04397002941714,49.0761560384035));
#4787=CARTESIAN_POINT('Ctrl Pts',(-14.9286035737779,6.0213004336796,49.0637304248085));
#4788=CARTESIAN_POINT('Ctrl Pts',(-14.9206133835924,5.99974919855247,49.0496854050273));
#4789=CARTESIAN_POINT('Ctrl Pts',(-14.9149639122156,5.98451137777987,49.0397548607727));
#4790=CARTESIAN_POINT('Ctrl Pts',(-14.9091621288504,5.96983275527517,49.0290134679919));
#4791=CARTESIAN_POINT('Ctrl Pts',(-14.9032344609163,5.95576848793958,49.0175195175058));
#4792=CARTESIAN_POINT('Ctrl Pts',(-14.8946246144848,5.93534035612185,49.0008247313478));
#4793=CARTESIAN_POINT('Ctrl Pts',(-14.8857919852741,5.91631030492737,48.982628400161));
#4794=CARTESIAN_POINT('Ctrl Pts',(-14.8768198297777,5.89883312410773,48.9631199530237));
#4795=CARTESIAN_POINT('Ctrl Pts',(-14.8678380573201,5.88133721006716,48.9435905954172));
#4796=CARTESIAN_POINT('Ctrl Pts',(-14.8587164593093,5.8653964957321,48.9227453956667));
#4797=CARTESIAN_POINT('Ctrl Pts',(-14.8495385602457,5.85119864789977,48.9007349289802));
#4798=CARTESIAN_POINT('Ctrl Pts',(-14.8468520984912,5.84704279753208,48.8942922478673));
#4799=CARTESIAN_POINT('Ctrl Pts',(-14.8441608129146,5.84303653982413,48.8877495191648));
#4800=CARTESIAN_POINT('Ctrl Pts',(-14.8414667982361,5.83918529911043,48.8811100521486));
#4801=CARTESIAN_POINT('Ctrl Pts',(-14.8411408345934,5.83871931632943,48.8803067065428));
#4802=CARTESIAN_POINT('Ctrl Pts',(-14.840814856158,5.83825563986824,48.8795020073114));
#4803=CARTESIAN_POINT('Ctrl Pts',(-14.8404888666905,5.83779427864576,48.8786959608258));
#4804=CARTESIAN_POINT('',(14.8404888666905,5.83779427864576,48.8786959608258));
#4805=CARTESIAN_POINT('Ctrl Pts',(-14.8404888666905,5.83779427864576,48.8786959608258));
#4806=CARTESIAN_POINT('Ctrl Pts',(-4.94682962223017,5.83779427864576,48.8786959608258));
#4807=CARTESIAN_POINT('Ctrl Pts',(4.94682962223017,5.83779427864576,48.8786959608258));
#4808=CARTESIAN_POINT('Ctrl Pts',(14.8404888666905,5.83779427864576,48.8786959608258));
#4809=CARTESIAN_POINT('Ctrl Pts',(14.8404888666905,5.83779427864576,48.8786959608258));
#4810=CARTESIAN_POINT('Ctrl Pts',(14.8408148561585,5.83825563986895,48.8795020073126));
#4811=CARTESIAN_POINT('Ctrl Pts',(14.8411408345961,5.83871931632762,48.8803067065396));
#4812=CARTESIAN_POINT('Ctrl Pts',(14.8414667982384,5.83918529910948,48.881110052147));
#4813=CARTESIAN_POINT('Ctrl Pts',(14.8506554957241,5.85232104267152,48.9037558285597));
#4814=CARTESIAN_POINT('Ctrl Pts',(14.8598124443935,5.86725672429929,48.9252783064231));
#4815=CARTESIAN_POINT('Ctrl Pts',(14.8688545275865,5.88379329003534,48.945536610807));
#4816=CARTESIAN_POINT('Ctrl Pts',(14.8779160523542,5.90036541139187,48.9658384730005));
#4817=CARTESIAN_POINT('Ctrl Pts',(14.8868622171651,5.91854629820007,48.9848716368955));
#4818=CARTESIAN_POINT('Ctrl Pts',(14.8956093680729,5.93817244707631,49.0024588157398));
#4819=CARTESIAN_POINT('Ctrl Pts',(14.8981688030125,5.94391509993471,49.0076048616349));
#4820=CARTESIAN_POINT('Ctrl Pts',(14.9007111991772,5.94978167692874,49.0126268268532));
#4821=CARTESIAN_POINT('Ctrl Pts',(14.9032344609163,5.95576848793956,49.0175195175058));
#4822=CARTESIAN_POINT('Ctrl Pts',(14.9116181115256,5.97565993677372,49.0337757022427));
#4823=CARTESIAN_POINT('Ctrl Pts',(14.919749953218,5.99677933225964,49.0485283833396));
#4824=CARTESIAN_POINT('Ctrl Pts',(14.9275552202474,6.01897400707121,49.0616061589411));
#4825=CARTESIAN_POINT('Ctrl Pts',(14.9330739415351,6.03466677246883,49.0708528123018));
#4826=CARTESIAN_POINT('Ctrl Pts',(14.9384294012864,6.05089774717509,49.0792613872291));
#4827=CARTESIAN_POINT('Ctrl Pts',(14.9435951720816,6.06761822766746,49.0867563410183));
#4828=CARTESIAN_POINT('Ctrl Pts',(14.9480666164129,6.0820913238764,49.0932439050163));
#4829=CARTESIAN_POINT('Ctrl Pts',(14.952395936739,6.09693138673765,49.0990466645348));
#4830=CARTESIAN_POINT('Ctrl Pts',(14.9565659937693,6.11208847503838,49.1041423757751));
#4831=CARTESIAN_POINT('Ctrl Pts',(14.9633451406659,6.13672893615643,49.112426333234));
#4832=CARTESIAN_POINT('Ctrl Pts',(14.9696566409211,6.16203797257493,49.1187877166308));
#4833=CARTESIAN_POINT('Ctrl Pts',(14.9754373058624,6.18778079574304,49.1231702853494));
#4834=CARTESIAN_POINT('Ctrl Pts',(14.9810099425278,6.21259721421959,49.1273951389565));
#4835=CARTESIAN_POINT('Ctrl Pts',(14.9860892626635,6.23781795466116,49.1297810023752));
#4836=CARTESIAN_POINT('Ctrl Pts',(14.9906186569385,6.2632285693051,49.130230261203));
#4837=CARTESIAN_POINT('Ctrl Pts',(14.992673425,6.27475614147592,49.1304340682983));
#4838=CARTESIAN_POINT('Ctrl Pts',(14.9946150183223,6.28632262653075,49.1302386676836));
#4839=CARTESIAN_POINT('Ctrl Pts',(14.9964381517705,6.29790671679103,49.129631571238));
#4840=CARTESIAN_POINT('Ctrl Pts',(-21.8055392121307,1.84719751596057,38.1896840468515));
#4841=CARTESIAN_POINT('Ctrl Pts',(-21.77940278365,1.87312337103689,38.286517530307));
#4842=CARTESIAN_POINT('Ctrl Pts',(-21.7528130312039,1.89900152370074,38.3831896661482));
#4843=CARTESIAN_POINT('Ctrl Pts',(-21.3642622585182,2.27058247903887,39.7707106490754));
#4844=CARTESIAN_POINT('Ctrl Pts',(-20.9216855333275,2.63971590818859,41.0469191342031));
#4845=CARTESIAN_POINT('Ctrl Pts',(-20.3568731210549,3.02979873657591,42.2587793942472));
#4846=CARTESIAN_POINT('Ctrl Pts',(-21.9278884214647,1.85544769017166,38.220498579511));
#4847=CARTESIAN_POINT('Ctrl Pts',(-21.9016039777024,1.88146809737131,38.3176793227523));
#4848=CARTESIAN_POINT('Ctrl Pts',(-21.8748648162528,1.90743859561499,38.4147067440308));
#4849=CARTESIAN_POINT('Ctrl Pts',(-21.4840202400655,2.28048251675693,39.8072699203188));
#4850=CARTESIAN_POINT('Ctrl Pts',(-21.0380849559646,2.65196202951988,41.088564901911));
#4851=CARTESIAN_POINT('Ctrl Pts',(-20.4681614078606,3.04505314753893,42.3061698792703));
#4852=CARTESIAN_POINT('Ctrl Pts',(-22.1716666245077,1.9692751365697,38.2558212547665));
#4853=CARTESIAN_POINT('Ctrl Pts',(-22.1450915762566,1.99539448874096,38.3537158578869));
#4854=CARTESIAN_POINT('Ctrl Pts',(-22.1180592706137,2.02146571221092,38.4514845751877));
#4855=CARTESIAN_POINT('Ctrl Pts',(-21.7226828756938,2.39597789071354,39.8541641169999));
#4856=CARTESIAN_POINT('Ctrl Pts',(-21.2699992179495,2.76921361456573,41.1438275128912));
#4857=CARTESIAN_POINT('Ctrl Pts',(-20.6900214580516,3.16437985767308,42.3720247345976));
#4858=CARTESIAN_POINT('Ctrl Pts',(-22.2821263445256,2.21452159507787,38.2199741340686));
#4859=CARTESIAN_POINT('Ctrl Pts',(-22.2555195951797,2.24057058019878,38.3182550090642));
#4860=CARTESIAN_POINT('Ctrl Pts',(-22.2284498342468,2.26658387770382,38.4164454406545));
#4861=CARTESIAN_POINT('Ctrl Pts',(-21.8326507855779,2.63973328446144,39.8241395934834));
#4862=CARTESIAN_POINT('Ctrl Pts',(-21.3800702806537,3.00888663736088,41.1145682616242));
#4863=CARTESIAN_POINT('Ctrl Pts',(-20.7986622352577,3.3997197620835,42.3473282062484));
#4864=CARTESIAN_POINT('Ctrl Pts',(-22.288671733383,2.33692566108472,38.1889687743402));
#4865=CARTESIAN_POINT('Ctrl Pts',(-22.2621356097826,2.36292999709532,38.2872997632301));
#4866=CARTESIAN_POINT('Ctrl Pts',(-22.2351336321128,2.38890467093397,38.3855551107671));
#4867=CARTESIAN_POINT('Ctrl Pts',(-21.8404340162728,2.76124489771928,39.7936988728113));
#4868=CARTESIAN_POINT('Ctrl Pts',(-21.389799190524,3.12825981807088,41.0824818416233));
#4869=CARTESIAN_POINT('Ctrl Pts',(-20.8106356784553,3.51673981720118,42.3152878993998));
#4870=CARTESIAN_POINT('',(-22.288671733383,2.33692566108472,38.1889687743402));
#4871=CARTESIAN_POINT('',(-21.6243631502104,2.02075453886375,38.8352321579044));
#4872=CARTESIAN_POINT('Ctrl Pts',(-22.288671733383,2.33692566108472,38.1889687743402));
#4873=CARTESIAN_POINT('Ctrl Pts',(-22.2577528790963,2.2852605420631,38.3078357700232));
#4874=CARTESIAN_POINT('Ctrl Pts',(-22.2071188145118,2.23161629464787,38.4229227857236));
#4875=CARTESIAN_POINT('Ctrl Pts',(-22.0697848043498,2.13486898533087,38.6200972558327));
#4876=CARTESIAN_POINT('Ctrl Pts',(-21.9912074819429,2.09607209256768,38.6944847228518));
#4877=CARTESIAN_POINT('Ctrl Pts',(-21.8648084716295,2.0539075565795,38.774038209612));
#4878=CARTESIAN_POINT('Ctrl Pts',(-21.8170251631619,2.04149635098243,38.7970580660995));
#4879=CARTESIAN_POINT('Ctrl Pts',(-21.7206450118537,2.02525535569301,38.8270156134721));
#4880=CARTESIAN_POINT('Ctrl Pts',(-21.6727586640677,2.02075453886375,38.8352321579044));
#4881=CARTESIAN_POINT('Ctrl Pts',(-21.6243631502104,2.02075453886375,38.8352321579044));
#4882=CARTESIAN_POINT('',(-20.3568731210549,3.02979873657299,42.2587793942362));
#4883=CARTESIAN_POINT('Ctrl Pts',(-21.6240518978706,2.02073710522368,38.8351455251512));
#4884=CARTESIAN_POINT('Ctrl Pts',(-21.2819310043963,2.33856794684883,40.0046035778577));
#4885=CARTESIAN_POINT('Ctrl Pts',(-20.8698083360747,2.67554444770621,41.1582267336592));
#4886=CARTESIAN_POINT('Ctrl Pts',(-20.3568731210549,3.02979873657591,42.2587793942472));
#4887=CARTESIAN_POINT('',(-20.8106356784553,3.51673981720118,42.3152878993998));
#4888=CARTESIAN_POINT('Origin',(-20.3568731210549,3.50574932352356,42.1055767872713));
#4889=CARTESIAN_POINT('Ctrl Pts',(-20.8106356784553,3.51673981720118,42.3152878993998));
#4890=CARTESIAN_POINT('Ctrl Pts',(-21.389799190524,3.12825981807088,41.0824818416233));
#4891=CARTESIAN_POINT('Ctrl Pts',(-21.8404340162728,2.76124489771928,39.7936988728113));
#4892=CARTESIAN_POINT('Ctrl Pts',(-22.2351336321128,2.38890467093397,38.3855551107671));
#4893=CARTESIAN_POINT('Ctrl Pts',(-22.2621356097826,2.36292999709532,38.2872997632301));
#4894=CARTESIAN_POINT('Ctrl Pts',(-22.288671733383,2.33692566108472,38.1889687743402));
#4895=CARTESIAN_POINT('Ctrl Pts',(-15.,6.34410359942089,49.1272104952096));
#4896=CARTESIAN_POINT('Ctrl Pts',(-16.064102102571,5.9332819757902,48.3986233388723));
#4897=CARTESIAN_POINT('Ctrl Pts',(-18.3783915271637,4.94533063971356,46.4495596282625));
#4898=CARTESIAN_POINT('Ctrl Pts',(-20.0734282500903,4.01122943051814,43.8845058570022));
#4899=CARTESIAN_POINT('Ctrl Pts',(-20.8106356784553,3.51673981720119,42.3152878993998));
#4900=CARTESIAN_POINT('Ctrl Pts',(-14.977147293057,6.24992874924004,49.1482555467476));
#4901=CARTESIAN_POINT('Ctrl Pts',(-16.0412637994002,5.8355736994824,48.4222666745409));
#4902=CARTESIAN_POINT('Ctrl Pts',(-18.3573375028874,4.83924330462686,46.4791630555633));
#4903=CARTESIAN_POINT('Ctrl Pts',(-20.0585977784238,3.89720462912481,43.9164874672001));
#4904=CARTESIAN_POINT('Ctrl Pts',(-20.7986622352577,3.3997197620835,42.3473282062484));
#4905=CARTESIAN_POINT('Ctrl Pts',(-14.8964809912641,6.05922997450746,49.14060622718));
#4906=CARTESIAN_POINT('Ctrl Pts',(-15.954209920435,5.63782205355651,48.4180561043574));
#4907=CARTESIAN_POINT('Ctrl Pts',(-18.2571934801358,4.62473868405953,46.4846387354098));
#4908=CARTESIAN_POINT('Ctrl Pts',(-19.9517743492573,3.66738359580193,43.9353735929656));
#4909=CARTESIAN_POINT('Ctrl Pts',(-20.6900182198977,3.16438317573519,42.3720221447619));
#4910=CARTESIAN_POINT('Ctrl Pts',(-14.7736705379953,5.92878100695767,49.0365281485449));
#4911=CARTESIAN_POINT('Ctrl Pts',(-15.8169213272734,5.50746573526288,48.3133165282946));
#4912=CARTESIAN_POINT('Ctrl Pts',(-18.0841315448575,4.49649827554623,46.3821467480146));
#4913=CARTESIAN_POINT('Ctrl Pts',(-19.7427153731791,3.54541217601591,43.8560386389879));
#4914=CARTESIAN_POINT('Ctrl Pts',(-20.4681614078606,3.04505314753894,42.3061698792703));
#4915=CARTESIAN_POINT('Ctrl Pts',(-14.7121821703076,5.88984018163492,48.9691721126035));
#4916=CARTESIAN_POINT('Ctrl Pts',(-15.7481459659794,5.47131858565088,48.2452543366531));
#4917=CARTESIAN_POINT('Ctrl Pts',(-17.9974183368034,4.46798942230133,46.3148188530594));
#4918=CARTESIAN_POINT('Ctrl Pts',(-19.6379329646337,3.52632856411572,43.8013358005613));
#4919=CARTESIAN_POINT('Ctrl Pts',(-20.3568731210549,3.02979873657592,42.2587793942472));
#4920=CARTESIAN_POINT('',(-15.,6.3441035994209,49.1272104952096));
#4921=CARTESIAN_POINT('Ctrl Pts',(-15.,6.34410359942089,49.1272104952096));
#4922=CARTESIAN_POINT('Ctrl Pts',(-16.064102102571,5.9332819757902,48.3986233388723));
#4923=CARTESIAN_POINT('Ctrl Pts',(-18.3783915271637,4.94533063971356,46.4495596282625));
#4924=CARTESIAN_POINT('Ctrl Pts',(-20.0734282500903,4.01122943051814,43.8845058570022));
#4925=CARTESIAN_POINT('Ctrl Pts',(-20.8106356784553,3.51673981720119,42.3152878993998));
#4926=CARTESIAN_POINT('Ctrl Pts',(-20.3568731210549,3.02979873657592,42.2587793942472));
#4927=CARTESIAN_POINT('Ctrl Pts',(-19.6379329646337,3.52632856411572,43.8013358005613));
#4928=CARTESIAN_POINT('Ctrl Pts',(-18.0265312213176,4.45127852966383,46.2702141048941));
#4929=CARTESIAN_POINT('Ctrl Pts',(-15.8277862819107,5.43572746646833,48.1765549687844));
#4930=CARTESIAN_POINT('Ctrl Pts',(-14.8404999138288,5.8377926203308,48.878712443509));
#4931=CARTESIAN_POINT('Ctrl Pts',(-14.996413157231,6.29791122716838,49.1295921222872));
#4932=CARTESIAN_POINT('Ctrl Pts',(-14.9988295709529,6.31317239758142,49.1288141405406));
#4933=CARTESIAN_POINT('Ctrl Pts',(-15.,6.32859433987174,49.1280233010609));
#4934=CARTESIAN_POINT('Ctrl Pts',(-15.,6.34410359942089,49.1272104952096));
#4935=CARTESIAN_POINT('Ctrl Pts',(20.8106356784553,3.5167398172012,42.3152878993998));
#4936=CARTESIAN_POINT('Ctrl Pts',(20.2577301071816,3.88760702718891,43.4922013676016));
#4937=CARTESIAN_POINT('Ctrl Pts',(18.6709285505634,4.80168055720118,46.1122065475637));
#4938=CARTESIAN_POINT('Ctrl Pts',(16.418802803428,5.79634143457995,48.1557609534265));
#4939=CARTESIAN_POINT('Ctrl Pts',(15.,6.3441035994209,49.1272104952096));
#4940=CARTESIAN_POINT('Ctrl Pts',(20.7986622352577,3.39971976208352,42.3473282062485));
#4941=CARTESIAN_POINT('Ctrl Pts',(20.2436138926323,3.77283341236449,43.5241976519622));
#4942=CARTESIAN_POINT('Ctrl Pts',(18.6506663076804,4.69422542379983,46.1425125734135));
#4943=CARTESIAN_POINT('Ctrl Pts',(16.3959693015159,5.69745534956265,48.1802703838044));
#4944=CARTESIAN_POINT('Ctrl Pts',(14.977147293057,6.24992874924005,49.1482555467476));
#4945=CARTESIAN_POINT('Ctrl Pts',(20.6900182198977,3.1643831757352,42.3720221447619));
#4946=CARTESIAN_POINT('Ctrl Pts',(20.1363353169173,3.54163349078525,43.5445357309147));
#4947=CARTESIAN_POINT('Ctrl Pts',(18.5491580177776,4.47695162853087,46.1500020649005));
#4948=CARTESIAN_POINT('Ctrl Pts',(16.3067862301626,5.4973527465713,48.1772060634137));
#4949=CARTESIAN_POINT('Ctrl Pts',(14.8964809912641,6.05922997450747,49.14060622718));
#4950=CARTESIAN_POINT('Ctrl Pts',(20.4681614078606,3.04505314753895,42.3061698792704));
#4951=CARTESIAN_POINT('Ctrl Pts',(19.9240768818495,3.42032241889667,43.4685714490585));
#4952=CARTESIAN_POINT('Ctrl Pts',(18.3698056864374,4.34968354807176,46.0496613468906));
#4953=CARTESIAN_POINT('Ctrl Pts',(16.1646715903719,5.36702731136237,48.0722459882072));
#4954=CARTESIAN_POINT('Ctrl Pts',(14.7736705379953,5.92878100695768,49.0365281485449));
#4955=CARTESIAN_POINT('Ctrl Pts',(20.3568731210549,3.02979873657593,42.2587793942472));
#4956=CARTESIAN_POINT('Ctrl Pts',(19.8176680037389,3.40219610723077,43.4156966989828));
#4957=CARTESIAN_POINT('Ctrl Pts',(18.2799829275313,4.32265026612808,45.9835354976454));
#4958=CARTESIAN_POINT('Ctrl Pts',(16.0934672312095,5.33181138698708,48.0039484113321));
#4959=CARTESIAN_POINT('Ctrl Pts',(14.7121821703076,5.88984018163493,48.9691721126036));
#4960=CARTESIAN_POINT('',(20.3568731210549,3.0297987365714,42.2587793942389));
#4961=CARTESIAN_POINT('Ctrl Pts',(14.8404903229395,5.83779706961174,48.8786964100863));
#4962=CARTESIAN_POINT('Ctrl Pts',(16.1708682449666,5.29602146792812,47.9320660936475));
#4963=CARTESIAN_POINT('Ctrl Pts',(18.3072712272878,4.30631556314583,45.9379657278996));
#4964=CARTESIAN_POINT('Ctrl Pts',(19.8176680037389,3.40219610723077,43.4156966989828));
#4965=CARTESIAN_POINT('Ctrl Pts',(20.3568731210549,3.02979873657593,42.2587793942472));
#4966=CARTESIAN_POINT('',(20.8106356784553,3.5167398172012,42.3152878993998));
#4967=CARTESIAN_POINT('Origin',(20.3568731210549,3.50574932352358,42.1055767872714));
#4968=CARTESIAN_POINT('',(15.,6.3441035994209,49.1272104952096));
#4969=CARTESIAN_POINT('Ctrl Pts',(20.8106356784553,3.5167398172012,42.3152878993998));
#4970=CARTESIAN_POINT('Ctrl Pts',(20.2577301071816,3.88760702718891,43.4922013676016));
#4971=CARTESIAN_POINT('Ctrl Pts',(18.6709285505634,4.80168055720118,46.1122065475637));
#4972=CARTESIAN_POINT('Ctrl Pts',(16.418802803428,5.79634143457995,48.1557609534265));
#4973=CARTESIAN_POINT('Ctrl Pts',(15.,6.3441035994209,49.1272104952096));
#4974=CARTESIAN_POINT('Ctrl Pts',(15.,6.3441035994209,49.1272104952096));
#4975=CARTESIAN_POINT('Ctrl Pts',(15.,6.32850468038045,49.1280279999157));
#4976=CARTESIAN_POINT('Ctrl Pts',(14.9988271383054,6.31308620662923,49.128836047885));
#4977=CARTESIAN_POINT('Ctrl Pts',(14.9964381517705,6.29790671679103,49.129631571238));
#4978=CARTESIAN_POINT('Ctrl Pts',(20.3568731210566,3.02979873657473,42.2587793942435));
#4979=CARTESIAN_POINT('Ctrl Pts',(20.9216855333284,2.63971590818785,41.0469191342006));
#4980=CARTESIAN_POINT('Ctrl Pts',(21.3642622585186,2.27173228018045,39.7750051747329));
#4981=CARTESIAN_POINT('Ctrl Pts',(21.7528130312039,1.89893990211184,38.3829595085279));
#4982=CARTESIAN_POINT('Ctrl Pts',(21.77940278365,1.87312337103689,38.286517530307));
#4983=CARTESIAN_POINT('Ctrl Pts',(21.8055392121307,1.84719751596057,38.1896840468515));
#4984=CARTESIAN_POINT('Ctrl Pts',(20.4681614078623,3.04505314753774,42.3061698792666));
#4985=CARTESIAN_POINT('Ctrl Pts',(21.0380849559655,2.65196202951914,41.0885649019084));
#4986=CARTESIAN_POINT('Ctrl Pts',(21.4838475439454,2.28189546965473,39.8113893788947));
#4987=CARTESIAN_POINT('Ctrl Pts',(21.8748740716005,1.9073628708662,38.4144859688257));
#4988=CARTESIAN_POINT('Ctrl Pts',(21.9016039777024,1.88146809737131,38.3176793227523));
#4989=CARTESIAN_POINT('Ctrl Pts',(21.9278884214647,1.85544769017166,38.220498579511));
#4990=CARTESIAN_POINT('Ctrl Pts',(20.6900214580534,3.16437985767188,42.3720247345939));
#4991=CARTESIAN_POINT('Ctrl Pts',(21.2699992179504,2.76921361456498,41.1438275128886));
#4992=CARTESIAN_POINT('Ctrl Pts',(21.7221791412758,2.39734498303569,39.8571373715129));
#4993=CARTESIAN_POINT('Ctrl Pts',(22.1180862673821,2.02139244527978,38.4513252287923));
#4994=CARTESIAN_POINT('Ctrl Pts',(22.1450915762566,1.99539448874096,38.3537158578869));
#4995=CARTESIAN_POINT('Ctrl Pts',(22.1716666245077,1.96927513656969,38.2558212547665));
#4996=CARTESIAN_POINT('Ctrl Pts',(20.7986622352595,3.39971976208232,42.3473282062447));
#4997=CARTESIAN_POINT('Ctrl Pts',(21.3800702806546,3.00888663736013,41.1145682616216));
#4998=CARTESIAN_POINT('Ctrl Pts',(21.8323717217325,2.64019363437354,39.8251041582523));
#4999=CARTESIAN_POINT('Ctrl Pts',(22.2284647901874,2.26655920605232,38.4163937464862));
#5000=CARTESIAN_POINT('Ctrl Pts',(22.2555195951797,2.24057058019878,38.3182550090642));
#5001=CARTESIAN_POINT('Ctrl Pts',(22.2821263445256,2.21452159507787,38.2199741340686));
#5002=CARTESIAN_POINT('Ctrl Pts',(20.8106356784571,3.51673981720001,42.315287899396));
#5003=CARTESIAN_POINT('Ctrl Pts',(21.3897991905249,3.12825981807014,41.0824818416207));
#5004=CARTESIAN_POINT('Ctrl Pts',(21.8404340162641,2.76124489772767,39.7936988728427));
#5005=CARTESIAN_POINT('Ctrl Pts',(22.2351336321133,2.3889046709335,38.3855551107653));
#5006=CARTESIAN_POINT('Ctrl Pts',(22.2621356097826,2.36292999709532,38.2872997632301));
#5007=CARTESIAN_POINT('Ctrl Pts',(22.288671733383,2.33692566108471,38.1889687743401));
#5008=CARTESIAN_POINT('',(21.6243631502104,2.02075453886375,38.8352321579044));
#5009=CARTESIAN_POINT('',(22.288671733383,2.33692566108472,38.1889687743402));
#5010=CARTESIAN_POINT('Ctrl Pts',(21.6243631502104,2.02075453886375,38.8352321579044));
#5011=CARTESIAN_POINT('Ctrl Pts',(21.6753962010834,2.02075453886375,38.8352321579044));
#5012=CARTESIAN_POINT('Ctrl Pts',(21.7258422133178,2.02575804735209,38.8260999992055));
#5013=CARTESIAN_POINT('Ctrl Pts',(21.8393789135562,2.04584762128449,38.789013710056));
#5014=CARTESIAN_POINT('Ctrl Pts',(21.8999840885204,2.06384721135796,38.7555437133284));
#5015=CARTESIAN_POINT('Ctrl Pts',(22.0273269269756,2.11358215412055,38.6607068791193));
#5016=CARTESIAN_POINT('Ctrl Pts',(22.0954185295375,2.15083447329298,38.5882094840442));
#5017=CARTESIAN_POINT('Ctrl Pts',(22.214980215707,2.24010428480285,38.404710836095));
#5018=CARTESIAN_POINT('Ctrl Pts',(22.2601828566737,2.28932101207903,38.2984937636367));
#5019=CARTESIAN_POINT('Ctrl Pts',(22.288671733383,2.33692566108471,38.1889687743402));
#5020=CARTESIAN_POINT('Ctrl Pts',(22.288671733383,2.33692566108471,38.1889687743401));
#5021=CARTESIAN_POINT('Ctrl Pts',(22.2621356097826,2.36292999709532,38.2872997632301));
#5022=CARTESIAN_POINT('Ctrl Pts',(22.2351336321133,2.3889046709335,38.3855551107653));
#5023=CARTESIAN_POINT('Ctrl Pts',(21.8404340162641,2.76124489772767,39.7936988728427));
#5024=CARTESIAN_POINT('Ctrl Pts',(21.3897991905249,3.12825981807014,41.0824818416207));
#5025=CARTESIAN_POINT('Ctrl Pts',(20.8106356784571,3.51673981720001,42.315287899396));
#5026=CARTESIAN_POINT('Ctrl Pts',(20.3568731210566,3.02979873657473,42.2587793942435));
#5027=CARTESIAN_POINT('Ctrl Pts',(20.8699486639784,2.67544753144791,41.1579256464194));
#5028=CARTESIAN_POINT('Ctrl Pts',(21.282156492423,2.33933237413394,40.0075161628564));
#5029=CARTESIAN_POINT('Ctrl Pts',(21.6243326726279,2.02075406789913,38.835223343452));
#5030=CARTESIAN_POINT('Ctrl Pts',(-23.,6.7419541362615,34.694701787874));
#5031=CARTESIAN_POINT('Ctrl Pts',(-23.,0.314982210244961,35.031525114031));
#5032=CARTESIAN_POINT('Ctrl Pts',(-22.9313919601133,6.76248422237108,35.0864391671418));
#5033=CARTESIAN_POINT('Ctrl Pts',(-22.9313919601133,0.33551229635454,35.4232624932988));
#5034=CARTESIAN_POINT('Ctrl Pts',(-22.7863996927704,6.80307933075513,35.8610399790712));
#5035=CARTESIAN_POINT('Ctrl Pts',(-22.7863996927704,0.376107404738594,36.1978633052282));
#5036=CARTESIAN_POINT('Ctrl Pts',(-22.5455841737966,6.86257688823077,36.9963210058501));
#5037=CARTESIAN_POINT('Ctrl Pts',(-22.5455841737966,0.43560496221424,37.3331443320071));
#5038=CARTESIAN_POINT('Ctrl Pts',(-22.1770625373575,6.93907010336239,38.4558984994605));
#5039=CARTESIAN_POINT('Ctrl Pts',(-22.1770625373575,0.512098177345857,38.7927218256174));
#5040=CARTESIAN_POINT('Ctrl Pts',(-21.6318082245187,7.02962688644448,40.183824855451));
#5041=CARTESIAN_POINT('Ctrl Pts',(-21.6318082245187,0.60265496042795,40.520648181608));
#5042=CARTESIAN_POINT('Ctrl Pts',(-20.9937398563016,7.11463281826929,41.8058346598681));
#5043=CARTESIAN_POINT('Ctrl Pts',(-20.9937398563016,0.687660892252757,42.142657986025));
#5044=CARTESIAN_POINT('Ctrl Pts',(-20.2541967386645,7.19356993607546,43.312044594463));
#5045=CARTESIAN_POINT('Ctrl Pts',(-20.2541967386645,0.766598010058922,43.6488679206199));
#5046=CARTESIAN_POINT('Ctrl Pts',(-19.4066609822954,7.2660484300013,44.6950166439827));
#5047=CARTESIAN_POINT('Ctrl Pts',(-19.4066609822954,0.839076503984763,45.0318399701397));
#5048=CARTESIAN_POINT('Ctrl Pts',(-18.4526395794089,7.3321584274482,45.9564705416926));
#5049=CARTESIAN_POINT('Ctrl Pts',(-18.4526395794089,0.90518650143167,46.2932938678495));
#5050=CARTESIAN_POINT('Ctrl Pts',(-17.399040382141,7.39231306045262,47.1042893164499));
#5051=CARTESIAN_POINT('Ctrl Pts',(-17.399040382141,0.965341134436081,47.4411126426069));
#5052=CARTESIAN_POINT('Ctrl Pts',(-16.4824588110627,7.43602892128239,47.9384376323645));
#5053=CARTESIAN_POINT('Ctrl Pts',(-16.4824588110627,1.00905699526585,48.2752609585214));
#5054=CARTESIAN_POINT('Ctrl Pts',(-15.7561158770067,7.4664889536598,48.5196496736705));
#5055=CARTESIAN_POINT('Ctrl Pts',(-15.7561158770067,1.03951702764327,48.8564729998275));
#5056=CARTESIAN_POINT('Ctrl Pts',(-15.2548741060641,7.48577815102695,48.8877094852296));
#5057=CARTESIAN_POINT('Ctrl Pts',(-15.2548741060641,1.05880622501042,49.2245328113866));
#5058=CARTESIAN_POINT('Ctrl Pts',(-15.,7.49516838096454,49.066885746198));
#5059=CARTESIAN_POINT('Ctrl Pts',(-15.,1.068196454948,49.403709072355));
#5060=CARTESIAN_POINT('',(-15.,6.49218084537828,49.1194500955866));
#5061=CARTESIAN_POINT('',(-15.,6.99149561275549,49.0932821174652));
#5062=CARTESIAN_POINT('',(-23.,5.73896660067517,34.7472661372627));
#5063=CARTESIAN_POINT('Ctrl Pts',(-23.,5.73896660067517,34.7472661372627));
#5064=CARTESIAN_POINT('Ctrl Pts',(-22.7251923629221,5.82119930200427,36.3163595515243));
#5065=CARTESIAN_POINT('Ctrl Pts',(-22.0124718024091,5.98415769143045,39.4257908545772));
#5066=CARTESIAN_POINT('Ctrl Pts',(-20.4662497027344,6.18085877041479,43.1790710293012));
#5067=CARTESIAN_POINT('Ctrl Pts',(-18.1388537353794,6.35664548630282,46.5332813830474));
#5068=CARTESIAN_POINT('Ctrl Pts',(-16.3242195130733,6.44339312854181,48.1885250019478));
#5069=CARTESIAN_POINT('Ctrl Pts',(-15.,6.49218084537828,49.1194500955866));
#5070=CARTESIAN_POINT('',(-23.,2.99925533477217,34.8908483205854));
#5071=CARTESIAN_POINT('',(-23.,6.23828136805244,34.7210981591412));
#5072=CARTESIAN_POINT('Ctrl Pts',(-23.,2.99925533477217,34.8908483205854));
#5073=CARTESIAN_POINT('Ctrl Pts',(-22.9555539032816,3.00272522086811,35.1451412917323));
#5074=CARTESIAN_POINT('Ctrl Pts',(-22.9089632822369,2.99406408278652,35.3988771456992));
#5075=CARTESIAN_POINT('Ctrl Pts',(-22.860336726846,2.97345650091124,35.6512093127897));
#5076=CARTESIAN_POINT('Ctrl Pts',(-22.812248803786,2.95307718751535,35.900746417343));
#5077=CARTESIAN_POINT('Ctrl Pts',(-22.7621697744309,2.92101462251004,36.148910730285));
#5078=CARTESIAN_POINT('Ctrl Pts',(-22.7102381952557,2.87744932583738,36.3949217729379));
#5079=CARTESIAN_POINT('Ctrl Pts',(-22.6976227360069,2.86686624260434,36.454683912519));
#5080=CARTESIAN_POINT('Ctrl Pts',(-22.684898111685,2.85560436535707,36.5143191631439));
#5081=CARTESIAN_POINT('Ctrl Pts',(-22.6720666170096,2.84366630039603,36.573816688192));
#5082=CARTESIAN_POINT('Ctrl Pts',(-22.6218765973774,2.79697090520444,36.8065395334865));
#5083=CARTESIAN_POINT('Ctrl Pts',(-22.5701674367128,2.74004365289587,37.036602126103));
#5084=CARTESIAN_POINT('Ctrl Pts',(-22.5171343280515,2.67316529524689,37.2633452144035));
#5085=CARTESIAN_POINT('Ctrl Pts',(-22.4652068124514,2.60768116565704,37.4853613388993));
#5086=CARTESIAN_POINT('Ctrl Pts',(-22.4120099187328,2.5326565083913,37.7041948573855));
#5087=CARTESIAN_POINT('Ctrl Pts',(-22.3577597903142,2.44835684798984,37.9192644459287));
#5088=CARTESIAN_POINT('Ctrl Pts',(-22.3349108654959,2.41285174120257,38.0098468832904));
#5089=CARTESIAN_POINT('Ctrl Pts',(-22.3118755178252,2.37570136291121,38.0997621046111));
#5090=CARTESIAN_POINT('Ctrl Pts',(-22.288671733383,2.3369256610847,38.1889687743401));
#5091=CARTESIAN_POINT('Origin',(0.,6.99149561275556,49.0932821174652));
#5092=CARTESIAN_POINT('',(15.,6.49218084537828,49.1194500955866));
#5093=CARTESIAN_POINT('',(15.,6.99149561275549,49.0932821174652));
#5094=CARTESIAN_POINT('',(0.,6.49218084537828,49.1194500955866));
#5095=CARTESIAN_POINT('Ctrl Pts',(15.,7.49516838096465,49.066885746198));
#5096=CARTESIAN_POINT('Ctrl Pts',(15.,1.06819645494798,49.403709072355));
#5097=CARTESIAN_POINT('Ctrl Pts',(15.2548741060641,7.48577815102706,48.8877094852296));
#5098=CARTESIAN_POINT('Ctrl Pts',(15.2548741060641,1.0588062250104,49.2245328113866));
#5099=CARTESIAN_POINT('Ctrl Pts',(15.7561158770067,7.46648895365991,48.5196496736705));
#5100=CARTESIAN_POINT('Ctrl Pts',(15.7561158770067,1.03951702764325,48.8564729998275));
#5101=CARTESIAN_POINT('Ctrl Pts',(16.4824588110627,7.4360289212825,47.9384376323645));
#5102=CARTESIAN_POINT('Ctrl Pts',(16.4824588110627,1.00905699526584,48.2752609585214));
#5103=CARTESIAN_POINT('Ctrl Pts',(17.399040382141,7.39231306045273,47.1042893164499));
#5104=CARTESIAN_POINT('Ctrl Pts',(17.399040382141,0.965341134436065,47.4411126426069));
#5105=CARTESIAN_POINT('Ctrl Pts',(18.4526395794089,7.33215842744832,45.9564705416925));
#5106=CARTESIAN_POINT('Ctrl Pts',(18.4526395794089,0.905186501431653,46.2932938678495));
#5107=CARTESIAN_POINT('Ctrl Pts',(19.4066609822954,7.26604843000141,44.6950166439827));
#5108=CARTESIAN_POINT('Ctrl Pts',(19.4066609822954,0.839076503984746,45.0318399701397));
#5109=CARTESIAN_POINT('Ctrl Pts',(20.2541967386645,7.19356993607556,43.3120445944629));
#5110=CARTESIAN_POINT('Ctrl Pts',(20.2541967386645,0.766598010058902,43.6488679206199));
#5111=CARTESIAN_POINT('Ctrl Pts',(20.9937398563016,7.11463281826939,41.8058346598681));
#5112=CARTESIAN_POINT('Ctrl Pts',(20.9937398563016,0.687660892252732,42.142657986025));
#5113=CARTESIAN_POINT('Ctrl Pts',(21.6318082245187,7.02962688644458,40.183824855451));
#5114=CARTESIAN_POINT('Ctrl Pts',(21.6318082245187,0.602654960427917,40.520648181608));
#5115=CARTESIAN_POINT('Ctrl Pts',(22.1770625373575,6.93907010336248,38.4558984994605));
#5116=CARTESIAN_POINT('Ctrl Pts',(22.1770625373575,0.512098177345817,38.7927218256174));
#5117=CARTESIAN_POINT('Ctrl Pts',(22.5455841737966,6.86257688823085,36.9963210058501));
#5118=CARTESIAN_POINT('Ctrl Pts',(22.5455841737966,0.435604962214192,37.3331443320071));
#5119=CARTESIAN_POINT('Ctrl Pts',(22.7863996927704,6.8030793307552,35.8610399790712));
#5120=CARTESIAN_POINT('Ctrl Pts',(22.7863996927704,0.37610740473854,36.1978633052282));
#5121=CARTESIAN_POINT('Ctrl Pts',(22.9313919601133,6.76248422237114,35.0864391671418));
#5122=CARTESIAN_POINT('Ctrl Pts',(22.9313919601133,0.335512296354482,35.4232624932988));
#5123=CARTESIAN_POINT('Ctrl Pts',(23.,6.74195413626156,34.694701787874));
#5124=CARTESIAN_POINT('Ctrl Pts',(23.,0.314982210244901,35.031525114031));
#5125=CARTESIAN_POINT('',(23.,2.99925533477217,34.8908483205854));
#5126=CARTESIAN_POINT('Ctrl Pts',(22.288671733383,2.33692566108471,38.1889687743402));
#5127=CARTESIAN_POINT('Ctrl Pts',(22.3296150890805,2.4053416290776,38.0315627579395));
#5128=CARTESIAN_POINT('Ctrl Pts',(22.3700882764934,2.46878589149908,37.8717389648581));
#5129=CARTESIAN_POINT('Ctrl Pts',(22.6313549125624,2.85071225859745,36.8108222881311));
#5130=CARTESIAN_POINT('Ctrl Pts',(22.831200462795,3.01243343612178,35.8566144735973));
#5131=CARTESIAN_POINT('Ctrl Pts',(23.,2.99925533477217,34.8908483205854));
#5132=CARTESIAN_POINT('',(23.,5.73896660067517,34.7472661372627));
#5133=CARTESIAN_POINT('',(23.,6.2382813680524,34.7210981591412));
#5134=CARTESIAN_POINT('Ctrl Pts',(15.,6.49218084537828,49.1194500955866));
#5135=CARTESIAN_POINT('Ctrl Pts',(16.324219513073,6.44339312854182,48.188525001948));
#5136=CARTESIAN_POINT('Ctrl Pts',(18.1388537353794,6.35664548630282,46.5332813830474));
#5137=CARTESIAN_POINT('Ctrl Pts',(20.4662497027345,6.18085877041479,43.1790710293011));
#5138=CARTESIAN_POINT('Ctrl Pts',(22.0124718024091,5.98415769143045,39.4257908545773));
#5139=CARTESIAN_POINT('Ctrl Pts',(22.7251923629221,5.82119930200427,36.3163595515244));
#5140=CARTESIAN_POINT('Ctrl Pts',(23.,5.73896660067517,34.7472661372627));
#5141=CARTESIAN_POINT('Origin',(15.,-5.,35.));
#5142=CARTESIAN_POINT('',(15.,2.02075453886375,38.8352321579044));
#5143=CARTESIAN_POINT('',(15.,2.02075453886375,38.8352321579044));
#5144=CARTESIAN_POINT('',(15.,-8.87298410209254,28.0000004182187));
#5145=CARTESIAN_POINT('Origin',(15.,-5.,35.));
#5146=CARTESIAN_POINT('',(23.,-8.87298410209254,28.0000004182187));
#5147=CARTESIAN_POINT('',(15.,-8.87298410209253,28.0000004182187));
#5148=CARTESIAN_POINT('Origin',(23.,-5.,35.));
#5149=CARTESIAN_POINT('Ctrl Pts',(-23.,5.73896660067517,34.7472661372627));
#5150=CARTESIAN_POINT('Ctrl Pts',(-22.7251923629221,5.82119930200427,36.3163595515243));
#5151=CARTESIAN_POINT('Ctrl Pts',(-22.0124718024091,5.98415769143045,39.4257908545772));
#5152=CARTESIAN_POINT('Ctrl Pts',(-20.4662497027344,6.18085877041479,43.1790710293012));
#5153=CARTESIAN_POINT('Ctrl Pts',(-18.1388537353794,6.35664548630282,46.5332813830474));
#5154=CARTESIAN_POINT('Ctrl Pts',(-16.3242195130733,6.44339312854181,48.1885250019478));
#5155=CARTESIAN_POINT('Ctrl Pts',(-15.,6.49218084537828,49.1194500955866));
#5156=CARTESIAN_POINT('Ctrl Pts',(-23.,5.86968690109362,34.7404153766105));
#5157=CARTESIAN_POINT('Ctrl Pts',(-22.7251856628901,5.95192160732235,36.3095470466362));
#5158=CARTESIAN_POINT('Ctrl Pts',(-22.0125254398964,6.11487442018576,39.4188719425326));
#5159=CARTESIAN_POINT('Ctrl Pts',(-20.4663533532515,6.31157561764732,43.1721543779364));
#5160=CARTESIAN_POINT('Ctrl Pts',(-18.1388446726551,6.4873698154834,46.5265074957563));
#5161=CARTESIAN_POINT('Ctrl Pts',(-16.3242931684326,6.57411071530381,48.1816224616461));
#5162=CARTESIAN_POINT('Ctrl Pts',(-15.,6.62290114579673,49.1125993349345));
#5163=CARTESIAN_POINT('Ctrl Pts',(-22.8931730106743,6.12900359734425,34.7081157158736));
#5164=CARTESIAN_POINT('Ctrl Pts',(-22.6190589782383,6.21102874627794,36.2732487945086));
#5165=CARTESIAN_POINT('Ctrl Pts',(-21.9080513578154,6.37354910683507,39.3743220088381));
#5166=CARTESIAN_POINT('Ctrl Pts',(-20.3690819750639,6.56924316273016,43.1083870383481));
#5167=CARTESIAN_POINT('Ctrl Pts',(-18.0575454046473,6.74382263283337,46.4395617702586));
#5168=CARTESIAN_POINT('Ctrl Pts',(-16.2541676610368,6.83004778091773,48.0848356067758));
#5169=CARTESIAN_POINT('Ctrl Pts',(-14.9375731412299,6.87855457302178,49.0104003371966));
#5170=CARTESIAN_POINT('Ctrl Pts',(-22.6364186468556,6.23495334619559,34.6575957191907));
#5171=CARTESIAN_POINT('Ctrl Pts',(-22.3639608453738,6.31648288901426,36.2132720698017));
#5172=CARTESIAN_POINT('Ctrl Pts',(-21.6571676462093,6.4779414592713,39.2940851182814));
#5173=CARTESIAN_POINT('Ctrl Pts',(-20.1357106421157,6.67121536708171,42.9819709713832));
#5174=CARTESIAN_POINT('Ctrl Pts',(-17.8621094730292,6.84290535315536,46.2580110635686));
#5175=CARTESIAN_POINT('Ctrl Pts',(-16.0859198033891,6.92786381929443,47.8791151687479));
#5176=CARTESIAN_POINT('Ctrl Pts',(-14.7875327019187,6.97569980239639,48.7918801009083));
#5177=CARTESIAN_POINT('Ctrl Pts',(-22.5074762237593,6.23377307883966,34.6350748764442));
#5178=CARTESIAN_POINT('Ctrl Pts',(-22.2358538634216,6.31505262648785,36.1859810350359));
#5179=CARTESIAN_POINT('Ctrl Pts',(-21.5311440169532,6.47598102659313,39.256677834382));
#5180=CARTESIAN_POINT('Ctrl Pts',(-20.018454289488,6.66803946737375,42.921371194949));
#5181=CARTESIAN_POINT('Ctrl Pts',(-17.7639662347466,6.8382742413664,46.1696441865072));
#5182=CARTESIAN_POINT('Ctrl Pts',(-16.0013850294671,6.92260028072512,47.7786808698457));
#5183=CARTESIAN_POINT('Ctrl Pts',(-14.7121821703076,6.97009789227403,48.684989288151));
#5184=CARTESIAN_POINT('',(-14.8404888666905,6.96532763463409,48.5939673500879));
#5185=CARTESIAN_POINT('Ctrl Pts',(-15.,6.49218084537828,49.1194500955866));
#5186=CARTESIAN_POINT('Ctrl Pts',(-15.,6.51778089511144,49.1181084538306));
#5187=CARTESIAN_POINT('Ctrl Pts',(-14.9993153101332,6.54312651772343,49.1147214952633));
#5188=CARTESIAN_POINT('Ctrl Pts',(-14.9980213195541,6.56802467247231,49.1094358367678));
#5189=CARTESIAN_POINT('Ctrl Pts',(-14.996680998242,6.59381429411296,49.1039609277194));
#5190=CARTESIAN_POINT('Ctrl Pts',(-14.9946868108464,6.61912505166103,49.0964486586629));
#5191=CARTESIAN_POINT('Ctrl Pts',(-14.9920888654822,6.64373924223079,49.0870184343641));
#5192=CARTESIAN_POINT('Ctrl Pts',(-14.9911044834213,6.65306575385629,49.0834452477381));
#5193=CARTESIAN_POINT('Ctrl Pts',(-14.9900330955071,6.66229212889329,49.079596284914));
#5194=CARTESIAN_POINT('Ctrl Pts',(-14.9888763002761,6.67140583151207,49.0754766170053));
#5195=CARTESIAN_POINT('Ctrl Pts',(-14.9858476553265,6.69526672639451,49.0646907742987));
#5196=CARTESIAN_POINT('Ctrl Pts',(-14.982263272717,6.71813483032205,49.0521526153446));
#5197=CARTESIAN_POINT('Ctrl Pts',(-14.9781679751865,6.73982415895511,49.0380229243994));
#5198=CARTESIAN_POINT('Ctrl Pts',(-14.9740042211227,6.76187604396823,49.0236570431282));
#5199=CARTESIAN_POINT('Ctrl Pts',(-14.9693120362571,6.7827106841612,49.00764552958));
#5200=CARTESIAN_POINT('Ctrl Pts',(-14.9641081247786,6.80211810920284,48.9901168016401));
#5201=CARTESIAN_POINT('Ctrl Pts',(-14.9620416373706,6.80982485049463,48.9831560960794));
#5202=CARTESIAN_POINT('Ctrl Pts',(-14.9598941471215,6.81730626937328,48.9759557335868));
#5203=CARTESIAN_POINT('Ctrl Pts',(-14.9576655556352,6.82454790810743,48.9685222624267));
#5204=CARTESIAN_POINT('Ctrl Pts',(-14.9563034293436,6.82897403401451,48.963978887579));
#5205=CARTESIAN_POINT('Ctrl Pts',(-14.9549135112517,6.83330230621738,48.9593569081327));
#5206=CARTESIAN_POINT('Ctrl Pts',(-14.9534961015053,6.83753025765726,48.9546586058955));
#5207=CARTESIAN_POINT('Ctrl Pts',(-14.9478425196902,6.85439416693693,48.93591862181));
#5208=CARTESIAN_POINT('Ctrl Pts',(-14.9417536356831,6.86966438000897,48.915967295421));
#5209=CARTESIAN_POINT('Ctrl Pts',(-14.9353202829634,6.88332811193565,48.8950429753485));
#5210=CARTESIAN_POINT('Ctrl Pts',(-14.9286039501923,6.8975928622943,48.873198269681));
#5211=CARTESIAN_POINT('Ctrl Pts',(-14.9215116125696,6.91010738197828,48.85029230189));
#5212=CARTESIAN_POINT('Ctrl Pts',(-14.9141226990981,6.92081941569236,48.8265626437533));
#5213=CARTESIAN_POINT('Ctrl Pts',(-14.9120974560797,6.92375549981018,48.8200585312537));
#5214=CARTESIAN_POINT('Ctrl Pts',(-14.9100498275123,6.92655592496562,48.813492390133));
#5215=CARTESIAN_POINT('Ctrl Pts',(-14.9079812445146,6.92921904040838,48.8068688242219));
#5216=CARTESIAN_POINT('Ctrl Pts',(-14.9002905226816,6.93912015634261,48.7822432699065));
#5217=CARTESIAN_POINT('Ctrl Pts',(-14.8923504934259,6.94707730554816,48.7569482013684));
#5218=CARTESIAN_POINT('Ctrl Pts',(-14.8842366910498,6.95303225530815,48.7312304329471));
#5219=CARTESIAN_POINT('Ctrl Pts',(-14.8813774551324,6.95513072966719,48.7221677070168));
#5220=CARTESIAN_POINT('Ctrl Pts',(-14.8784965076239,6.95698015783124,48.7130522931252));
#5221=CARTESIAN_POINT('Ctrl Pts',(-14.8755968187994,6.95857658224633,48.7038944859228));
#5222=CARTESIAN_POINT('Ctrl Pts',(-14.8673596232548,6.96311157233496,48.6778797466692));
#5223=CARTESIAN_POINT('Ctrl Pts',(-14.858995464816,6.96559547220661,48.6515984151285));
#5224=CARTESIAN_POINT('Ctrl Pts',(-14.8505708905547,6.96593902258041,48.6252861746905));
#5225=CARTESIAN_POINT('Ctrl Pts',(-14.8475641365818,6.96606163666384,48.6158952629344));
#5226=CARTESIAN_POINT('Ctrl Pts',(-14.8445496401903,6.96591114608411,48.6065003342723));
#5227=CARTESIAN_POINT('Ctrl Pts',(-14.8415303703755,6.96548187085373,48.5971119787632));
#5228=CARTESIAN_POINT('Ctrl Pts',(-14.8411915380771,6.96543369618838,48.5960583869116));
#5229=CARTESIAN_POINT('Ctrl Pts',(-14.8408526644524,6.96538201227295,48.5950049372475));
#5230=CARTESIAN_POINT('Ctrl Pts',(-14.8405137536882,6.96532681155525,48.5939516448079));
#5231=CARTESIAN_POINT('',(-22.5,6.23600356882813,34.6776351607946));
#5232=CARTESIAN_POINT('Ctrl Pts',(-14.8404898670374,6.96532770767105,48.5939687437161));
#5233=CARTESIAN_POINT('Ctrl Pts',(-16.0793799485933,6.91885040470446,47.7071289729335));
#5234=CARTESIAN_POINT('Ctrl Pts',(-17.7939722258611,6.83600851052561,46.1264114666366));
#5235=CARTESIAN_POINT('Ctrl Pts',(-20.018454289488,6.66803946737375,42.921371194949));
#5236=CARTESIAN_POINT('Ctrl Pts',(-21.5256086057346,6.47668382930832,39.2700881090552));
#5237=CARTESIAN_POINT('Ctrl Pts',(-22.2293963963706,6.31652469420652,36.2140697603895));
#5238=CARTESIAN_POINT('Ctrl Pts',(-22.5000012766136,6.23600358057942,34.6776353850226));
#5239=CARTESIAN_POINT('Ctrl Pts',(-22.5000004374038,6.23600383029436,34.6776401498675));
#5240=CARTESIAN_POINT('Ctrl Pts',(-22.5010649273729,6.23600869299961,34.677732935811));
#5241=CARTESIAN_POINT('Ctrl Pts',(-22.502129377501,6.23600997425863,34.677825900901));
#5242=CARTESIAN_POINT('Ctrl Pts',(-22.5031937730371,6.23600768267467,34.6779190435428));
#5243=CARTESIAN_POINT('Ctrl Pts',(-22.5291954384832,6.2359517025455,34.6801943854897));
#5244=CARTESIAN_POINT('Ctrl Pts',(-22.5550649643603,6.23376832179607,34.6825669064099));
#5245=CARTESIAN_POINT('Ctrl Pts',(-22.5805907911814,6.22960322604079,34.6850121297724));
#5246=CARTESIAN_POINT('Ctrl Pts',(-22.6067263162006,6.2253386447176,34.6875157586194));
#5247=CARTESIAN_POINT('Ctrl Pts',(-22.6325028007747,6.21899620777908,34.6900958464971));
#5248=CARTESIAN_POINT('Ctrl Pts',(-22.6576873354448,6.2106788383269,34.6927281834926));
#5249=CARTESIAN_POINT('Ctrl Pts',(-22.6709476771462,6.20629951734927,34.6941141804344));
#5250=CARTESIAN_POINT('Ctrl Pts',(-22.6840436981269,6.20137183288854,34.6955146741393));
#5251=CARTESIAN_POINT('Ctrl Pts',(-22.6969388933719,6.19590556169349,34.6969259952115));
#5252=CARTESIAN_POINT('Ctrl Pts',(-22.7213900296483,6.18554072894963,34.6996020620108));
#5253=CARTESIAN_POINT('Ctrl Pts',(-22.7449324790465,6.17332201375479,34.7022966619465));
#5254=CARTESIAN_POINT('Ctrl Pts',(-22.7673404736329,6.15936600422963,34.7049827788132));
#5255=CARTESIAN_POINT('Ctrl Pts',(-22.789299960199,6.14568933171424,34.7076151316113));
#5256=CARTESIAN_POINT('Ctrl Pts',(-22.8101710705913,6.13034354741472,34.7102395722269));
#5257=CARTESIAN_POINT('Ctrl Pts',(-22.8297166931908,6.11339621848916,34.7128286891664));
#5258=CARTESIAN_POINT('Ctrl Pts',(-22.8378831776846,6.10631534407974,34.7139104650593));
#5259=CARTESIAN_POINT('Ctrl Pts',(-22.845817875968,6.09895442996534,34.7149860304005));
#5260=CARTESIAN_POINT('Ctrl Pts',(-22.8535014718491,6.09131656469405,34.7160531322102));
#5261=CARTESIAN_POINT('Ctrl Pts',(-22.8545661242403,6.09025824881565,34.7162009916904));
#5262=CARTESIAN_POINT('Ctrl Pts',(-22.8556259533845,6.08919461408813,34.7163486883683));
#5263=CARTESIAN_POINT('Ctrl Pts',(-22.8566809379538,6.08812570025663,34.7164962198726));
#5264=CARTESIAN_POINT('Ctrl Pts',(-22.874885460859,6.06968081784255,34.7190419828421));
#5265=CARTESIAN_POINT('Ctrl Pts',(-22.8915126993494,6.04980689666899,34.7215197601122));
#5266=CARTESIAN_POINT('Ctrl Pts',(-22.9065040975288,6.02875336646144,34.7239182836356));
#5267=CARTESIAN_POINT('Ctrl Pts',(-22.9217946556981,6.00727970373467,34.7263646707581));
#5268=CARTESIAN_POINT('Ctrl Pts',(-22.9353841047275,5.98457771633913,34.7287287905145));
#5269=CARTESIAN_POINT('Ctrl Pts',(-22.9471690567098,5.96087893951204,34.7309930594587));
#5270=CARTESIAN_POINT('Ctrl Pts',(-22.9525878740341,5.94998204806697,34.7320341888413));
#5271=CARTESIAN_POINT('Ctrl Pts',(-22.9576245491885,5.93887406636564,34.7330541132378));
#5272=CARTESIAN_POINT('Ctrl Pts',(-22.9622655699749,5.92757628330397,34.7340505689564));
#5273=CARTESIAN_POINT('Ctrl Pts',(-22.9723553806228,5.90301433948187,34.736216913384));
#5274=CARTESIAN_POINT('Ctrl Pts',(-22.9804988522038,5.87774986838919,34.7382558252682));
#5275=CARTESIAN_POINT('Ctrl Pts',(-22.9866127450018,5.85202302495811,34.7401448613461));
#5276=CARTESIAN_POINT('Ctrl Pts',(-22.9925976010358,5.82683915941941,34.7419940283731));
#5277=CARTESIAN_POINT('Ctrl Pts',(-22.9966379886975,5.80121096598338,34.7436997070469));
#5278=CARTESIAN_POINT('Ctrl Pts',(-22.9986097088613,5.77535006126389,34.7452332126034));
#5279=CARTESIAN_POINT('Ctrl Pts',(-22.9995310448597,5.76326590099228,34.7459497817692));
#5280=CARTESIAN_POINT('Ctrl Pts',(-23.,5.75113084795852,34.7466286360759));
#5281=CARTESIAN_POINT('Ctrl Pts',(-23.,5.73896660067517,34.7472661372627));
#5282=CARTESIAN_POINT('Origin',(0.,6.46601286725681,48.6201353282094));
#5283=CARTESIAN_POINT('',(14.8404888666905,6.96532763463409,48.5939673500879));
#5284=CARTESIAN_POINT('Ctrl Pts',(15.,6.49218084537828,49.1194500955866));
#5285=CARTESIAN_POINT('Ctrl Pts',(15.,6.51778089506884,49.1181084538328));
#5286=CARTESIAN_POINT('Ctrl Pts',(14.9993153101347,6.54312651764545,49.1147214952748));
#5287=CARTESIAN_POINT('Ctrl Pts',(14.998021319558,6.56802467236736,49.1094358367912));
#5288=CARTESIAN_POINT('Ctrl Pts',(14.9966809982503,6.59381429394059,49.1039609277636));
#5289=CARTESIAN_POINT('Ctrl Pts',(14.9946868108619,6.61912505143175,49.096448658737));
#5290=CARTESIAN_POINT('Ctrl Pts',(14.9920888655069,6.6437392419563,49.0870184344723));
#5291=CARTESIAN_POINT('Ctrl Pts',(14.9911044837614,6.65306575060914,49.0834452489915));
#5292=CARTESIAN_POINT('Ctrl Pts',(14.990033096218,6.66229212273859,49.0795962874881));
#5293=CARTESIAN_POINT('Ctrl Pts',(14.9888763014117,6.67140582252695,49.0754766210703));
#5294=CARTESIAN_POINT('Ctrl Pts',(14.9858476566052,6.69526671763318,49.0646907788164));
#5295=CARTESIAN_POINT('Ctrl Pts',(14.9822632741323,6.71813482181976,49.0521526202903));
#5296=CARTESIAN_POINT('Ctrl Pts',(14.9781679767335,6.73982415074534,49.03802292975));
#5297=CARTESIAN_POINT('Ctrl Pts',(14.9740042227946,6.76187603610343,49.0236570488596));
#5298=CARTESIAN_POINT('Ctrl Pts',(14.9693120380465,6.78271067667072,49.0076455356613));
#5299=CARTESIAN_POINT('Ctrl Pts',(14.9641081266793,6.80211810211386,48.990116808043));
#5300=CARTESIAN_POINT('Ctrl Pts',(14.9620416393566,6.80982484341159,48.9831561027486));
#5301=CARTESIAN_POINT('Ctrl Pts',(14.9598941491952,6.81730626230945,48.9759557405274));
#5302=CARTESIAN_POINT('Ctrl Pts',(14.9576655577989,6.82454790107684,48.9685222696436));
#5303=CARTESIAN_POINT('Ctrl Pts',(14.9563034308155,6.82897402943072,48.9639788924739));
#5304=CARTESIAN_POINT('Ctrl Pts',(14.9549135120021,6.83330230397844,48.9593569106209));
#5305=CARTESIAN_POINT('Ctrl Pts',(14.9534961015051,6.83753025765727,48.9546586058956));
#5306=CARTESIAN_POINT('Ctrl Pts',(14.9478425196869,6.85439416694567,48.9359186218005));
#5307=CARTESIAN_POINT('Ctrl Pts',(14.9417536356747,6.86966438003032,48.9159672953943));
#5308=CARTESIAN_POINT('Ctrl Pts',(14.935320282947,6.88332811197057,48.8950429752951));
#5309=CARTESIAN_POINT('Ctrl Pts',(14.9286039501805,6.89759286231547,48.8731982696423));
#5310=CARTESIAN_POINT('Ctrl Pts',(14.9215116125606,6.9101073819936,48.8502923018599));
#5311=CARTESIAN_POINT('Ctrl Pts',(14.9141226990889,6.92081941570592,48.8265626437232));
#5312=CARTESIAN_POINT('Ctrl Pts',(14.9120974570646,6.923755498382,48.8200585344162));
#5313=CARTESIAN_POINT('Ctrl Pts',(14.910049829513,6.92655592222918,48.8134923965484));
#5314=CARTESIAN_POINT('Ctrl Pts',(14.9079812475508,6.92921903649956,48.8068688339437));
#5315=CARTESIAN_POINT('Ctrl Pts',(14.9002905257952,6.93912015293171,48.7822432798416));
#5316=CARTESIAN_POINT('Ctrl Pts',(14.892350496605,6.94707730264781,48.7569482114794));
#5317=CARTESIAN_POINT('Ctrl Pts',(14.8842366942838,6.95303225293465,48.7312304431976));
#5318=CARTESIAN_POINT('Ctrl Pts',(14.8813774578422,6.95513072787824,48.7221677155938));
#5319=CARTESIAN_POINT('Ctrl Pts',(14.8784965098,6.95698015653422,48.713052300004));
#5320=CARTESIAN_POINT('Ctrl Pts',(14.8755968204339,6.95857658134647,48.7038944910848));
#5321=CARTESIAN_POINT('Ctrl Pts',(14.8673596246806,6.96311157183119,48.677879751154));
#5322=CARTESIAN_POINT('Ctrl Pts',(14.8589954660283,6.96559547199102,48.6515984188955));
#5323=CARTESIAN_POINT('Ctrl Pts',(14.8505708915387,6.96593902254031,48.6252861777411));
#5324=CARTESIAN_POINT('Ctrl Pts',(14.8475641372404,6.96606163669631,48.6158952649675));
#5325=CARTESIAN_POINT('Ctrl Pts',(14.8445496405203,6.96591114613051,48.6065003352875));
#5326=CARTESIAN_POINT('Ctrl Pts',(14.841530370374,6.96548187085379,48.5971119787645));
#5327=CARTESIAN_POINT('Ctrl Pts',(14.8411915380752,6.96543369618847,48.5960583869133));
#5328=CARTESIAN_POINT('Ctrl Pts',(14.8408526644523,6.96538201227294,48.5950049372473));
#5329=CARTESIAN_POINT('Ctrl Pts',(14.8405137536882,6.96532681155525,48.5939516448079));
#5330=CARTESIAN_POINT('',(0.,6.96532763463409,48.5939673500879));
#5331=CARTESIAN_POINT('Ctrl Pts',(15.,6.49218084537828,49.1194500955866));
#5332=CARTESIAN_POINT('Ctrl Pts',(16.324219513073,6.44339312854182,48.188525001948));
#5333=CARTESIAN_POINT('Ctrl Pts',(18.1388537353794,6.35664548630282,46.5332813830474));
#5334=CARTESIAN_POINT('Ctrl Pts',(20.4662497027345,6.18085877041479,43.1790710293011));
#5335=CARTESIAN_POINT('Ctrl Pts',(22.0124718024091,5.98415769143045,39.4257908545773));
#5336=CARTESIAN_POINT('Ctrl Pts',(22.7251923629221,5.82119930200427,36.3163595515244));
#5337=CARTESIAN_POINT('Ctrl Pts',(23.,5.73896660067517,34.7472661372627));
#5338=CARTESIAN_POINT('Ctrl Pts',(15.,6.62290114579673,49.1125993349345));
#5339=CARTESIAN_POINT('Ctrl Pts',(16.3242931684323,6.57411071530383,48.1816224616464));
#5340=CARTESIAN_POINT('Ctrl Pts',(18.1388446726552,6.48736981548341,46.5265074957564));
#5341=CARTESIAN_POINT('Ctrl Pts',(20.4663533532515,6.31157561764731,43.1721543779363));
#5342=CARTESIAN_POINT('Ctrl Pts',(22.0125254398964,6.11487442018576,39.4188719425326));
#5343=CARTESIAN_POINT('Ctrl Pts',(22.7251856628901,5.95192160732236,36.3095470466363));
#5344=CARTESIAN_POINT('Ctrl Pts',(23.,5.86968690109362,34.7404153766105));
#5345=CARTESIAN_POINT('Ctrl Pts',(14.9375731412299,6.87855457302179,49.0104003371966));
#5346=CARTESIAN_POINT('Ctrl Pts',(16.2541676610364,6.83004778091774,48.0848356067761));
#5347=CARTESIAN_POINT('Ctrl Pts',(18.0575454046474,6.74382263283337,46.4395617702587));
#5348=CARTESIAN_POINT('Ctrl Pts',(20.3690819750639,6.56924316273016,43.108387038348));
#5349=CARTESIAN_POINT('Ctrl Pts',(21.9080513578154,6.37354910683508,39.3743220088381));
#5350=CARTESIAN_POINT('Ctrl Pts',(22.6190589782383,6.21102874627795,36.2732487945087));
#5351=CARTESIAN_POINT('Ctrl Pts',(22.8931730106743,6.12900359734426,34.7081157158736));
#5352=CARTESIAN_POINT('Ctrl Pts',(14.7875327019187,6.97569980239639,48.7918801009083));
#5353=CARTESIAN_POINT('Ctrl Pts',(16.0859198033888,6.92786381929444,47.8791151687481));
#5354=CARTESIAN_POINT('Ctrl Pts',(17.8621094730292,6.84290535315536,46.2580110635686));
#5355=CARTESIAN_POINT('Ctrl Pts',(20.1357106421156,6.67121536708171,42.9819709713832));
#5356=CARTESIAN_POINT('Ctrl Pts',(21.6571676462092,6.47794145927131,39.2940851182815));
#5357=CARTESIAN_POINT('Ctrl Pts',(22.3639608453738,6.31648288901427,36.2132720698018));
#5358=CARTESIAN_POINT('Ctrl Pts',(22.6364186468556,6.2349533461956,34.6575957191908));
#5359=CARTESIAN_POINT('Ctrl Pts',(14.7121821703076,6.97009789227403,48.684989288151));
#5360=CARTESIAN_POINT('Ctrl Pts',(16.0013850294668,6.92260028072513,47.7786808698459));
#5361=CARTESIAN_POINT('Ctrl Pts',(17.7639662347466,6.8382742413664,46.1696441865073));
#5362=CARTESIAN_POINT('Ctrl Pts',(20.0184542894879,6.66803946737375,42.921371194949));
#5363=CARTESIAN_POINT('Ctrl Pts',(21.5311440169532,6.47598102659313,39.2566778343821));
#5364=CARTESIAN_POINT('Ctrl Pts',(22.2358538634216,6.31505262648786,36.1859810350359));
#5365=CARTESIAN_POINT('Ctrl Pts',(22.5074762237593,6.23377307883968,34.6350748764442));
#5366=CARTESIAN_POINT('',(22.5,6.23600356882814,34.6776351607947));
#5367=CARTESIAN_POINT('Ctrl Pts',(23.,5.73896660067517,34.7472661372627));
#5368=CARTESIAN_POINT('Ctrl Pts',(23.,5.76488372322197,34.7459078784246));
#5369=CARTESIAN_POINT('Ctrl Pts',(22.9978746170488,5.7906680372668,34.7443625317757));
#5370=CARTESIAN_POINT('Ctrl Pts',(22.9937701688384,5.81611092303891,34.74266269068));
#5371=CARTESIAN_POINT('Ctrl Pts',(22.9895577847409,5.84222288789458,34.7409181483608));
#5372=CARTESIAN_POINT('Ctrl Pts',(22.9832605516198,5.86797651416094,34.7390107531368));
#5373=CARTESIAN_POINT('Ctrl Pts',(22.9749837116401,5.89314069199263,34.736966455614));
#5374=CARTESIAN_POINT('Ctrl Pts',(22.9711642525759,5.90475304010463,34.7360230870431));
#5375=CARTESIAN_POINT('Ctrl Pts',(22.9669225425652,5.91623966828738,34.7350504496242));
#5376=CARTESIAN_POINT('Ctrl Pts',(22.9622655698324,5.9275762836509,34.7340505689258));
#5377=CARTESIAN_POINT('Ctrl Pts',(22.952182226589,5.95212248361518,34.7318856130925));
#5378=CARTESIAN_POINT('Ctrl Pts',(22.9402345090315,5.97577365378049,34.7296104140611));
#5379=CARTESIAN_POINT('Ctrl Pts',(22.9265474440133,5.99830780122315,34.7272459583805));
#5380=CARTESIAN_POINT('Ctrl Pts',(22.9130604227273,6.02051260012016,34.7249160604768));
#5381=CARTESIAN_POINT('Ctrl Pts',(22.8978838767905,6.04163396106102,34.7224993182184));
#5382=CARTESIAN_POINT('Ctrl Pts',(22.8810943478081,6.06143635056115,34.7200093316291));
#5383=CARTESIAN_POINT('Ctrl Pts',(22.8733028071686,6.07062607367437,34.7188538000044));
#5384=CARTESIAN_POINT('Ctrl Pts',(22.8651633381563,6.07953130451818,34.7176824185128));
#5385=CARTESIAN_POINT('Ctrl Pts',(22.8566809376907,6.08812570052322,34.7164962198358));
#5386=CARTESIAN_POINT('Ctrl Pts',(22.8556259532083,6.08919461426498,34.7163486883437));
#5387=CARTESIAN_POINT('Ctrl Pts',(22.8545661241518,6.09025824890364,34.7162009916781));
#5388=CARTESIAN_POINT('Ctrl Pts',(22.8535014718491,6.09131656469406,34.7160531322102));
#5389=CARTESIAN_POINT('Ctrl Pts',(22.8351827991915,6.1095262097446,34.7135090253824));
#5390=CARTESIAN_POINT('Ctrl Pts',(22.8154396634886,6.1261639820124,34.7109171778716));
#5391=CARTESIAN_POINT('Ctrl Pts',(22.7945217898529,6.1411782033991,34.7083065471906));
#5392=CARTESIAN_POINT('Ctrl Pts',(22.7730876700195,6.15656297080009,34.7056314870085));
#5393=CARTESIAN_POINT('Ctrl Pts',(22.7504189884107,6.1702437519263,34.702936468173));
#5394=CARTESIAN_POINT('Ctrl Pts',(22.7267503329492,6.18212357253647,34.70024894893));
#5395=CARTESIAN_POINT('Ctrl Pts',(22.7169787298977,6.18702815579486,34.6991394067644));
#5396=CARTESIAN_POINT('Ctrl Pts',(22.70703638938,6.19162523476481,34.6980311206956));
#5397=CARTESIAN_POINT('Ctrl Pts',(22.6969388930245,6.19590556184077,34.6969259951736));
#5398=CARTESIAN_POINT('Ctrl Pts',(22.6724656595683,6.20627976155433,34.6942475099385));
#5399=CARTESIAN_POINT('Ctrl Pts',(22.6472706624605,6.21471678077805,34.6916081421987));
#5400=CARTESIAN_POINT('Ctrl Pts',(22.6215971559988,6.22113907238974,34.6890324948142));
#5401=CARTESIAN_POINT('Ctrl Pts',(22.5963808538659,6.22744699319938,34.6865027156142));
#5402=CARTESIAN_POINT('Ctrl Pts',(22.57070166913,6.2318116706052,34.6840341656388));
#5403=CARTESIAN_POINT('Ctrl Pts',(22.5447749828065,6.23411307853858,34.6816502008052));
#5404=CARTESIAN_POINT('Ctrl Pts',(22.5309740110705,6.23533813543345,34.6803811982463));
#5405=CARTESIAN_POINT('Ctrl Pts',(22.5171027649948,6.23597773739413,34.679136185303));
#5406=CARTESIAN_POINT('Ctrl Pts',(22.5031937730379,6.23600768267466,34.6779190435427));
#5407=CARTESIAN_POINT('Ctrl Pts',(22.5021293775018,6.23600997425863,34.6778259009008));
#5408=CARTESIAN_POINT('Ctrl Pts',(22.5010649273729,6.23600869299962,34.6777329358112));
#5409=CARTESIAN_POINT('Ctrl Pts',(22.5000004374038,6.23600383029437,34.6776401498676));
#5410=CARTESIAN_POINT('Ctrl Pts',(22.5000012766135,6.23600358057943,34.6776353850227));
#5411=CARTESIAN_POINT('Ctrl Pts',(22.2293963963706,6.31652469420654,36.2140697603896));
#5412=CARTESIAN_POINT('Ctrl Pts',(21.5256086057346,6.47668382930833,39.2700881090553));
#5413=CARTESIAN_POINT('Ctrl Pts',(20.0184542894879,6.66803946737375,42.921371194949));
#5414=CARTESIAN_POINT('Ctrl Pts',(17.7939722258611,6.83600851052561,46.1264114666367));
#5415=CARTESIAN_POINT('Ctrl Pts',(16.079379948593,6.91885040470448,47.7071289729337));
#5416=CARTESIAN_POINT('Ctrl Pts',(14.8404898670374,6.96532770767106,48.593968743716));
#5417=CARTESIAN_POINT('Origin',(22.5,4.50068523262271,11.1194500955866));
#5418=CARTESIAN_POINT('',(23.,4.49931382700104,11.0932821174652));
#5419=CARTESIAN_POINT('',(23.,4.50068523262271,11.1194500955866));
#5420=CARTESIAN_POINT('',(22.5,5.,11.0932821174652));
#5421=CARTESIAN_POINT('Origin',(22.5,4.49931382700104,11.0932821174652));
#5422=CARTESIAN_POINT('',(22.5,5.,11.0932821174652));
#5423=CARTESIAN_POINT('Origin',(-22.5,5.4964330390005,30.1194500955866));
#5424=CARTESIAN_POINT('',(-22.5,5.,11.0932821174652));
#5425=CARTESIAN_POINT('',(-22.5,5.99574780637778,30.0932821174652));
#5426=CARTESIAN_POINT('',(-23.,4.49931382700104,11.0932821174652));
#5427=CARTESIAN_POINT('Origin',(-22.5,4.49931382700104,11.0932821174652));
#5428=CARTESIAN_POINT('',(-23.,5.4964330390005,30.1194500955866));
#5429=CARTESIAN_POINT('Origin',(-23.,6.99149561275555,49.0932821174652));
#5430=CARTESIAN_POINT('',(-23.,-10.,11.0932821174652));
#5431=CARTESIAN_POINT('',(-23.,-10.,11.0932821174652));
#5432=CARTESIAN_POINT('',(-23.,-9.99999995478184,28.0000004172325));
#5433=CARTESIAN_POINT('',(-23.,-9.9999998849936,54.0932821174652));
#5434=CARTESIAN_POINT('',(-23.,-8.87298410209253,28.0000004182187));
#5435=CARTESIAN_POINT('',(-23.,-5.18861814584775,28.0000004214426));
#5436=CARTESIAN_POINT('Origin',(-23.,-5.,35.));
#5437=CARTESIAN_POINT('Origin',(13.,-6.88663937739519,45.8930510355557));
#5438=CARTESIAN_POINT('',(13.5,-7.03896977999757,47.0196138888736));
#5439=CARTESIAN_POINT('Ctrl Pts',(13.,-7.56055369938308,47.1455912740641));
#5440=CARTESIAN_POINT('Ctrl Pts',(13.0260351712899,-7.56055374918472,47.1455912857471));
#5441=CARTESIAN_POINT('Ctrl Pts',(13.0520205159699,-7.55843438879203,47.1450942744115));
#5442=CARTESIAN_POINT('Ctrl Pts',(13.0777182973415,-7.55422015371248,47.1441049819161));
#5443=CARTESIAN_POINT('Ctrl Pts',(13.1162596323147,-7.54789967633319,47.1426212486357));
#5444=CARTESIAN_POINT('Ctrl Pts',(13.1537913661309,-7.53692722532842,47.1400446422868));
#5445=CARTESIAN_POINT('Ctrl Pts',(13.189585434054,-7.52163849992876,47.1364429432117));
#5446=CARTESIAN_POINT('Ctrl Pts',(13.2463614914885,-7.49738773431981,47.1307299777563));
#5447=CARTESIAN_POINT('Ctrl Pts',(13.2977089897915,-7.46274250043435,47.122547520391));
#5448=CARTESIAN_POINT('Ctrl Pts',(13.3415322572201,-7.42000198568631,47.1123673804296));
#5449=CARTESIAN_POINT('Ctrl Pts',(13.3907025962295,-7.3720465108231,47.1009451163576));
#5450=CARTESIAN_POINT('Ctrl Pts',(13.4294333424046,-7.31487181361899,47.0872351208513));
#5451=CARTESIAN_POINT('Ctrl Pts',(13.4562802267867,-7.25235354163063,47.0720709925093));
#5452=CARTESIAN_POINT('Ctrl Pts',(13.4796470674003,-7.19793923879406,47.058872523556));
#5453=CARTESIAN_POINT('Ctrl Pts',(13.4937380227165,-7.14013092785358,47.0447303636646));
#5454=CARTESIAN_POINT('Ctrl Pts',(13.498334316344,-7.08147383390689,47.0302359580023));
#5455=CARTESIAN_POINT('Ctrl Pts',(13.4994437465669,-7.06731547978755,47.026737371313));
#5456=CARTESIAN_POINT('Ctrl Pts',(13.5,-7.05310749463442,47.0232184173194));
#5457=CARTESIAN_POINT('Ctrl Pts',(13.5,-7.0388853173721,47.0196877201063));
#5458=CARTESIAN_POINT('',(13.5,-6.88663937739519,45.8930510355557));
#5459=CARTESIAN_POINT('Origin',(-13.,-6.92142796741844,46.1503308206168));
#5460=CARTESIAN_POINT('',(-13.5,-7.03896977999723,47.0196138888735));
#5461=CARTESIAN_POINT('Ctrl Pts',(-13.5,-7.03888531737212,47.0196877201063));
#5462=CARTESIAN_POINT('Ctrl Pts',(-13.5,-7.09193331316028,47.0328570406284));
#5463=CARTESIAN_POINT('Ctrl Pts',(-13.4922610856764,-7.14485566527113,47.045878456243));
#5464=CARTESIAN_POINT('Ctrl Pts',(-13.4768808386155,-7.19579812992364,47.0583109647885));
#5465=CARTESIAN_POINT('Ctrl Pts',(-13.4604094746952,-7.25035459257078,47.0716254695479));
#5466=CARTESIAN_POINT('Ctrl Pts',(-13.4353017557264,-7.3022103961435,47.0841599594289));
#5467=CARTESIAN_POINT('Ctrl Pts',(-13.4021250397571,-7.34904470485066,47.0954012950879));
#5468=CARTESIAN_POINT('Ctrl Pts',(-13.3632589670482,-7.40391046218375,47.1085703673214));
#5469=CARTESIAN_POINT('Ctrl Pts',(-13.3139245132248,-7.45101339827804,47.1197579277567));
#5470=CARTESIAN_POINT('Ctrl Pts',(-13.2562757808374,-7.48688850265928,47.128241174747));
#5471=CARTESIAN_POINT('Ctrl Pts',(-13.215956495105,-7.511979402742,47.1341743227135));
#5472=CARTESIAN_POINT('Ctrl Pts',(-13.1721585198021,-7.53119974342038,47.1386961960565));
#5473=CARTESIAN_POINT('Ctrl Pts',(-13.1260778299335,-7.5437147700601,47.141637439968));
#5474=CARTESIAN_POINT('Ctrl Pts',(-13.0937881653842,-7.55248430048976,47.1436984286279));
#5475=CARTESIAN_POINT('Ctrl Pts',(-13.0606657672579,-7.55788172194575,47.1449644114449));
#5476=CARTESIAN_POINT('Ctrl Pts',(-13.0272026199512,-7.55978192384954,47.1454102160683));
#5477=CARTESIAN_POINT('Ctrl Pts',(-13.0181380931838,-7.56029665221213,47.1455309760167));
#5478=CARTESIAN_POINT('Ctrl Pts',(-13.0090671885322,-7.56055369832243,47.1455912738153));
#5479=CARTESIAN_POINT('Ctrl Pts',(-13.,-7.56055369938332,47.1455912740642));
#5480=CARTESIAN_POINT('',(-13.5,-6.92142796741844,46.1503308206168));
#5481=CARTESIAN_POINT('Ctrl Pts',(13.5,3.04774265760039,42.1122908352622));
#5482=CARTESIAN_POINT('Ctrl Pts',(-13.5,3.04774265760039,42.1122908352622));
#5483=CARTESIAN_POINT('Ctrl Pts',(13.5,3.02017446440905,42.135721192411));
#5484=CARTESIAN_POINT('Ctrl Pts',(-13.5,3.02017446440905,42.135721192411));
#5485=CARTESIAN_POINT('Ctrl Pts',(13.5,2.99260627121771,42.1591515495598));
#5486=CARTESIAN_POINT('Ctrl Pts',(-13.5,2.99260627121771,42.1591515495598));
#5487=CARTESIAN_POINT('Ctrl Pts',(13.5,2.96503807802637,42.1825819067085));
#5488=CARTESIAN_POINT('Ctrl Pts',(-13.5,2.96503807802637,42.1825819067085));
#5489=CARTESIAN_POINT('Ctrl Pts',(13.5,1.06237861835531,43.799662517077));
#5490=CARTESIAN_POINT('Ctrl Pts',(-13.5,1.06237861835531,43.799662517077));
#5491=CARTESIAN_POINT('Ctrl Pts',(13.5,-1.17834159057509,45.1187661418818));
#5492=CARTESIAN_POINT('Ctrl Pts',(-13.5,-1.17834159057509,45.1187661418818));
#5493=CARTESIAN_POINT('Ctrl Pts',(13.5,-3.84944984731851,46.0689871865693));
#5494=CARTESIAN_POINT('Ctrl Pts',(-13.5,-3.84944984731851,46.0689871865693));
#5495=CARTESIAN_POINT('Ctrl Pts',(13.5,-5.03068685628267,46.4892008794617));
#5496=CARTESIAN_POINT('Ctrl Pts',(-13.5,-5.03068685628267,46.4892008794617));
#5497=CARTESIAN_POINT('Ctrl Pts',(13.5,-6.28447977195597,46.8474528447618));
#5498=CARTESIAN_POINT('Ctrl Pts',(-13.5,-6.28447977195597,46.8474528447618));
#5499=CARTESIAN_POINT('Ctrl Pts',(13.5,-7.59764789765131,47.1542757622559));
#5500=CARTESIAN_POINT('Ctrl Pts',(-13.5,-7.59764789765131,47.1542757622559));
#5501=CARTESIAN_POINT('',(13.5,2.58235280872641,42.5003049277622));
#5502=CARTESIAN_POINT('Ctrl Pts',(13.5,2.58224581454659,42.5001625383958));
#5503=CARTESIAN_POINT('Ctrl Pts',(13.5,0.763469505918821,43.9728958345371));
#5504=CARTESIAN_POINT('Ctrl Pts',(13.5,-1.35537589540468,45.1817443913242));
#5505=CARTESIAN_POINT('Ctrl Pts',(13.5,-3.84944984731851,46.0689871865693));
#5506=CARTESIAN_POINT('Ctrl Pts',(13.5,-4.86204508753277,46.4292081939256));
#5507=CARTESIAN_POINT('Ctrl Pts',(13.5,-5.92795790985976,46.7438967333054));
#5508=CARTESIAN_POINT('Ctrl Pts',(13.5,-7.03888531740831,47.0196877201153));
#5509=CARTESIAN_POINT('',(13.,2.99670870295109,42.1556648705444));
#5510=CARTESIAN_POINT('Ctrl Pts',(13.5,2.58235273354408,42.5003047374947));
#5511=CARTESIAN_POINT('Ctrl Pts',(13.5,2.60403220614627,42.482722703389));
#5512=CARTESIAN_POINT('Ctrl Pts',(13.4978591123768,2.62561053866576,42.4651387858349));
#5513=CARTESIAN_POINT('Ctrl Pts',(13.4937143737114,2.64691581052757,42.4477114821449));
#5514=CARTESIAN_POINT('Ctrl Pts',(13.4895131306606,2.66851153285946,42.4300465955421));
#5515=CARTESIAN_POINT('Ctrl Pts',(13.4832526008558,2.68982792523835,42.4125422261609));
#5516=CARTESIAN_POINT('Ctrl Pts',(13.4750236867797,2.710676952473,42.3953653427319));
#5517=CARTESIAN_POINT('Ctrl Pts',(13.4696787655379,2.72421900765861,42.3842084527392));
#5518=CARTESIAN_POINT('Ctrl Pts',(13.4635023686534,2.73756366394657,42.3731897768406));
#5519=CARTESIAN_POINT('Ctrl Pts',(13.4565092306791,2.75065359616374,42.3623567199151));
#5520=CARTESIAN_POINT('Ctrl Pts',(13.4460350341316,2.77025946170524,42.3461311616799));
#5521=CARTESIAN_POINT('Ctrl Pts',(13.4337804446254,2.78920190929124,42.3303985311997));
#5522=CARTESIAN_POINT('Ctrl Pts',(13.4198101099452,2.80729395507671,42.3153277374184));
#5523=CARTESIAN_POINT('Ctrl Pts',(13.4065010923184,2.82452957339062,42.3009703533844));
#5524=CARTESIAN_POINT('Ctrl Pts',(13.391634248121,2.84099415428043,42.2872133743065));
#5525=CARTESIAN_POINT('Ctrl Pts',(13.3752340270223,2.85649308907318,42.2742128776294));
#5526=CARTESIAN_POINT('Ctrl Pts',(13.3682691772765,2.86307518033898,42.2686918236489));
#5527=CARTESIAN_POINT('Ctrl Pts',(13.3610274345527,2.86948263134502,42.2633073529549));
#5528=CARTESIAN_POINT('Ctrl Pts',(13.3535092592688,2.87569810421458,42.2580721774402));
#5529=CARTESIAN_POINT('Ctrl Pts',(13.3484427108557,2.87988675279151,42.254544157782));
#5530=CARTESIAN_POINT('Ctrl Pts',(13.3432505957365,2.883988174842,42.2510839528822));
#5531=CARTESIAN_POINT('Ctrl Pts',(13.3379364453531,2.88800002920641,42.247694499473));
#5532=CARTESIAN_POINT('Ctrl Pts',(13.3187356397898,2.90249544804902,42.2354479066632));
#5533=CARTESIAN_POINT('Ctrl Pts',(13.2980829936108,2.91572047648977,42.2242149468897));
#5534=CARTESIAN_POINT('Ctrl Pts',(13.2761883561189,2.92760185174357,42.2141130286873));
#5535=CARTESIAN_POINT('Ctrl Pts',(13.2549122618132,2.9391475674685,42.2042964987528));
#5536=CARTESIAN_POINT('Ctrl Pts',(13.2324621368829,2.94942480677085,42.1955478940472));
#5537=CARTESIAN_POINT('Ctrl Pts',(13.2090181094236,2.95832224862752,42.1879893069828));
#5538=CARTESIAN_POINT('Ctrl Pts',(13.1979457434985,2.96252441620327,42.1844194663487));
#5539=CARTESIAN_POINT('Ctrl Pts',(13.1866516088813,2.96641813294207,42.1811152887123));
#5540=CARTESIAN_POINT('Ctrl Pts',(13.1751548502158,2.96998776015244,42.1780909166784));
#5541=CARTESIAN_POINT('Ctrl Pts',(13.1505464707935,2.97762841290895,42.1716173621148));
#5542=CARTESIAN_POINT('Ctrl Pts',(13.1252612685747,2.98371123064459,42.1664961344084));
#5543=CARTESIAN_POINT('Ctrl Pts',(13.0995210458854,2.98814001613805,42.1627886415485));
#5544=CARTESIAN_POINT('Ctrl Pts',(13.0747593742462,2.99240043507357,42.1592220942847));
#5545=CARTESIAN_POINT('Ctrl Pts',(13.0495754677287,2.99513038346648,42.1569637693437));
#5546=CARTESIAN_POINT('Ctrl Pts',(13.0241632871484,2.99619925433029,42.1560835547727));
#5547=CARTESIAN_POINT('Ctrl Pts',(13.0161295226706,2.99653716538636,42.1558052852031));
#5548=CARTESIAN_POINT('Ctrl Pts',(13.0080729844659,2.99670870295106,42.1556648705444));
#5549=CARTESIAN_POINT('Ctrl Pts',(13.,2.99670870295106,42.1556648705444));
#5550=CARTESIAN_POINT('',(-13.,2.99670870295106,42.1556648705444));
#5551=CARTESIAN_POINT('Ctrl Pts',(-13.,2.99670870295105,42.1556648705444));
#5552=CARTESIAN_POINT('Ctrl Pts',(-8.66666666666667,2.99670870295105,42.1556648705444));
#5553=CARTESIAN_POINT('Ctrl Pts',(-4.33333333333333,2.99670870295105,42.1556648705444));
#5554=CARTESIAN_POINT('Ctrl Pts',(4.33333333333333,2.99670870295105,42.1556648705444));
#5555=CARTESIAN_POINT('Ctrl Pts',(8.66666666666667,2.99670870295111,42.1556648705444));
#5556=CARTESIAN_POINT('Ctrl Pts',(13.,2.99670870295111,42.1556648705444));
#5557=CARTESIAN_POINT('',(-13.5,2.58235280872641,42.5003049277622));
#5558=CARTESIAN_POINT('Ctrl Pts',(-13.,2.99670870295106,42.1556648705444));
#5559=CARTESIAN_POINT('Ctrl Pts',(-13.0254493248615,2.99670870295106,42.1556648705444));
#5560=CARTESIAN_POINT('Ctrl Pts',(-13.0507339008573,2.99500776145394,42.1570589931504));
#5561=CARTESIAN_POINT('Ctrl Pts',(-13.0756594587273,2.99175071450684,42.1597727027335));
#5562=CARTESIAN_POINT('Ctrl Pts',(-13.1016140933049,2.9883591971031,42.1625984505441));
#5563=CARTESIAN_POINT('Ctrl Pts',(-13.1271806549288,2.9832802390746,42.1668550623458));
#5564=CARTESIAN_POINT('Ctrl Pts',(-13.1521418008649,2.97662466280671,42.1724762280132));
#5565=CARTESIAN_POINT('Ctrl Pts',(-13.1600847125571,2.97450678509822,42.1742649448701));
#5566=CARTESIAN_POINT('Ctrl Pts',(-13.1679662590592,2.97222888788655,42.1761919605766));
#5567=CARTESIAN_POINT('Ctrl Pts',(-13.1757791601608,2.96979353782803,42.1782554783757));
#5568=CARTESIAN_POINT('Ctrl Pts',(-13.1999995688282,2.96224382320881,42.1846524932277));
#5569=CARTESIAN_POINT('Ctrl Pts',(-13.223321037902,2.95325753758172,42.1922918082981));
#5570=CARTESIAN_POINT('Ctrl Pts',(-13.2455647951591,2.94296608874254,42.201046086271));
#5571=CARTESIAN_POINT('Ctrl Pts',(-13.2685395678021,2.9323364233261,42.2100880634764));
#5572=CARTESIAN_POINT('Ctrl Pts',(-13.2903658981067,2.92031407270345,42.2203196059788));
#5573=CARTESIAN_POINT('Ctrl Pts',(-13.3108415204828,2.90699214792252,42.231617286713));
#5574=CARTESIAN_POINT('Ctrl Pts',(-13.3181361442873,2.9022460929385,42.2356421866308));
#5575=CARTESIAN_POINT('Ctrl Pts',(-13.3252591944216,2.89733465440892,42.2398025448371));
#5576=CARTESIAN_POINT('Ctrl Pts',(-13.3322008893021,2.89226065355709,42.2440932318547));
#5577=CARTESIAN_POINT('Ctrl Pts',(-13.3395281120143,2.88690485285951,42.2486222150365));
#5578=CARTESIAN_POINT('Ctrl Pts',(-13.3466338802314,2.88138202260328,42.2532841742505));
#5579=CARTESIAN_POINT('Ctrl Pts',(-13.3535092592688,2.87569796674505,42.2580717492119));
#5580=CARTESIAN_POINT('Ctrl Pts',(-13.3711102646868,2.86114675474453,42.2703279655423));
#5581=CARTESIAN_POINT('Ctrl Pts',(-13.3872033473159,2.84554221933486,42.2834063956913));
#5582=CARTESIAN_POINT('Ctrl Pts',(-13.4017730280643,2.82909119410049,42.297148220015));
#5583=CARTESIAN_POINT('Ctrl Pts',(-13.4170477024019,2.81184414131218,42.3115549798456));
#5584=CARTESIAN_POINT('Ctrl Pts',(-13.430648675353,2.79366589838786,42.3266911571112));
#5585=CARTESIAN_POINT('Ctrl Pts',(-13.4425249280919,2.7747514727948,42.342387108469));
#5586=CARTESIAN_POINT('Ctrl Pts',(-13.4445409542955,2.77154069760665,42.345051538902));
#5587=CARTESIAN_POINT('Ctrl Pts',(-13.4465071922578,2.76830862912078,42.3477321238003));
#5588=CARTESIAN_POINT('Ctrl Pts',(-13.4484232801239,2.76505613195647,42.3504280601098));
#5589=CARTESIAN_POINT('Ctrl Pts',(-13.4600619808845,2.74529981394534,42.3668037162218));
#5590=CARTESIAN_POINT('Ctrl Pts',(-13.4698075900169,2.72487159376807,42.3836828044695));
#5591=CARTESIAN_POINT('Ctrl Pts',(-13.477595839293,2.70397363757226,42.4008901547876));
#5592=CARTESIAN_POINT('Ctrl Pts',(-13.4810150654903,2.69479893902807,42.4084445897972));
#5593=CARTESIAN_POINT('Ctrl Pts',(-13.4840564772316,2.68553329993986,42.41606241237));
#5594=CARTESIAN_POINT('Ctrl Pts',(-13.4867118810892,2.67619235573747,42.4237292160378));
#5595=CARTESIAN_POINT('Ctrl Pts',(-13.4927605347191,2.65491493840758,42.4411931659012));
#5596=CARTESIAN_POINT('Ctrl Pts',(-13.4967963527058,2.63329438635528,42.4588730148259));
#5597=CARTESIAN_POINT('Ctrl Pts',(-13.4987136283563,2.61151435201073,42.4766070067645));
#5598=CARTESIAN_POINT('Ctrl Pts',(-13.4995669880826,2.60182028212518,42.4845002246761));
#5599=CARTESIAN_POINT('Ctrl Pts',(-13.5,2.59209445797931,42.4924042071447));
#5600=CARTESIAN_POINT('Ctrl Pts',(-13.5,2.58235273354411,42.5003047374948));
#5601=CARTESIAN_POINT('Ctrl Pts',(-13.5,-7.03888531740794,47.0196877201152));
#5602=CARTESIAN_POINT('Ctrl Pts',(-13.5,-5.92795790985952,46.7438967333053));
#5603=CARTESIAN_POINT('Ctrl Pts',(-13.5,-4.86204508753266,46.4292081939256));
#5604=CARTESIAN_POINT('Ctrl Pts',(-13.5,-3.84944984731851,46.0689871865693));
#5605=CARTESIAN_POINT('Ctrl Pts',(-13.5,-1.35537589540468,45.1817443913242));
#5606=CARTESIAN_POINT('Ctrl Pts',(-13.5,0.763469505918815,43.9728958345371));
#5607=CARTESIAN_POINT('Ctrl Pts',(-13.5,2.58224581454658,42.5001625383959));
#5608=CARTESIAN_POINT('Ctrl Pts',(-13.,3.0908601108888,42.4474042056024));
#5609=CARTESIAN_POINT('Ctrl Pts',(-13.,3.05923343186441,42.3502625199471));
#5610=CARTESIAN_POINT('Ctrl Pts',(-13.,3.02785342758731,42.25301335678));
#5611=CARTESIAN_POINT('Ctrl Pts',(-13.,2.99670870295106,42.1556648705444));
#5612=CARTESIAN_POINT('Ctrl Pts',(-13.1308996938996,3.0908601108888,42.4474042056024));
#5613=CARTESIAN_POINT('Ctrl Pts',(-13.1308996938996,3.05923400108974,42.3502642683288));
#5614=CARTESIAN_POINT('Ctrl Pts',(-13.1308996938996,3.02785289573533,42.2530116943801));
#5615=CARTESIAN_POINT('Ctrl Pts',(-13.1308996938996,2.99670870295106,42.1556648705444));
#5616=CARTESIAN_POINT('Ctrl Pts',(-13.3915686715878,2.98775559392919,42.4809722196002));
#5617=CARTESIAN_POINT('Ctrl Pts',(-13.3915686715878,2.95606998722722,42.3836495369478));
#5618=CARTESIAN_POINT('Ctrl Pts',(-13.3915686715878,2.92463377974008,42.2862261544338));
#5619=CARTESIAN_POINT('Ctrl Pts',(-13.3915686715878,2.89343399641179,42.1887055722691));
#5620=CARTESIAN_POINT('Ctrl Pts',(-13.5,2.73989227412609,42.5616697451213));
#5621=CARTESIAN_POINT('Ctrl Pts',(-13.5,2.70806595636514,42.4639148669338));
#5622=CARTESIAN_POINT('Ctrl Pts',(-13.5,2.67649279654893,42.3660669619667));
#5623=CARTESIAN_POINT('Ctrl Pts',(-13.5,2.64516154075845,42.2681354387734));
#5624=CARTESIAN_POINT('Ctrl Pts',(-13.5,2.61542317550569,42.6021934832463));
#5625=CARTESIAN_POINT('Ctrl Pts',(-13.5,2.58352587983685,42.5042205956495));
#5626=CARTESIAN_POINT('Ctrl Pts',(-13.5,2.55188456062592,42.4061614100808));
#5627=CARTESIAN_POINT('Ctrl Pts',(-13.5,2.52048698708914,42.308022598742));
#5628=CARTESIAN_POINT('Ctrl Pts',(-13.,2.99670870295106,42.1556648705444));
#5629=CARTESIAN_POINT('Ctrl Pts',(-13.,3.007709190717,42.1900488904507));
#5630=CARTESIAN_POINT('Ctrl Pts',(-13.,3.01873903058728,42.224420519395));
#5631=CARTESIAN_POINT('Ctrl Pts',(-13.,3.02979872467403,42.2587793980613));
#5632=CARTESIAN_POINT('Ctrl Pts',(-13.5,2.61542317550569,42.6021934832463));
#5633=CARTESIAN_POINT('Ctrl Pts',(-13.5,2.60436914337052,42.568240904347));
#5634=CARTESIAN_POINT('Ctrl Pts',(-13.5,2.59334585335033,42.5342779612829));
#5635=CARTESIAN_POINT('Ctrl Pts',(-13.5,2.58235279640167,42.5003049317503));
#5636=CARTESIAN_POINT('Ctrl Pts',(20.8483244896148,5.99286607800098,49.1456180737081));
#5637=CARTESIAN_POINT('Ctrl Pts',(-20.8483244896148,5.99286607800098,49.1456180737081));
#5638=CARTESIAN_POINT('Ctrl Pts',(20.8483244896148,5.9015371681445,48.9907557254439));
#5639=CARTESIAN_POINT('Ctrl Pts',(-20.8483244896148,5.9015371681445,48.9907557254439));
#5640=CARTESIAN_POINT('Ctrl Pts',(20.8483244896148,5.71978448241233,48.6757238770978));
#5641=CARTESIAN_POINT('Ctrl Pts',(-20.8483244896148,5.71978448241233,48.6757238770978));
#5642=CARTESIAN_POINT('Ctrl Pts',(20.8483244896148,5.44987094438742,48.1872541294474));
#5643=CARTESIAN_POINT('Ctrl Pts',(-20.8483244896148,5.44987094438742,48.1872541294474));
#5644=CARTESIAN_POINT('Ctrl Pts',(20.8483244896148,5.09550578975632,47.5035977940829));
#5645=CARTESIAN_POINT('Ctrl Pts',(-20.8483244896148,5.09550578975632,47.5035977940829));
#5646=CARTESIAN_POINT('Ctrl Pts',(20.8483244896148,4.66234060024178,46.5916174539439));
#5647=CARTESIAN_POINT('Ctrl Pts',(-20.8483244896148,4.66234060024178,46.5916174539439));
#5648=CARTESIAN_POINT('Ctrl Pts',(20.8483244896148,4.23971788145597,45.6178225163114));
#5649=CARTESIAN_POINT('Ctrl Pts',(-20.8483244896148,4.23971788145597,45.6178225163114));
#5650=CARTESIAN_POINT('Ctrl Pts',(20.8483244896148,3.8283011851104,44.5783223199681));
#5651=CARTESIAN_POINT('Ctrl Pts',(-20.8483244896148,3.8283011851104,44.5783223199681));
#5652=CARTESIAN_POINT('Ctrl Pts',(20.8483244896148,3.42809715609796,43.4730779033243));
#5653=CARTESIAN_POINT('Ctrl Pts',(-20.8483244896148,3.42809715609796,43.4730779033243));
#5654=CARTESIAN_POINT('Ctrl Pts',(20.8483244896148,3.03833775134445,42.3065926010038));
#5655=CARTESIAN_POINT('Ctrl Pts',(-20.8483244896148,3.03833775134445,42.3065926010038));
#5656=CARTESIAN_POINT('Ctrl Pts',(20.8483244896148,2.65808287359822,41.0843785680485));
#5657=CARTESIAN_POINT('Ctrl Pts',(-20.8483244896148,2.65808287359822,41.0843785680485));
#5658=CARTESIAN_POINT('Ctrl Pts',(20.8483244896148,2.36078915627504,40.0660902458616));
#5659=CARTESIAN_POINT('Ctrl Pts',(-20.8483244896148,2.36078915627504,40.0660902458616));
#5660=CARTESIAN_POINT('Ctrl Pts',(20.8483244896148,2.14144728159682,39.2810992087377));
#5661=CARTESIAN_POINT('Ctrl Pts',(-20.8483244896148,2.14144728159682,39.2810992087377));
#5662=CARTESIAN_POINT('Ctrl Pts',(20.8483244896148,1.99680544434815,38.7484720527121));
#5663=CARTESIAN_POINT('Ctrl Pts',(-20.8483244896148,1.99680544434815,38.7484720527121));
#5664=CARTESIAN_POINT('Ctrl Pts',(20.8483244896148,1.92488107185282,38.4798333708415));
#5665=CARTESIAN_POINT('Ctrl Pts',(-20.8483244896148,1.92488107185282,38.4798333708415));
#5666=CARTESIAN_POINT('',(-15.,3.02979873658268,42.2587793942219));
#5667=CARTESIAN_POINT('',(-23.,3.02979873658268,42.2587793942219));
#5668=CARTESIAN_POINT('Ctrl Pts',(-15.,3.02979873656919,42.2587793942263));
#5669=CARTESIAN_POINT('Ctrl Pts',(-15.,2.9968467114286,42.1564081877802));
#5670=CARTESIAN_POINT('Ctrl Pts',(-15.,2.96398168123264,42.0535268962102));
#5671=CARTESIAN_POINT('Ctrl Pts',(-15.,2.93120246697574,41.9501424324837));
#5672=CARTESIAN_POINT('Ctrl Pts',(-15.,2.89850791191836,41.8462615790133));
#5673=CARTESIAN_POINT('Ctrl Pts',(-15.,2.86589690783435,41.7418908337592));
#5674=CARTESIAN_POINT('Ctrl Pts',(13.,3.02979872467403,42.2587793980613));
#5675=CARTESIAN_POINT('Ctrl Pts',(13.,3.01873903058726,42.2244205193949));
#5676=CARTESIAN_POINT('Ctrl Pts',(13.,3.00770919071698,42.1900488904506));
#5677=CARTESIAN_POINT('Ctrl Pts',(13.,2.99670870295106,42.1556648705444));
#5678=CARTESIAN_POINT('',(15.,3.02979873658268,42.2587793942219));
#5679=CARTESIAN_POINT('Ctrl Pts',(15.,2.86589690783435,41.7418908337592));
#5680=CARTESIAN_POINT('Ctrl Pts',(15.,2.89850791191836,41.8462615790133));
#5681=CARTESIAN_POINT('Ctrl Pts',(15.,2.93120246697574,41.9501424324837));
#5682=CARTESIAN_POINT('Ctrl Pts',(15.,2.96398168123264,42.0535268962102));
#5683=CARTESIAN_POINT('Ctrl Pts',(15.,2.9968467114286,42.1564081877802));
#5684=CARTESIAN_POINT('Ctrl Pts',(15.,3.02979873656919,42.2587793942263));
#5685=CARTESIAN_POINT('',(15.,3.02979873658268,42.2587793942219));
#5686=CARTESIAN_POINT('Ctrl Pts',(13.,2.99670870295106,42.1556648705444));
#5687=CARTESIAN_POINT('Ctrl Pts',(13.,3.0278534275872,42.2530133567796));
#5688=CARTESIAN_POINT('Ctrl Pts',(13.,3.05923343186441,42.3502625199471));
#5689=CARTESIAN_POINT('Ctrl Pts',(13.,3.0908601108888,42.4474042056024));
#5690=CARTESIAN_POINT('Ctrl Pts',(13.1308996938996,2.99670870295106,42.1556648705444));
#5691=CARTESIAN_POINT('Ctrl Pts',(13.1308996938996,3.02785289573522,42.2530116943798));
#5692=CARTESIAN_POINT('Ctrl Pts',(13.1308996938996,3.05923400108973,42.3502642683288));
#5693=CARTESIAN_POINT('Ctrl Pts',(13.1308996938996,3.0908601108888,42.4474042056024));
#5694=CARTESIAN_POINT('Ctrl Pts',(13.3915686715878,2.89343399641179,42.1887055722691));
#5695=CARTESIAN_POINT('Ctrl Pts',(13.3915686715878,2.92463377973997,42.2862261544334));
#5696=CARTESIAN_POINT('Ctrl Pts',(13.3915686715878,2.95606998722722,42.3836495369477));
#5697=CARTESIAN_POINT('Ctrl Pts',(13.3915686715878,2.98775559392919,42.4809722196002));
#5698=CARTESIAN_POINT('Ctrl Pts',(13.5,2.64516154075845,42.2681354387734));
#5699=CARTESIAN_POINT('Ctrl Pts',(13.5,2.67649279654883,42.3660669619663));
#5700=CARTESIAN_POINT('Ctrl Pts',(13.5,2.70806595636514,42.4639148669338));
#5701=CARTESIAN_POINT('Ctrl Pts',(13.5,2.73989227412609,42.5616697451213));
#5702=CARTESIAN_POINT('Ctrl Pts',(13.5,2.52048698708914,42.308022598742));
#5703=CARTESIAN_POINT('Ctrl Pts',(13.5,2.55188456062581,42.4061614100804));
#5704=CARTESIAN_POINT('Ctrl Pts',(13.5,2.58352587983685,42.5042205956495));
#5705=CARTESIAN_POINT('Ctrl Pts',(13.5,2.61542317550569,42.6021934832463));
#5706=CARTESIAN_POINT('Ctrl Pts',(13.5,2.58235279640165,42.5003049317502));
#5707=CARTESIAN_POINT('Ctrl Pts',(13.5,2.59334585335033,42.5342779612829));
#5708=CARTESIAN_POINT('Ctrl Pts',(13.5,2.60436914337052,42.568240904347));
#5709=CARTESIAN_POINT('Ctrl Pts',(13.5,2.61542317550569,42.6021934832463));
#5710=CARTESIAN_POINT('Origin',(13.5,-2.04278935466739,45.0963557884793));
#5711=CARTESIAN_POINT('Origin',(12.,-10.0000000296697,34.9999999354761));
#5712=CARTESIAN_POINT('',(10.9,-10.0000000296697,34.9999999354761));
#5713=CARTESIAN_POINT('Origin',(12.,-9.99999993605987,34.9999999354761));
#5714=CARTESIAN_POINT('',(10.9,-8.55070413502711,34.9999999354761));
#5715=CARTESIAN_POINT('',(10.9,-10.0000000296697,34.9999999354761));
#5716=CARTESIAN_POINT('Origin',(12.,-8.5507041555162,34.9999999354761));
#5717=CARTESIAN_POINT('Origin',(-12.0000001788139,-10.0000000296697,35.0000000794967));
#5718=CARTESIAN_POINT('',(-13.1000001788139,-10.0000000296697,35.0000000794967));
#5719=CARTESIAN_POINT('Origin',(-12.0000001788139,-9.99999993605987,35.0000000794967));
#5720=CARTESIAN_POINT('',(-13.1000001788139,-8.55070413502711,35.0000000794967));
#5721=CARTESIAN_POINT('',(-13.1000001788139,-10.0000000296697,35.0000000794967));
#5722=CARTESIAN_POINT('Origin',(-12.0000001788139,-8.5507041555162,35.0000000794967));
#5723=CARTESIAN_POINT('Origin',(13.,-1.44929588266802,37.050000066137));
#5724=CARTESIAN_POINT('',(9.,-1.44929580629959,32.950000066137));
#5725=CARTESIAN_POINT('',(9.,-1.44929588266802,37.050000066137));
#5726=CARTESIAN_POINT('',(9.,-1.44929584116161,34.8216410923129));
#5727=CARTESIAN_POINT('',(15.,-1.44929580629959,32.950000066137));
#5728=CARTESIAN_POINT('',(13.,-1.44929580629959,32.950000066137));
#5729=CARTESIAN_POINT('',(15.,-1.44929588266802,37.050000066137));
#5730=CARTESIAN_POINT('',(15.,-1.44929584116161,34.8216410923129));
#5731=CARTESIAN_POINT('',(13.,-1.44929588266802,37.050000066137));
#5732=CARTESIAN_POINT('Origin',(13.,-1.44929588266802,37.050000066137));
#5733=CARTESIAN_POINT('',(-9.,-1.44929588266802,37.050000066137));
#5734=CARTESIAN_POINT('',(-9.,-1.44929580629959,32.950000066137));
#5735=CARTESIAN_POINT('',(-9.,-1.44929584116161,34.8216410923129));
#5736=CARTESIAN_POINT('',(13.,-1.44929588266802,37.050000066137));
#5737=CARTESIAN_POINT('',(13.,-1.44929580629959,32.950000066137));
#5738=CARTESIAN_POINT('Origin',(13.,-1.44929580629959,32.950000066137));
#5739=CARTESIAN_POINT('',(9.,-4.99999992363157,30.9));
#5740=CARTESIAN_POINT('',(9.,-1.54713615414734,32.8935119125396));
#5741=CARTESIAN_POINT('',(15.,-4.99999992363157,30.9));
#5742=CARTESIAN_POINT('',(13.,-4.99999992363157,30.9));
#5743=CARTESIAN_POINT('',(15.,-1.54713615414734,32.8935119125396));
#5744=CARTESIAN_POINT('Origin',(13.,-1.44929580629959,32.950000066137));
#5745=CARTESIAN_POINT('',(-9.,-4.99999992363157,30.9));
#5746=CARTESIAN_POINT('',(-9.,-1.54713615414734,32.8935119125396));
#5747=CARTESIAN_POINT('',(13.,-4.99999992363157,30.9));
#5748=CARTESIAN_POINT('Origin',(13.,-5.00000007636844,39.1));
#5749=CARTESIAN_POINT('',(9.,-5.00000007636844,39.1));
#5750=CARTESIAN_POINT('',(9.,-2.28034887705954,37.5298087155204));
#5751=CARTESIAN_POINT('',(15.,-5.00000007636844,39.1));
#5752=CARTESIAN_POINT('',(15.,-2.28034887705954,37.5298087155204));
#5753=CARTESIAN_POINT('',(13.,-5.00000007636844,39.1));
#5754=CARTESIAN_POINT('Origin',(13.,-4.99999992363157,30.9));
#5755=CARTESIAN_POINT('',(9.,-8.55070411733198,32.949999933863));
#5756=CARTESIAN_POINT('',(9.,-4.05570082117287,30.3548086824519));
#5757=CARTESIAN_POINT('',(15.,-8.55070411733198,32.949999933863));
#5758=CARTESIAN_POINT('',(13.,-8.55070411733198,32.949999933863));
#5759=CARTESIAN_POINT('',(15.,-4.05570082117287,30.3548086824519));
#5760=CARTESIAN_POINT('Origin',(13.,-4.99999992363157,30.9));
#5761=CARTESIAN_POINT('',(-9.,-8.55070411733198,32.949999933863));
#5762=CARTESIAN_POINT('',(-9.,-4.05570082117287,30.3548086824519));
#5763=CARTESIAN_POINT('',(13.,-8.55070411733198,32.949999933863));
#5764=CARTESIAN_POINT('Origin',(13.,-8.55070419370042,37.049999933863));
#5765=CARTESIAN_POINT('',(9.,-8.55070419370042,37.049999933863));
#5766=CARTESIAN_POINT('',(9.,-6.87319248288219,38.0185118133341));
#5767=CARTESIAN_POINT('',(15.,-8.55070419370042,37.049999933863));
#5768=CARTESIAN_POINT('',(15.,-6.87319248288219,38.0185118133341));
#5769=CARTESIAN_POINT('',(13.,-8.55070419370042,37.049999933863));
#5770=CARTESIAN_POINT('Origin',(13.,-8.55070411733198,32.949999933863));
#5771=CARTESIAN_POINT('',(9.,-8.55070411400979,32.7716409600389));
#5772=CARTESIAN_POINT('',(15.,-8.55070411400979,32.7716409600389));
#5773=CARTESIAN_POINT('Origin',(13.,-8.55070411733198,32.949999933863));
#5774=CARTESIAN_POINT('',(-9.,-8.55070419370042,37.049999933863));
#5775=CARTESIAN_POINT('',(-9.,-8.55070411400979,32.7716409600389));
#5776=CARTESIAN_POINT('',(13.,-8.55070419370042,37.049999933863));
#5777=CARTESIAN_POINT('Origin',(13.,-5.00000007636844,39.1));
#5778=CARTESIAN_POINT('',(-9.,-5.00000007636844,39.1));
#5779=CARTESIAN_POINT('',(-9.,-2.28034887705954,37.5298087155204));
#5780=CARTESIAN_POINT('',(13.,-5.00000007636844,39.1));
#5781=CARTESIAN_POINT('Origin',(13.,-8.55070419370042,37.049999933863));
#5782=CARTESIAN_POINT('',(-9.,-6.87319248288219,38.0185118133341));
#5783=CARTESIAN_POINT('Origin',(-9.,-1.50425219362222,32.5932821174652));
#5784=CARTESIAN_POINT('',(-9.,-9.99999990766207,45.6177183341816));
#5785=CARTESIAN_POINT('',(-9.,-9.37216073734911,45.6177183325024));
#5786=CARTESIAN_POINT('',(-9.,-5.43820644806829,45.6177183219807));
#5787=CARTESIAN_POINT('',(-9.,-9.99999996013098,26.0000004172325));
#5788=CARTESIAN_POINT('',(-9.,-9.9999999137452,43.3432821288264));
#5789=CARTESIAN_POINT('',(-9.,-9.35889980617618,26.0000004177935));
#5790=CARTESIAN_POINT('',(-9.,-5.18861814409766,26.0000004214426));
#5791=CARTESIAN_POINT('',(-9.,4.02436903530955,30.6917795420213));
#5792=CARTESIAN_POINT('Origin',(-9.,-5.,35.));
#5793=CARTESIAN_POINT('',(-9.,4.42526426138959,38.3413161483122));
#5794=CARTESIAN_POINT('',(-9.,3.55567367703754,21.7485393459294));
#5795=CARTESIAN_POINT('',(-9.,4.15041620353226,39.0335943403063));
#5796=CARTESIAN_POINT('Origin',(-9.,-5.,35.));
#5797=CARTESIAN_POINT('',(-9.,4.0710526958457,38.7490535377198));
#5798=CARTESIAN_POINT('Ctrl Pts',(-8.99999999999999,4.07103922377828,38.7492310779642));
#5799=CARTESIAN_POINT('Ctrl Pts',(-8.99999999999999,4.09743524995065,38.8445182405593));
#5800=CARTESIAN_POINT('Ctrl Pts',(-8.99999999999999,4.12388757078987,38.9393985339918));
#5801=CARTESIAN_POINT('Ctrl Pts',(-8.99999999999999,4.15039579989968,39.0338629685108));
#5802=CARTESIAN_POINT('Ctrl Pts',(-9.,-9.37216073734916,45.6177183325024));
#5803=CARTESIAN_POINT('Ctrl Pts',(-9.,-8.92475428034816,45.5131814101109));
#5804=CARTESIAN_POINT('Ctrl Pts',(-9.,-8.47734782334717,45.4086444877194));
#5805=CARTESIAN_POINT('Ctrl Pts',(-9.,-8.02994136634618,45.3041075653279));
#5806=CARTESIAN_POINT('Ctrl Pts',(-9.,-6.65803897580812,44.9835613338549));
#5807=CARTESIAN_POINT('Ctrl Pts',(-9.,-5.36217287872253,44.6057039878024));
#5808=CARTESIAN_POINT('Ctrl Pts',(-9.,-4.17558893679061,44.1661000806013));
#5809=CARTESIAN_POINT('Ctrl Pts',(-9.,-1.82747497130239,43.2961742057395));
#5810=CARTESIAN_POINT('Ctrl Pts',(-9.,0.0726421167319585,42.1473244090057));
#5811=CARTESIAN_POINT('Ctrl Pts',(-9.,1.73458556545648,40.7348296439542));
#5812=CARTESIAN_POINT('Ctrl Pts',(-9.,2.51340794225289,40.0729042752094));
#5813=CARTESIAN_POINT('Ctrl Pts',(-9.,3.2922303190493,39.4109789064646));
#5814=CARTESIAN_POINT('Ctrl Pts',(-9.,4.07105269584572,38.7490535377198));
#5815=CARTESIAN_POINT('Origin',(0.,3.00274093049085,11.197954029951));
#5816=CARTESIAN_POINT('',(-20.1380259996202,4.42526426138961,38.3413161483122));
#5817=CARTESIAN_POINT('',(-13.,4.42526426138959,38.3413161483122));
#5818=CARTESIAN_POINT('',(-21.,4.02436903530955,30.6917795420213));
#5819=CARTESIAN_POINT('',(15.,4.02436903530955,30.6917795420213));
#5820=CARTESIAN_POINT('',(-21.,3.10207086657024,13.0932821174652));
#5821=CARTESIAN_POINT('',(-21.,3.99848873686863,30.1979540299511));
#5822=CARTESIAN_POINT('',(21.,3.10207086657024,13.0932821174652));
#5823=CARTESIAN_POINT('',(0.,3.10207086657024,13.0932821174652));
#5824=CARTESIAN_POINT('',(21.,4.02436903530955,30.6917795420213));
#5825=CARTESIAN_POINT('',(21.,3.00274093049085,11.1979540299511));
#5826=CARTESIAN_POINT('',(9.,4.02436903530955,30.6917795420213));
#5827=CARTESIAN_POINT('',(13.,4.02436903530955,30.6917795420213));
#5828=CARTESIAN_POINT('',(9.,4.42526426138959,38.3413161483122));
#5829=CARTESIAN_POINT('',(9.,3.55567367703754,21.7485393459294));
#5830=CARTESIAN_POINT('',(20.1380259996202,4.42526426138958,38.3413161483122));
#5831=CARTESIAN_POINT('',(15.,4.42526426138959,38.3413161483122));
#5832=CARTESIAN_POINT('',(19.4535649710077,4.53027803091655,40.3450982387498));
#5833=CARTESIAN_POINT('Ctrl Pts',(20.1398438632536,4.42504245904648,38.3370839074859));
#5834=CARTESIAN_POINT('Ctrl Pts',(19.9323555201516,4.46170905641287,39.0367242637079));
#5835=CARTESIAN_POINT('Ctrl Pts',(19.7043577960505,4.49674015335555,39.7051574127922));
#5836=CARTESIAN_POINT('Ctrl Pts',(19.4549884230986,4.52998237371354,40.3394567632466));
#5837=CARTESIAN_POINT('',(13.,4.53027803091678,40.3450982387511));
#5838=CARTESIAN_POINT('Ctrl Pts',(19.4535649710077,4.53027803091655,40.3450982387498));
#5839=CARTESIAN_POINT('Ctrl Pts',(18.4570856310673,4.53027803091655,40.3450982387498));
#5840=CARTESIAN_POINT('Ctrl Pts',(17.4606062911268,4.53027803091655,40.3450982387498));
#5841=CARTESIAN_POINT('Ctrl Pts',(15.3094179674575,4.53027803091655,40.3450982387498));
#5842=CARTESIAN_POINT('Ctrl Pts',(14.1547089837288,4.53027803091655,40.3450982387498));
#5843=CARTESIAN_POINT('Ctrl Pts',(13.,4.53027803091655,40.3450982387498));
#5844=CARTESIAN_POINT('',(-13.,4.53027803091678,40.3450982387511));
#5845=CARTESIAN_POINT('Ctrl Pts',(13.,4.53027803091678,40.3450982387511));
#5846=CARTESIAN_POINT('Ctrl Pts',(8.66666666666667,4.53027803091678,40.3450982387511));
#5847=CARTESIAN_POINT('Ctrl Pts',(4.33333333333333,4.53027803091655,40.3450982387498));
#5848=CARTESIAN_POINT('Ctrl Pts',(-4.33333333333333,4.53027803091655,40.3450982387498));
#5849=CARTESIAN_POINT('Ctrl Pts',(-8.66666666666666,4.53027803091678,40.3450982387511));
#5850=CARTESIAN_POINT('Ctrl Pts',(-13.,4.53027803091678,40.3450982387511));
#5851=CARTESIAN_POINT('',(-19.4535649710077,4.53027803091656,40.3450982387499));
#5852=CARTESIAN_POINT('Ctrl Pts',(-12.9999999999999,4.53027803091655,40.3450982387498));
#5853=CARTESIAN_POINT('Ctrl Pts',(-14.1547089837287,4.53027803091655,40.3450982387498));
#5854=CARTESIAN_POINT('Ctrl Pts',(-15.3094179674575,4.53027803091655,40.3450982387498));
#5855=CARTESIAN_POINT('Ctrl Pts',(-17.4606062911268,4.53027803091655,40.3450982387498));
#5856=CARTESIAN_POINT('Ctrl Pts',(-18.4570856310672,4.53027803091656,40.3450982387499));
#5857=CARTESIAN_POINT('Ctrl Pts',(-19.4535649710077,4.53027803091656,40.3450982387499));
#5858=CARTESIAN_POINT('Ctrl Pts',(-19.45459136854,4.5300881535783,40.3414751633048));
#5859=CARTESIAN_POINT('Ctrl Pts',(-19.7039533675832,4.49684787438725,39.707212852522));
#5860=CARTESIAN_POINT('Ctrl Pts',(-19.9320030996348,4.46180291580302,39.0385152075605));
#5861=CARTESIAN_POINT('Ctrl Pts',(-20.1395600582458,4.42511804004044,38.3385260787623));
#5862=CARTESIAN_POINT('',(1.10055361213416,4.30876928223403,36.1184595276121));
#5863=CARTESIAN_POINT('Origin',(0.000553612134162111,4.30876928223403,36.1184595276121));
#5864=CARTESIAN_POINT('',(1.10025317548458,3.89008177411264,28.1294259557035));
#5865=CARTESIAN_POINT('Origin',(0.000253175484578552,3.89008177411264,28.1294259557035));
#5866=CARTESIAN_POINT('Origin',(9.,-1.50425219362222,32.5932821174652));
#5867=CARTESIAN_POINT('',(9.,-9.37216073734911,45.6177183325024));
#5868=CARTESIAN_POINT('',(9.,-9.99999990766207,45.6177183341816));
#5869=CARTESIAN_POINT('',(9.,-5.43820644806829,45.6177183219807));
#5870=CARTESIAN_POINT('',(9.,4.0710526958457,38.7490535377198));
#5871=CARTESIAN_POINT('Ctrl Pts',(9.,4.07105269584572,38.7490535377198));
#5872=CARTESIAN_POINT('Ctrl Pts',(9.,3.2922303190493,39.4109789064646));
#5873=CARTESIAN_POINT('Ctrl Pts',(9.,2.51340794225289,40.0729042752094));
#5874=CARTESIAN_POINT('Ctrl Pts',(9.,1.73458556545648,40.7348296439542));
#5875=CARTESIAN_POINT('Ctrl Pts',(9.,0.0726421167319588,42.1473244090057));
#5876=CARTESIAN_POINT('Ctrl Pts',(9.,-1.82747497130239,43.2961742057395));
#5877=CARTESIAN_POINT('Ctrl Pts',(9.,-4.17558893679061,44.1661000806013));
#5878=CARTESIAN_POINT('Ctrl Pts',(9.,-5.36217287872253,44.6057039878024));
#5879=CARTESIAN_POINT('Ctrl Pts',(9.,-6.65803897580812,44.9835613338549));
#5880=CARTESIAN_POINT('Ctrl Pts',(9.,-8.02994136634618,45.3041075653279));
#5881=CARTESIAN_POINT('Ctrl Pts',(9.,-8.47734782334717,45.4086444877194));
#5882=CARTESIAN_POINT('Ctrl Pts',(9.,-8.92475428034816,45.5131814101109));
#5883=CARTESIAN_POINT('Ctrl Pts',(9.,-9.37216073734916,45.6177183325024));
#5884=CARTESIAN_POINT('',(9.,4.15041620353208,39.0335943403064));
#5885=CARTESIAN_POINT('Ctrl Pts',(9.,4.15039579989967,39.0338629685108));
#5886=CARTESIAN_POINT('Ctrl Pts',(9.,4.12388757078987,38.9393985339918));
#5887=CARTESIAN_POINT('Ctrl Pts',(9.,4.09743524995065,38.8445182405593));
#5888=CARTESIAN_POINT('Ctrl Pts',(9.,4.07103922377828,38.7492310779642));
#5889=CARTESIAN_POINT('Origin',(9.,-5.,35.));
#5890=CARTESIAN_POINT('',(9.,-9.35889980617618,26.0000004177935));
#5891=CARTESIAN_POINT('Origin',(9.,-5.,35.));
#5892=CARTESIAN_POINT('',(9.,-9.99999996013098,26.0000004172325));
#5893=CARTESIAN_POINT('',(9.,-5.7521261675572,26.0000004209496));
#5894=CARTESIAN_POINT('',(9.,-9.9999999137452,43.3432821288264));
#5895=CARTESIAN_POINT('Ctrl Pts',(20.8483244896148,7.71559869923106,48.1296494148659));
#5896=CARTESIAN_POINT('Ctrl Pts',(-20.8483244896148,7.71559869923106,48.1296494148659));
#5897=CARTESIAN_POINT('Ctrl Pts',(20.8483244896148,6.73780539638717,46.4716490376209));
#5898=CARTESIAN_POINT('Ctrl Pts',(-20.8483244896148,6.73780539638717,46.4716490376209));
#5899=CARTESIAN_POINT('Ctrl Pts',(20.8483244896148,5.80531466852111,44.3540990707787));
#5900=CARTESIAN_POINT('Ctrl Pts',(-20.8483244896148,5.80531466852111,44.3540990707787));
#5901=CARTESIAN_POINT('Ctrl Pts',(20.8483244896148,4.93360108436,41.6459689663237));
#5902=CARTESIAN_POINT('Ctrl Pts',(-20.8483244896148,4.93360108436,41.6459689663237));
#5903=CARTESIAN_POINT('Ctrl Pts',(20.8483244896148,4.56503383286255,40.5009505939679));
#5904=CARTESIAN_POINT('Ctrl Pts',(-20.8483244896148,4.56503383286255,40.5009505939679));
#5905=CARTESIAN_POINT('Ctrl Pts',(20.8483244896148,4.20580362482881,39.2659805255126));
#5906=CARTESIAN_POINT('Ctrl Pts',(-20.8483244896148,4.20580362482881,39.2659805255126));
#5907=CARTESIAN_POINT('Ctrl Pts',(20.8483244896148,3.8568354286945,37.9625787303785));
#5908=CARTESIAN_POINT('Ctrl Pts',(-20.8483244896148,3.8568354286945,37.9625787303785));
#5909=CARTESIAN_POINT('Ctrl Pts',(20.8483244896148,3.47411623698905,36.5331164268591));
#5910=CARTESIAN_POINT('Ctrl Pts',(-20.8483244896148,3.47411623698905,36.5331164268591));
#5911=CARTESIAN_POINT('Ctrl Pts',(20.8483244896148,3.09139704528359,35.1036541233397));
#5912=CARTESIAN_POINT('Ctrl Pts',(-20.8483244896148,3.09139704528359,35.1036541233397));
#5913=CARTESIAN_POINT('Ctrl Pts',(20.8483244896148,2.70867785357814,33.6741918198202));
#5914=CARTESIAN_POINT('Ctrl Pts',(-20.8483244896148,2.70867785357814,33.6741918198202));
#5915=CARTESIAN_POINT('',(-13.,4.15041620353226,39.0335943403063));
#5916=CARTESIAN_POINT('',(-13.,4.15041620353134,39.0335943403063));
#5917=CARTESIAN_POINT('Ctrl Pts',(-13.,4.53027803091696,40.3450982387512));
#5918=CARTESIAN_POINT('Ctrl Pts',(-13.,4.43010921676588,40.0102352926467));
#5919=CARTESIAN_POINT('Ctrl Pts',(-13.,4.33247477364863,39.6751388691343));
#5920=CARTESIAN_POINT('Ctrl Pts',(-13.,4.20776351443369,39.2371861239285));
#5921=CARTESIAN_POINT('Ctrl Pts',(-13.,4.17899048007863,39.1353826590917));
#5922=CARTESIAN_POINT('Ctrl Pts',(-13.,4.15041620353243,39.0335943403063));
#5923=CARTESIAN_POINT('',(13.,4.15041620353208,39.0335943403064));
#5924=CARTESIAN_POINT('Ctrl Pts',(13.,4.15041620353243,39.0335943403063));
#5925=CARTESIAN_POINT('Ctrl Pts',(13.,4.17899048007867,39.1353826590918));
#5926=CARTESIAN_POINT('Ctrl Pts',(13.,4.20776351443376,39.2371861239287));
#5927=CARTESIAN_POINT('Ctrl Pts',(13.,4.33247477364862,39.6751388691343));
#5928=CARTESIAN_POINT('Ctrl Pts',(13.,4.43010921676583,40.0102352926466));
#5929=CARTESIAN_POINT('Ctrl Pts',(13.,4.53027803091694,40.3450982387511));
#5930=CARTESIAN_POINT('',(13.,4.15041620353133,39.0335943403063));
#5931=CARTESIAN_POINT('Ctrl Pts',(-9.,4.0710526958457,38.7490535377198));
#5932=CARTESIAN_POINT('Ctrl Pts',(-6.,4.0710526958457,38.7490535377198));
#5933=CARTESIAN_POINT('Ctrl Pts',(-3.,4.0710526958457,38.7490535377198));
#5934=CARTESIAN_POINT('Ctrl Pts',(3.,4.0710526958457,38.7490535377198));
#5935=CARTESIAN_POINT('Ctrl Pts',(6.,4.0710526958457,38.7490535377198));
#5936=CARTESIAN_POINT('Ctrl Pts',(9.00000000000001,4.07105269584571,38.7490535377198));
#5937=CARTESIAN_POINT('Ctrl Pts',(15.,8.1444869935331,35.2870196004756));
#5938=CARTESIAN_POINT('Ctrl Pts',(-15.,8.1444869935331,35.2870196004756));
#5939=CARTESIAN_POINT('Ctrl Pts',(15.,6.00785318417422,37.1029562816351));
#5940=CARTESIAN_POINT('Ctrl Pts',(-15.,6.00785318417422,37.1029562816351));
#5941=CARTESIAN_POINT('Ctrl Pts',(15.,3.87121937481535,38.9188929627946));
#5942=CARTESIAN_POINT('Ctrl Pts',(-15.,3.87121937481535,38.9188929627946));
#5943=CARTESIAN_POINT('Ctrl Pts',(15.,1.73458556545648,40.7348296439542));
#5944=CARTESIAN_POINT('Ctrl Pts',(-15.,1.73458556545648,40.7348296439542));
#5945=CARTESIAN_POINT('Ctrl Pts',(15.,0.0726421167319585,42.1473244090057));
#5946=CARTESIAN_POINT('Ctrl Pts',(-15.,0.0726421167319585,42.1473244090057));
#5947=CARTESIAN_POINT('Ctrl Pts',(15.,-1.82747497130239,43.2961742057395));
#5948=CARTESIAN_POINT('Ctrl Pts',(-15.,-1.82747497130239,43.2961742057395));
#5949=CARTESIAN_POINT('Ctrl Pts',(15.,-4.17558893679061,44.1661000806013));
#5950=CARTESIAN_POINT('Ctrl Pts',(-15.,-4.17558893679061,44.1661000806013));
#5951=CARTESIAN_POINT('Ctrl Pts',(15.,-5.36217287872253,44.6057039878024));
#5952=CARTESIAN_POINT('Ctrl Pts',(-15.,-5.36217287872253,44.6057039878024));
#5953=CARTESIAN_POINT('Ctrl Pts',(15.,-6.65803897580812,44.9835613338549));
#5954=CARTESIAN_POINT('Ctrl Pts',(-15.,-6.65803897580812,44.9835613338549));
#5955=CARTESIAN_POINT('Ctrl Pts',(15.,-8.02994136634618,45.3041075653279));
#5956=CARTESIAN_POINT('Ctrl Pts',(-15.,-8.02994136634618,45.3041075653279));
#5957=CARTESIAN_POINT('Ctrl Pts',(15.,-9.20488723016232,45.5786347266104));
#5958=CARTESIAN_POINT('Ctrl Pts',(-15.,-9.20488723016232,45.5786347266104));
#5959=CARTESIAN_POINT('Ctrl Pts',(15.,-10.3798330939785,45.8531618878929));
#5960=CARTESIAN_POINT('Ctrl Pts',(-15.,-10.3798330939785,45.8531618878929));
#5961=CARTESIAN_POINT('Ctrl Pts',(15.,-11.5547789577946,46.1276890491754));
#5962=CARTESIAN_POINT('Ctrl Pts',(-15.,-11.5547789577946,46.1276890491754));
#5963=CARTESIAN_POINT('Ctrl Pts',(-9.,-9.3721607373491,45.6177183325023));
#5964=CARTESIAN_POINT('Ctrl Pts',(-6.,-9.3721607373491,45.6177183325023));
#5965=CARTESIAN_POINT('Ctrl Pts',(-3.,-9.3721607373491,45.6177183325023));
#5966=CARTESIAN_POINT('Ctrl Pts',(3.,-9.3721607373491,45.6177183325023));
#5967=CARTESIAN_POINT('Ctrl Pts',(6.,-9.3721607373491,45.6177183325023));
#5968=CARTESIAN_POINT('Ctrl Pts',(9.,-9.3721607373491,45.6177183325023));
#5969=CARTESIAN_POINT('Origin',(13.,-9.99999989983447,48.5443983095287));
#5970=CARTESIAN_POINT('',(12.999999999999,-9.99999989983447,48.5443983095302));
#5971=CARTESIAN_POINT('',(11.8811614093586,-9.99999989460894,50.2609166720951));
#5972=CARTESIAN_POINT('Ctrl Pts',(12.999999999996,-9.99999989983447,48.5443983095287));
#5973=CARTESIAN_POINT('Ctrl Pts',(12.5983164483604,-9.99999989770763,49.3396060340864));
#5974=CARTESIAN_POINT('Ctrl Pts',(12.1937271595189,-9.99999989622378,49.89440508675));
#5975=CARTESIAN_POINT('Ctrl Pts',(11.8811614093586,-9.99999989524352,50.2609166720951));
#5976=CARTESIAN_POINT('',(-11.8821231034975,-9.99999989447349,50.2609166710933));
#5977=CARTESIAN_POINT('',(7.5,-9.99999989524352,50.2609166767881));
#5978=CARTESIAN_POINT('',(-12.9999999999988,-9.99999989983077,48.5457796665646));
#5979=CARTESIAN_POINT('Ctrl Pts',(-11.8821231034975,-9.99999989524352,50.2609166710933));
#5980=CARTESIAN_POINT('Ctrl Pts',(-12.195094173648,-9.99999989622266,49.894824960112));
#5981=CARTESIAN_POINT('Ctrl Pts',(-12.5996632803814,-9.99999989770496,49.3406037912882));
#5982=CARTESIAN_POINT('Ctrl Pts',(-12.9999999999957,-9.99999989983077,48.5457796665628));
#5983=CARTESIAN_POINT('',(-13.,-9.99999989983447,48.5443983095287));
#5984=CARTESIAN_POINT('',(-13.,-9.9999999137452,43.3432821288264));
#5985=CARTESIAN_POINT('',(13.,-9.99999989983447,48.5443983095287));
#5986=CARTESIAN_POINT('Origin',(13.,-9.37216073734911,45.6177183325024));
#5987=CARTESIAN_POINT('',(13.,-9.99999990766207,45.6177183341816));
#5988=CARTESIAN_POINT('Origin',(0.000253175484578552,7.58501105270462,27.9357829176046));
#5989=CARTESIAN_POINT('',(1.10025317548458,7.58501105270462,27.9357829176046));
#5990=CARTESIAN_POINT('Origin',(0.000253175484578552,7.58501105270457,27.9357829176046));
#5991=CARTESIAN_POINT('',(1.10025317548458,7.58501105270462,27.9357829176046));
#5992=CARTESIAN_POINT('Origin',(0.000553612134162111,8.00369856082601,35.9248164895132));
#5993=CARTESIAN_POINT('',(1.10055361213416,8.00369856082601,35.9248164895132));
#5994=CARTESIAN_POINT('Origin',(0.000553612134162111,8.00369856082595,35.9248164895132));
#5995=CARTESIAN_POINT('',(1.10055361213416,8.00369856082601,35.9248164895132));
#5996=CARTESIAN_POINT('Origin',(15.,-5.,35.));
#5997=CARTESIAN_POINT('',(21.,-9.35889980617618,26.0000004177935));
#5998=CARTESIAN_POINT('Origin',(21.,-5.,35.));
#5999=CARTESIAN_POINT('',(15.,-9.35889980617618,26.0000004177935));
#6000=CARTESIAN_POINT('Origin',(15.,-5.,35.));
#6001=CARTESIAN_POINT('',(-19.9282539023726,4.15041620353201,39.0335943403048));
#6002=CARTESIAN_POINT('Ctrl Pts',(-19.9297582933553,4.15023077101166,39.0300560770378));
#6003=CARTESIAN_POINT('Ctrl Pts',(-20.0016075762275,4.25023577164286,38.8034055410466));
#6004=CARTESIAN_POINT('Ctrl Pts',(-20.0715827267824,4.34195841312403,38.5727685817616));
#6005=CARTESIAN_POINT('Ctrl Pts',(-20.1395600582458,4.42511804004042,38.3385260787623));
#6006=CARTESIAN_POINT('Ctrl Pts',(-13.,4.150416203532,39.0335943403048));
#6007=CARTESIAN_POINT('Ctrl Pts',(-14.0190457550029,4.150416203532,39.0335943403048));
#6008=CARTESIAN_POINT('Ctrl Pts',(-15.0380915100058,4.150416203532,39.0335943403048));
#6009=CARTESIAN_POINT('Ctrl Pts',(-17.3475094774633,4.150416203532,39.0335943403048));
#6010=CARTESIAN_POINT('Ctrl Pts',(-18.637881689918,4.150416203532,39.0335943403048));
#6011=CARTESIAN_POINT('Ctrl Pts',(-19.9282539023726,4.150416203532,39.0335943403048));
#6012=CARTESIAN_POINT('Ctrl Pts',(-10.,4.93360108436174,41.6459689663291));
#6013=CARTESIAN_POINT('Ctrl Pts',(-22.1142745300173,4.93360108436174,41.6459689663291));
#6014=CARTESIAN_POINT('Ctrl Pts',(-10.,4.59800246533137,40.6033733939725));
#6015=CARTESIAN_POINT('Ctrl Pts',(-22.1142745300173,4.59800246533137,40.6033733939725));
#6016=CARTESIAN_POINT('Ctrl Pts',(-10.,4.27016975557526,39.485875312964));
#6017=CARTESIAN_POINT('Ctrl Pts',(-22.1142745300173,4.27016975557526,39.485875312964));
#6018=CARTESIAN_POINT('Ctrl Pts',(-10.,3.95073102395409,38.3106458761562));
#6019=CARTESIAN_POINT('Ctrl Pts',(-22.1142745300173,3.95073102395409,38.3106458761562));
#6020=CARTESIAN_POINT('Ctrl Pts',(-10.,3.91934991109611,38.195193352903));
#6021=CARTESIAN_POINT('Ctrl Pts',(-22.1142745300173,3.91934991109611,38.195193352903));
#6022=CARTESIAN_POINT('Ctrl Pts',(-10.,3.888050910142,38.0791690529504));
#6023=CARTESIAN_POINT('Ctrl Pts',(-22.1142745300173,3.888050910142,38.0791690529504));
#6024=CARTESIAN_POINT('Ctrl Pts',(-10.,3.8568354286945,37.9625787303785));
#6025=CARTESIAN_POINT('Ctrl Pts',(-22.1142745300173,3.8568354286945,37.9625787303785));
#6026=CARTESIAN_POINT('Ctrl Pts',(-10.,3.75711943444719,37.5901378966714));
#6027=CARTESIAN_POINT('Ctrl Pts',(-22.1142745300173,3.75711943444719,37.5901378966714));
#6028=CARTESIAN_POINT('Ctrl Pts',(-10.,3.65740344019987,37.2176970629643));
#6029=CARTESIAN_POINT('Ctrl Pts',(-22.1142745300173,3.65740344019987,37.2176970629643));
#6030=CARTESIAN_POINT('Ctrl Pts',(-10.,3.55768744595255,36.8452562292571));
#6031=CARTESIAN_POINT('Ctrl Pts',(-22.1142745300173,3.55768744595255,36.8452562292571));
#6032=CARTESIAN_POINT('Ctrl Pts',(-19.453564971003,4.53025968794896,40.345329423063));
#6033=CARTESIAN_POINT('Ctrl Pts',(-19.5784499274646,4.43640872291323,40.0316392541896));
#6034=CARTESIAN_POINT('Ctrl Pts',(-19.6957180916502,4.34389834355453,39.7147199400173));
#6035=CARTESIAN_POINT('Ctrl Pts',(-19.8060396591412,4.25293358288272,39.3959976858431));
#6036=CARTESIAN_POINT('Ctrl Pts',(-19.8476921633123,4.21858934576326,39.2756623758641));
#6037=CARTESIAN_POINT('Ctrl Pts',(-19.8884214968972,4.18440980052799,39.1548761387035));
#6038=CARTESIAN_POINT('Ctrl Pts',(-19.9282539023726,4.15040713322861,39.0337137403786));
#6039=CARTESIAN_POINT('Origin',(15.,-8.87298410034247,26.0000004182187));
#6040=CARTESIAN_POINT('',(-21.,-9.99999996013098,26.0000004172325));
#6041=CARTESIAN_POINT('',(7.5,-9.99999996013098,26.0000004172325));
#6042=CARTESIAN_POINT('',(-21.,-9.35889980617618,26.0000004177935));
#6043=CARTESIAN_POINT('',(-21.,-0.940744233689728,26.0000004251597));
#6044=CARTESIAN_POINT('',(-13.,-9.35889980617618,26.0000004177935));
#6045=CARTESIAN_POINT('Origin',(15.,-5.,35.));
#6046=CARTESIAN_POINT('Origin',(-21.,-5.,35.));
#6047=CARTESIAN_POINT('Origin',(15.,-10.0000001472615,26.0000004172325));
#6048=CARTESIAN_POINT('',(21.,-9.99999996013098,26.0000004172325));
#6049=CARTESIAN_POINT('',(21.,-2.50000008015273,26.0000004237953));
#6050=CARTESIAN_POINT('',(7.5,-9.99999996013098,26.0000004172325));
#6051=CARTESIAN_POINT('Origin',(15.,-5.,35.));
#6052=CARTESIAN_POINT('',(19.9282539023726,4.15041620353201,39.0335943403048));
#6053=CARTESIAN_POINT('Ctrl Pts',(19.9282539023726,4.150416203532,39.0335943403048));
#6054=CARTESIAN_POINT('Ctrl Pts',(18.637881689918,4.150416203532,39.0335943403048));
#6055=CARTESIAN_POINT('Ctrl Pts',(17.3475094774633,4.150416203532,39.0335943403048));
#6056=CARTESIAN_POINT('Ctrl Pts',(15.0380915100058,4.150416203532,39.0335943403048));
#6057=CARTESIAN_POINT('Ctrl Pts',(14.0190457550029,4.150416203532,39.0335943403048));
#6058=CARTESIAN_POINT('Ctrl Pts',(13.,4.150416203532,39.0335943403048));
#6059=CARTESIAN_POINT('Ctrl Pts',(20.1398438632561,4.4250424590463,38.3370839074775));
#6060=CARTESIAN_POINT('Ctrl Pts',(20.0950700146742,4.37024660445149,38.4913454881152));
#6061=CARTESIAN_POINT('Ctrl Pts',(20.0494004838006,4.31169852463401,38.6441438031439));
#6062=CARTESIAN_POINT('Ctrl Pts',(20.0028656916058,4.24946625216673,38.7953637811867));
#6063=CARTESIAN_POINT('Ctrl Pts',(19.978819038949,4.21730799445284,38.8735060509865));
#6064=CARTESIAN_POINT('Ctrl Pts',(19.9545624965639,4.18419407030129,38.9511585001441));
#6065=CARTESIAN_POINT('Ctrl Pts',(19.930102487387,4.15013910043084,39.0283068981546));
#6066=CARTESIAN_POINT('Ctrl Pts',(10.,3.55768744595268,36.8452562292576));
#6067=CARTESIAN_POINT('Ctrl Pts',(22.1142745300173,3.55768744595268,36.8452562292576));
#6068=CARTESIAN_POINT('Ctrl Pts',(10.,3.65740344019996,37.2176970629646));
#6069=CARTESIAN_POINT('Ctrl Pts',(22.1142745300173,3.65740344019996,37.2176970629646));
#6070=CARTESIAN_POINT('Ctrl Pts',(10.,3.75711943444723,37.5901378966716));
#6071=CARTESIAN_POINT('Ctrl Pts',(22.1142745300173,3.75711943444723,37.5901378966716));
#6072=CARTESIAN_POINT('Ctrl Pts',(10.,3.8568354286945,37.9625787303785));
#6073=CARTESIAN_POINT('Ctrl Pts',(22.1142745300173,3.8568354286945,37.9625787303785));
#6074=CARTESIAN_POINT('Ctrl Pts',(10.,3.888050910142,38.0791690529504));
#6075=CARTESIAN_POINT('Ctrl Pts',(22.1142745300173,3.888050910142,38.0791690529504));
#6076=CARTESIAN_POINT('Ctrl Pts',(10.,3.91934991109611,38.195193352903));
#6077=CARTESIAN_POINT('Ctrl Pts',(22.1142745300173,3.91934991109611,38.195193352903));
#6078=CARTESIAN_POINT('Ctrl Pts',(10.,3.95073102395409,38.3106458761562));
#6079=CARTESIAN_POINT('Ctrl Pts',(22.1142745300173,3.95073102395409,38.3106458761562));
#6080=CARTESIAN_POINT('Ctrl Pts',(10.,4.27016975557526,39.485875312964));
#6081=CARTESIAN_POINT('Ctrl Pts',(22.1142745300173,4.27016975557526,39.485875312964));
#6082=CARTESIAN_POINT('Ctrl Pts',(10.,4.59800246533137,40.6033733939725));
#6083=CARTESIAN_POINT('Ctrl Pts',(22.1142745300173,4.59800246533137,40.6033733939725));
#6084=CARTESIAN_POINT('Ctrl Pts',(10.,4.93360108436174,41.6459689663291));
#6085=CARTESIAN_POINT('Ctrl Pts',(22.1142745300173,4.93360108436174,41.6459689663291));
#6086=CARTESIAN_POINT('Ctrl Pts',(19.9282539023726,4.15040713322861,39.0337137403786));
#6087=CARTESIAN_POINT('Ctrl Pts',(19.8884114975789,4.18441833637941,39.1549065546771));
#6088=CARTESIAN_POINT('Ctrl Pts',(19.8476717143075,4.21860650628295,39.2757230188119));
#6089=CARTESIAN_POINT('Ctrl Pts',(19.8060082911994,4.25295944695393,39.3960883081604));
#6090=CARTESIAN_POINT('Ctrl Pts',(19.6956958656988,4.34391587649808,39.7147800051839));
#6091=CARTESIAN_POINT('Ctrl Pts',(19.5784380970603,4.4364176134544,40.0316689701904));
#6092=CARTESIAN_POINT('Ctrl Pts',(19.453564971006,4.53025968794666,40.3453294230553));
#6093=CARTESIAN_POINT('Ctrl Pts',(13.8487286812303,9.40724294605792,47.3290212191127));
#6094=CARTESIAN_POINT('Ctrl Pts',(13.8487286812303,2.48490787598541,47.6918054275884));
#6095=CARTESIAN_POINT('Ctrl Pts',(15.6718252115855,9.34007529265121,46.0473860434652));
#6096=CARTESIAN_POINT('Ctrl Pts',(15.6718252115855,2.4177402225787,46.4101702519409));
#6097=CARTESIAN_POINT('Ctrl Pts',(17.1758867459094,9.25804680914055,44.4821893373111));
#6098=CARTESIAN_POINT('Ctrl Pts',(17.1758867459094,2.33571173906804,44.8449735457867));
#6099=CARTESIAN_POINT('Ctrl Pts',(18.3308306403049,9.1526184888926,42.4704971479025));
#6100=CARTESIAN_POINT('Ctrl Pts',(18.3308306403049,2.23028341882009,42.8332813563782));
#6101=CARTESIAN_POINT('Ctrl Pts',(19.5823181513163,9.03837724588723,40.2906443747411));
#6102=CARTESIAN_POINT('Ctrl Pts',(19.5823181513163,2.11604217581472,40.6534285832167));
#6103=CARTESIAN_POINT('Ctrl Pts',(20.4628050151625,8.89128387567608,37.4839356718833));
#6104=CARTESIAN_POINT('Ctrl Pts',(20.4628050151625,1.96894880560357,37.8467198803589));
#6105=CARTESIAN_POINT('Ctrl Pts',(21.0299048950372,8.72158642642986,34.2459154472572));
#6106=CARTESIAN_POINT('Ctrl Pts',(21.0299048950372,1.79925135635735,34.6086996557328));
#6107=CARTESIAN_POINT('Ctrl Pts',(-21.0299048950372,8.72158642642994,34.2459154472572));
#6108=CARTESIAN_POINT('Ctrl Pts',(-21.0299048950372,1.79925135635737,34.6086996557328));
#6109=CARTESIAN_POINT('Ctrl Pts',(-20.4865005454905,8.88419328864219,37.3486392114922));
#6110=CARTESIAN_POINT('Ctrl Pts',(-20.4865005454905,1.96185821856962,37.7114234199678));
#6111=CARTESIAN_POINT('Ctrl Pts',(-19.654494324455,9.02627367301836,40.0596944464192));
#6112=CARTESIAN_POINT('Ctrl Pts',(-19.654494324455,2.10393860294579,40.4224786548948));
#6113=CARTESIAN_POINT('Ctrl Pts',(-18.4857114785338,9.13814186689044,42.1942667447019));
#6114=CARTESIAN_POINT('Ctrl Pts',(-18.4857114785338,2.21580679681787,42.5570509531775));
#6115=CARTESIAN_POINT('Ctrl Pts',(-17.371737281507,9.24476413797901,44.2287408732991));
#6116=CARTESIAN_POINT('Ctrl Pts',(-17.371737281507,2.32242906790644,44.5915250817748));
#6117=CARTESIAN_POINT('Ctrl Pts',(-15.9205635179648,9.32754129177211,45.8082230594462));
#6118=CARTESIAN_POINT('Ctrl Pts',(-15.9205635179648,2.40520622169955,46.1710072679218));
#6119=CARTESIAN_POINT('Ctrl Pts',(-14.150253658487,9.39587182167375,47.1120472404444));
#6120=CARTESIAN_POINT('Ctrl Pts',(-14.150253658487,2.47353675160118,47.47483144892));
#6121=CARTESIAN_POINT('Ctrl Pts',(-14.0506997348644,9.39971441020055,47.1853681973591));
#6122=CARTESIAN_POINT('Ctrl Pts',(-14.0506997348644,2.47737934012799,47.5481524058347));
#6123=CARTESIAN_POINT('Ctrl Pts',(-13.950187370581,9.4035049420807,47.2576958542833));
#6124=CARTESIAN_POINT('Ctrl Pts',(-13.950187370581,2.48116987200813,47.6204800627589));
#6125=CARTESIAN_POINT('Ctrl Pts',(-13.8487286812303,9.40724294605796,47.3290212191127));
#6126=CARTESIAN_POINT('Ctrl Pts',(-13.8487286812303,2.4849078759854,47.6918054275884));
#6127=CARTESIAN_POINT('Origin',(-21.,6.99149561275555,49.0932821174652));
#6128=CARTESIAN_POINT('',(-21.,-9.99999999465087,13.0932821174652));
#6129=CARTESIAN_POINT('',(-21.,-9.99999989168002,51.5932821401876));
#6130=CARTESIAN_POINT('',(-21.,-1.50425219362222,13.0932821174652));
#6131=CARTESIAN_POINT('Origin',(21.,5.,11.0932821174652));
#6132=CARTESIAN_POINT('',(21.,-9.99999999465087,13.0932821174652));
#6133=CARTESIAN_POINT('',(21.,-2.5,13.0932821174652));
#6134=CARTESIAN_POINT('',(21.,-9.9999999424968,32.5932821375244));
#6135=CARTESIAN_POINT('Origin',(0.,-10.,13.0932821174652));
#6136=CARTESIAN_POINT('',(0.,-9.99999999465087,13.0932821174652));
#6137=CARTESIAN_POINT('Origin',(15.,-8.87298410209254,28.0000004182187));
#6138=CARTESIAN_POINT('',(15.,-8.87298410209253,28.0000004182187));
#6139=CARTESIAN_POINT('',(-4.,-9.99999995478184,28.0000004172325));
#6140=CARTESIAN_POINT('Origin',(15.,-5.,35.));
#6141=CARTESIAN_POINT('',(15.,2.02075453886375,38.8352321579044));
#6142=CARTESIAN_POINT('Ctrl Pts',(15.,3.02979873657099,42.2587793942319));
#6143=CARTESIAN_POINT('Ctrl Pts',(-24.,3.02979873657099,42.2587793942319));
#6144=CARTESIAN_POINT('Ctrl Pts',(15.,2.95501853816545,42.0264616809385));
#6145=CARTESIAN_POINT('Ctrl Pts',(-24.,2.95501853816545,42.0264616809385));
#6146=CARTESIAN_POINT('Ctrl Pts',(15.,2.80418488053371,41.5497157238159));
#6147=CARTESIAN_POINT('Ctrl Pts',(-24.,2.80418488053371,41.5497157238159));
#6148=CARTESIAN_POINT('Ctrl Pts',(15.,2.59963891248521,40.8810551232934));
#6149=CARTESIAN_POINT('Ctrl Pts',(-24.,2.59963891248521,40.8810551232934));
#6150=CARTESIAN_POINT('Ctrl Pts',(15.,2.39825301508283,40.1938658021195));
#6151=CARTESIAN_POINT('Ctrl Pts',(-24.,2.39825301508283,40.1938658021195));
#6152=CARTESIAN_POINT('Ctrl Pts',(15.,2.19983747077706,39.4892601479173));
#6153=CARTESIAN_POINT('Ctrl Pts',(-24.,2.19983747077706,39.4892601479173));
#6154=CARTESIAN_POINT('Ctrl Pts',(15.,2.07387000376308,39.0306463382157));
#6155=CARTESIAN_POINT('Ctrl Pts',(-24.,2.07387000376308,39.0306463382157));
#6156=CARTESIAN_POINT('Ctrl Pts',(15.,2.02075453886375,38.8352321579044));
#6157=CARTESIAN_POINT('Ctrl Pts',(-24.,2.02075453886375,38.8352321579044));
#6158=CARTESIAN_POINT('Origin',(15.,-10.0000001490116,28.0000004172325));
#6159=CARTESIAN_POINT('',(23.,-10.0000001490116,28.0000004172325));
#6160=CARTESIAN_POINT('',(23.,-5.75212616930729,28.0000004209496));
#6161=CARTESIAN_POINT('',(15.,-10.0000001490116,28.0000004172325));
#6162=CARTESIAN_POINT('',(15.,-5.75212616930727,28.0000004209496));
#6163=CARTESIAN_POINT('',(15.,-9.99999995478184,28.0000004172325));
#6164=CARTESIAN_POINT('Ctrl Pts',(15.,2.02075453886375,38.8352321579044));
#6165=CARTESIAN_POINT('Ctrl Pts',(29.,2.02075453886375,38.8352321579044));
#6166=CARTESIAN_POINT('Ctrl Pts',(15.,2.07387000376309,39.0306463382157));
#6167=CARTESIAN_POINT('Ctrl Pts',(29.,2.07387000376309,39.0306463382157));
#6168=CARTESIAN_POINT('Ctrl Pts',(15.,2.19983747077706,39.4892601479174));
#6169=CARTESIAN_POINT('Ctrl Pts',(29.,2.19983747077706,39.4892601479174));
#6170=CARTESIAN_POINT('Ctrl Pts',(15.,2.39825301508283,40.1938658021195));
#6171=CARTESIAN_POINT('Ctrl Pts',(29.,2.39825301508283,40.1938658021195));
#6172=CARTESIAN_POINT('Ctrl Pts',(15.,2.59963891248521,40.8810551232934));
#6173=CARTESIAN_POINT('Ctrl Pts',(29.,2.59963891248521,40.8810551232934));
#6174=CARTESIAN_POINT('Ctrl Pts',(15.,2.80418488053371,41.5497157238159));
#6175=CARTESIAN_POINT('Ctrl Pts',(29.,2.80418488053371,41.5497157238159));
#6176=CARTESIAN_POINT('Ctrl Pts',(15.,2.95501853816545,42.0264616809385));
#6177=CARTESIAN_POINT('Ctrl Pts',(29.,2.95501853816545,42.0264616809385));
#6178=CARTESIAN_POINT('Ctrl Pts',(15.,3.02979873657099,42.2587793942319));
#6179=CARTESIAN_POINT('Ctrl Pts',(29.,3.02979873657099,42.2587793942319));
#6180=CARTESIAN_POINT('Ctrl Pts',(15.,2.02075453886375,38.8352321579044));
#6181=CARTESIAN_POINT('Ctrl Pts',(15.,2.07387000376308,39.0306463382157));
#6182=CARTESIAN_POINT('Ctrl Pts',(15.,2.19983747077706,39.4892601479173));
#6183=CARTESIAN_POINT('Ctrl Pts',(15.,2.36685674769222,40.082372584178));
#6184=CARTESIAN_POINT('Ctrl Pts',(15.,2.53598072310653,40.6631443562842));
#6185=CARTESIAN_POINT('Ctrl Pts',(15.,2.70732255370752,41.2309119826603));
#6186=CARTESIAN_POINT('Ctrl Pts',(15.,2.824501615031,41.609406180764));
#6187=CARTESIAN_POINT('Ctrl Pts',(15.,2.86589690783435,41.7418908337592));
#6188=CARTESIAN_POINT('Ctrl Pts',(15.,-10.0000000296697,49.0000007301569));
#6189=CARTESIAN_POINT('Ctrl Pts',(15.,-5.00000002966973,49.0000007301569));
#6190=CARTESIAN_POINT('Ctrl Pts',(14.9372971017255,-10.0000000296697,49.1367049963076));
#6191=CARTESIAN_POINT('Ctrl Pts',(14.9372971017255,-5.00000002966973,49.1367049963076));
#6192=CARTESIAN_POINT('Ctrl Pts',(14.8086538622712,-10.0000000296697,49.4070679533423));
#6193=CARTESIAN_POINT('Ctrl Pts',(14.8086538622712,-5.00000002966973,49.4070679533423));
#6194=CARTESIAN_POINT('Ctrl Pts',(14.605976955304,-10.0000000296697,49.8034759273761));
#6195=CARTESIAN_POINT('Ctrl Pts',(14.605976955304,-5.00000002966973,49.8034759273761));
#6196=CARTESIAN_POINT('Ctrl Pts',(14.3159949923693,-10.0000000296697,50.3134440611879));
#6197=CARTESIAN_POINT('Ctrl Pts',(14.3159949923693,-5.00000002966973,50.3134440611879));
#6198=CARTESIAN_POINT('Ctrl Pts',(13.9183767566346,-10.0000000296697,50.9178460711755));
#6199=CARTESIAN_POINT('Ctrl Pts',(13.9183767566346,-5.00000002966973,50.9178460711755));
#6200=CARTESIAN_POINT('Ctrl Pts',(13.4824885466868,-10.0000000296697,51.4862461838662));
#6201=CARTESIAN_POINT('Ctrl Pts',(13.4824885466868,-5.00000002966973,51.4862461838662));
#6202=CARTESIAN_POINT('Ctrl Pts',(13.005224935501,-10.0000000296697,52.0157230159182));
#6203=CARTESIAN_POINT('Ctrl Pts',(13.005224935501,-5.00000002966973,52.0157230159182));
#6204=CARTESIAN_POINT('Ctrl Pts',(12.4849229289902,-10.0000000296697,52.504712130882));
#6205=CARTESIAN_POINT('Ctrl Pts',(12.4849229289902,-5.00000002966973,52.504712130882));
#6206=CARTESIAN_POINT('Ctrl Pts',(11.9233244262073,-10.0000000296697,52.954852193847));
#6207=CARTESIAN_POINT('Ctrl Pts',(11.9233244262073,-5.00000002966973,52.954852193847));
#6208=CARTESIAN_POINT('Ctrl Pts',(11.3235615497572,-10.0000000296697,53.3690897016076));
#6209=CARTESIAN_POINT('Ctrl Pts',(11.3235615497572,-5.00000002966973,53.3690897016076));
#6210=CARTESIAN_POINT('Ctrl Pts',(10.8157327169935,-10.0000000296697,53.6741216995224));
#6211=CARTESIAN_POINT('Ctrl Pts',(10.8157327169935,-5.00000002966973,53.6741216995224));
#6212=CARTESIAN_POINT('Ctrl Pts',(10.4201035289736,-10.0000000296697,53.8890127441606));
#6213=CARTESIAN_POINT('Ctrl Pts',(10.4201035289736,-5.00000002966973,53.8890127441606));
#6214=CARTESIAN_POINT('Ctrl Pts',(10.1498988673121,-10.0000000296697,54.026203942152));
#6215=CARTESIAN_POINT('Ctrl Pts',(10.1498988673121,-5.00000002966973,54.026203942152));
#6216=CARTESIAN_POINT('Ctrl Pts',(10.0131835169038,-10.0000000296697,54.0932821174652));
#6217=CARTESIAN_POINT('Ctrl Pts',(10.0131835169038,-5.00000002966973,54.0932821174652));
#6218=CARTESIAN_POINT('',(10.0131835169038,-10.0000000296697,54.0932821174652));
#6219=CARTESIAN_POINT('',(10.0131835169038,-10.0000000296697,54.0932821174652));
#6220=CARTESIAN_POINT('',(15.,-10.0000000296697,49.0000007301569));
#6221=CARTESIAN_POINT('Ctrl Pts',(15.,-10.0000000296697,49.0000007301569));
#6222=CARTESIAN_POINT('Ctrl Pts',(14.9372971017255,-10.0000000296697,49.1367049963076));
#6223=CARTESIAN_POINT('Ctrl Pts',(14.8086538622712,-10.0000000296697,49.4070679533423));
#6224=CARTESIAN_POINT('Ctrl Pts',(14.605976955304,-10.0000000296697,49.8034759273761));
#6225=CARTESIAN_POINT('Ctrl Pts',(14.3159949923693,-10.0000000296697,50.3134440611879));
#6226=CARTESIAN_POINT('Ctrl Pts',(13.9183767566346,-10.0000000296697,50.9178460711755));
#6227=CARTESIAN_POINT('Ctrl Pts',(13.4824885466868,-10.0000000296697,51.4862461838662));
#6228=CARTESIAN_POINT('Ctrl Pts',(13.005224935501,-10.0000000296697,52.0157230159182));
#6229=CARTESIAN_POINT('Ctrl Pts',(12.4849229289902,-10.0000000296697,52.504712130882));
#6230=CARTESIAN_POINT('Ctrl Pts',(11.9233244262073,-10.0000000296697,52.954852193847));
#6231=CARTESIAN_POINT('Ctrl Pts',(11.3235615497572,-10.0000000296697,53.3690897016076));
#6232=CARTESIAN_POINT('Ctrl Pts',(10.8157327169935,-10.0000000296697,53.6741216995224));
#6233=CARTESIAN_POINT('Ctrl Pts',(10.4201035289736,-10.0000000296697,53.8890127441606));
#6234=CARTESIAN_POINT('Ctrl Pts',(10.1498988673121,-10.0000000296697,54.026203942152));
#6235=CARTESIAN_POINT('Ctrl Pts',(10.0131835169038,-10.0000000296697,54.0932821174652));
#6236=CARTESIAN_POINT('',(15.,-10.0000000296697,49.0000007301569));
#6237=CARTESIAN_POINT('Origin',(15.,-1.50425219362222,32.5932821174652));
#6238=CARTESIAN_POINT('',(15.,-10.,11.0932821174652));
#6239=CARTESIAN_POINT('Ctrl Pts',(-9.99648431405713,-10.0000000296697,54.0932821174652));
#6240=CARTESIAN_POINT('Ctrl Pts',(-9.99648431405713,-4.00000002966973,54.0932821174652));
#6241=CARTESIAN_POINT('Ctrl Pts',(-10.1340197342486,-10.0000000296697,54.0263345992894));
#6242=CARTESIAN_POINT('Ctrl Pts',(-10.1340197342486,-4.00000002966973,54.0263345992894));
#6243=CARTESIAN_POINT('Ctrl Pts',(-10.4058232247515,-10.0000000296697,53.8893943378765));
#6244=CARTESIAN_POINT('Ctrl Pts',(-10.4058232247515,-4.00000002966973,53.8893943378765));
#6245=CARTESIAN_POINT('Ctrl Pts',(-10.803726733218,-10.0000000296697,53.6748485710109));
#6246=CARTESIAN_POINT('Ctrl Pts',(-10.803726733218,-4.00000002966973,53.6748485710109));
#6247=CARTESIAN_POINT('Ctrl Pts',(-11.3143359890956,-10.0000000296697,53.3702136131799));
#6248=CARTESIAN_POINT('Ctrl Pts',(-11.3143359890956,-4.00000002966973,53.3702136131799));
#6249=CARTESIAN_POINT('Ctrl Pts',(-11.9171248929697,-10.0000000296697,52.956358794381));
#6250=CARTESIAN_POINT('Ctrl Pts',(-11.9171248929697,-4.00000002966973,52.956358794381));
#6251=CARTESIAN_POINT('Ctrl Pts',(-12.4812559128601,-10.0000000296697,52.5064741772995));
#6252=CARTESIAN_POINT('Ctrl Pts',(-12.4812559128601,-4.00000002966973,52.5064741772995));
#6253=CARTESIAN_POINT('Ctrl Pts',(-13.0035506140187,-10.0000000296697,52.0175974072784));
#6254=CARTESIAN_POINT('Ctrl Pts',(-13.0035506140187,-4.00000002966973,52.0175974072784));
#6255=CARTESIAN_POINT('Ctrl Pts',(-13.4822308841174,-10.0000000296697,51.4880712537169));
#6256=CARTESIAN_POINT('Ctrl Pts',(-13.4822308841174,-4.00000002966973,51.4880712537169));
#6257=CARTESIAN_POINT('Ctrl Pts',(-13.9189688212423,-10.0000000296697,50.9194541401705));
#6258=CARTESIAN_POINT('Ctrl Pts',(-13.9189688212423,-4.00000002966973,50.9194541401705));
#6259=CARTESIAN_POINT('Ctrl Pts',(-14.3169069913666,-10.0000000296697,50.3146749910049));
#6260=CARTESIAN_POINT('Ctrl Pts',(-14.3169069913666,-4.00000002966973,50.3146749910049));
#6261=CARTESIAN_POINT('Ctrl Pts',(-14.606752971755,-10.0000000296697,49.8042849461907));
#6262=CARTESIAN_POINT('Ctrl Pts',(-14.606752971755,-4.00000002966973,49.8042849461907));
#6263=CARTESIAN_POINT('Ctrl Pts',(-14.8091210218042,-10.0000000296697,49.4074968423017));
#6264=CARTESIAN_POINT('Ctrl Pts',(-14.8091210218042,-4.00000002966973,49.4074968423017));
#6265=CARTESIAN_POINT('Ctrl Pts',(-14.9374678978522,-10.0000000296697,49.1368526026384));
#6266=CARTESIAN_POINT('Ctrl Pts',(-14.9374678978522,-4.00000002966973,49.1368526026384));
#6267=CARTESIAN_POINT('Ctrl Pts',(-15.,-10.0000000296697,49.0000007301569));
#6268=CARTESIAN_POINT('Ctrl Pts',(-15.,-4.00000002966973,49.0000007301569));
#6269=CARTESIAN_POINT('',(-9.99648431405713,-10.0000000296697,54.0932821174652));
#6270=CARTESIAN_POINT('Ctrl Pts',(-9.99648431405713,-10.0000000296697,54.0932821174652));
#6271=CARTESIAN_POINT('Ctrl Pts',(-10.1340197342486,-10.0000000296697,54.0263345992894));
#6272=CARTESIAN_POINT('Ctrl Pts',(-10.4058232247515,-10.0000000296697,53.8893943378765));
#6273=CARTESIAN_POINT('Ctrl Pts',(-10.803726733218,-10.0000000296697,53.6748485710109));
#6274=CARTESIAN_POINT('Ctrl Pts',(-11.3143359890956,-10.0000000296697,53.3702136131799));
#6275=CARTESIAN_POINT('Ctrl Pts',(-11.9171248929697,-10.0000000296697,52.956358794381));
#6276=CARTESIAN_POINT('Ctrl Pts',(-12.4812559128601,-10.0000000296697,52.5064741772995));
#6277=CARTESIAN_POINT('Ctrl Pts',(-13.0035506140187,-10.0000000296697,52.0175974072784));
#6278=CARTESIAN_POINT('Ctrl Pts',(-13.4822308841174,-10.0000000296697,51.4880712537169));
#6279=CARTESIAN_POINT('Ctrl Pts',(-13.9189688212423,-10.0000000296697,50.9194541401705));
#6280=CARTESIAN_POINT('Ctrl Pts',(-14.3169069913666,-10.0000000296697,50.3146749910049));
#6281=CARTESIAN_POINT('Ctrl Pts',(-14.606752971755,-10.0000000296697,49.8042849461907));
#6282=CARTESIAN_POINT('Ctrl Pts',(-14.8091210218042,-10.0000000296697,49.4074968423017));
#6283=CARTESIAN_POINT('Ctrl Pts',(-14.9374678978522,-10.0000000296697,49.1368526026384));
#6284=CARTESIAN_POINT('Ctrl Pts',(-15.,-10.0000000296697,49.0000007301569));
#6285=CARTESIAN_POINT('',(-9.99648431405713,-10.0000000296697,54.0932821174652));
#6286=CARTESIAN_POINT('Origin',(0.,5.,11.0932821174652));
#6287=CARTESIAN_POINT('',(0.,5.,11.0932821174652));
#6288=CARTESIAN_POINT('',(8.00369228416208,6.09668459121832,32.0192707058282));
#6289=CARTESIAN_POINT('Origin',(0.0036922841620832,6.09668459121831,32.0192707058282));
#6290=CARTESIAN_POINT('Origin',(0.0036922841620832,6.09668459121832,32.0192707058282));
#6291=CARTESIAN_POINT('',(8.00369228416208,7.79435480030109,31.9302995802152));
#6292=CARTESIAN_POINT('Origin',(0.0036922841620832,7.79435480030109,31.9302995802152));
#6293=CARTESIAN_POINT('',(8.00369228416208,6.09668459121832,32.0192707058282));
#6294=CARTESIAN_POINT('Origin',(0.00369228416208345,7.79435480030109,31.9302995802152));
#6295=CARTESIAN_POINT('Origin',(23.,5.,11.0932821174652));
#6296=CARTESIAN_POINT('',(23.,-10.,11.0932821174652));
#6297=CARTESIAN_POINT('',(23.,-9.9999998849936,54.0932821174652));
#6298=CARTESIAN_POINT('',(23.,-10.,11.0932821174652));
#6299=CARTESIAN_POINT('Origin',(0.,-10.,11.0932821174652));
#6300=CARTESIAN_POINT('',(0.,-10.,11.0932821174652));
#6301=CARTESIAN_POINT('Origin',(0.,-9.9999998849936,54.0932821174652));
#6302=CARTESIAN_POINT('',(0.,-9.9999998849936,54.0932821174652));
#6303=CARTESIAN_POINT('Origin',(0.,-8.4999998849936,54.0932821134533));
#6304=CARTESIAN_POINT('Origin',(-13.5,-2.99788816456441,45.491177817114));
#6305=CARTESIAN_POINT('',(0.,-10.,-15.));
#6306=UNCERTAINTY_MEASURE_WITH_UNIT(LENGTH_MEASURE(0.01),#6312,
'DISTANCE_ACCURACY_VALUE',
'Maximum model space distance between geometric entities at asserted c
onnectivities');
#6307=UNCERTAINTY_MEASURE_WITH_UNIT(LENGTH_MEASURE(0.01),#6312,
'DISTANCE_ACCURACY_VALUE',
'Maximum model space distance between geometric entities at asserted c
onnectivities');
#6308=UNCERTAINTY_MEASURE_WITH_UNIT(LENGTH_MEASURE(0.01),#6312,
'DISTANCE_ACCURACY_VALUE',
'Maximum model space distance between geometric entities at asserted c
onnectivities');
#6309=(
GEOMETRIC_REPRESENTATION_CONTEXT(3)
GLOBAL_UNCERTAINTY_ASSIGNED_CONTEXT((#6306))
GLOBAL_UNIT_ASSIGNED_CONTEXT((#6312,#6314,#6315))
REPRESENTATION_CONTEXT('','3D')
);
#6310=(
GEOMETRIC_REPRESENTATION_CONTEXT(3)
GLOBAL_UNCERTAINTY_ASSIGNED_CONTEXT((#6307))
GLOBAL_UNIT_ASSIGNED_CONTEXT((#6312,#6314,#6315))
REPRESENTATION_CONTEXT('','3D')
);
#6311=(
GEOMETRIC_REPRESENTATION_CONTEXT(3)
GLOBAL_UNCERTAINTY_ASSIGNED_CONTEXT((#6308))
GLOBAL_UNIT_ASSIGNED_CONTEXT((#6312,#6314,#6315))
REPRESENTATION_CONTEXT('','3D')
);
#6312=(
LENGTH_UNIT()
NAMED_UNIT(*)
SI_UNIT(.MILLI.,.METRE.)
);
#6313=(
LENGTH_UNIT()
NAMED_UNIT(*)
SI_UNIT($,.METRE.)
);
#6314=(
NAMED_UNIT(*)
PLANE_ANGLE_UNIT()
SI_UNIT($,.RADIAN.)
);
#6315=(
NAMED_UNIT(*)
SI_UNIT($,.STERADIAN.)
SOLID_ANGLE_UNIT()
);
#6316=SHAPE_DEFINITION_REPRESENTATION(#6318,#6321);
#6317=SHAPE_DEFINITION_REPRESENTATION(#6319,#6322);
#6318=PRODUCT_DEFINITION_SHAPE('',$,#6324);
#6319=PRODUCT_DEFINITION_SHAPE('',$,#6325);
#6320=PRODUCT_DEFINITION_SHAPE($,$,#14);
#6321=SHAPE_REPRESENTATION('',(#2838,#3036),#6309);
#6322=SHAPE_REPRESENTATION('',(#2839),#6310);
#6323=PRODUCT_DEFINITION_CONTEXT('part definition',#6331,'design');
#6324=PRODUCT_DEFINITION('2025-12-28-13-25-32-950','Body',#6326,#6323);
#6325=PRODUCT_DEFINITION('2025-12-28-13-25-32-954','FrontBracket',#6327,
#6323);
#6326=PRODUCT_DEFINITION_FORMATION('',$,#6333);
#6327=PRODUCT_DEFINITION_FORMATION('',$,#6334);
#6328=PRODUCT_RELATED_PRODUCT_CATEGORY('Body','Body',(#6333));
#6329=PRODUCT_RELATED_PRODUCT_CATEGORY('FrontBracket','FrontBracket',(#6334));
#6330=APPLICATION_PROTOCOL_DEFINITION('international standard',
'automotive_design',2009,#6331);
#6331=APPLICATION_CONTEXT(
'Core Data for Automotive Mechanical Design Process');
#6332=PRODUCT_CONTEXT('part definition',#6331,'mechanical');
#6333=PRODUCT('2025-12-28-13-25-32-950','Body',$,(#6332));
#6334=PRODUCT('2025-12-28-13-25-32-954','FrontBracket',$,(#6332));
#6335=PRESENTATION_STYLE_ASSIGNMENT((#6337));
#6336=PRESENTATION_STYLE_ASSIGNMENT((#6338));
#6337=SURFACE_STYLE_USAGE(.BOTH.,#6339);
#6338=SURFACE_STYLE_USAGE(.BOTH.,#6340);
#6339=SURFACE_SIDE_STYLE('',(#6341));
#6340=SURFACE_SIDE_STYLE('',(#6342));
#6341=SURFACE_STYLE_FILL_AREA(#6343);
#6342=SURFACE_STYLE_FILL_AREA(#6344);
#6343=FILL_AREA_STYLE('\X2\92FC\X0\ - \X2\30B530C630F3\X0\',(#6345));
#6344=FILL_AREA_STYLE(
'\X2\30CA30A430ED30F3\X0\ 12 (Formlabs Fuse 1 3D \X2\30D730EA30F330BF4F7F7528\X0\)',
(#6346));
#6345=FILL_AREA_STYLE_COLOUR('\X2\92FC\X0\ - \X2\30B530C630F3\X0\',#6347);
#6346=FILL_AREA_STYLE_COLOUR(
'\X2\30CA30A430ED30F3\X0\ 12 (Formlabs Fuse 1 3D \X2\30D730EA30F330BF4F7F7528\X0\)',
#6348);
#6347=COLOUR_RGB('\X2\92FC\X0\ - \X2\30B530C630F3\X0\',0.627450980392157,
0.627450980392157,0.627450980392157);
#6348=COLOUR_RGB(
'\X2\30CA30A430ED30F3\X0\ 12 (Formlabs Fuse 1 3D \X2\30D730EA30F330BF4F7F7528\X0\)',
0.52156862745098,0.52156862745098,0.603921568627451);
ENDSEC;
END-ISO-10303-21;
