ISO-10303-21;
HEADER;
/* Generated by software containing ST-Developer
 * from STEP Tools, Inc. (www.steptools.com) 
 */

FILE_DESCRIPTION(
/* description */ (''),
/* implementation_level */ '2;1');

FILE_NAME(
/* name */ 'LegL.step',
/* time_stamp */ '2025-12-28T12:53:07+09:00',
/* author */ (''),
/* organization */ (''),
/* preprocessor_version */ 'ST-DEVELOPER v20.1',
/* originating_system */ 'Autodesk Translation Framework v14.21.0.0',
/* authorisation */ '');

FILE_SCHEMA (('AUTOMOTIVE_DESIGN { 1 0 10303 214 3 1 1 }'));
ENDSEC;

DATA;
#10=MECHANICAL_DESIGN_GEOMETRIC_PRESENTATION_REPRESENTATION('',(#54,#55,
#56,#57,#58,#59),#2508);
#11=SHAPE_REPRESENTATION_RELATIONSHIP('SRR','None',#2515,#12);
#12=ADVANCED_BREP_SHAPE_REPRESENTATION('',(#60,#61,#62,#63,#64,#65),#2507);
#13=(
BOUNDED_CURVE()
B_SPLINE_CURVE(5,(#1942,#1943,#1944,#1945,#1946,#1947,#1948,#1949,#1950,
#1951,#1952,#1953,#1954,#1955,#1956),.UNSPECIFIED.,.F.,.F.)
B_SPLINE_CURVE_WITH_KNOTS((6,1,1,1,1,1,1,1,1,1,6),(-1.,-0.9,-0.8,-0.7,-0.6,
-0.5,-0.4,-0.3,-0.2,-0.1,0.),.UNSPECIFIED.)
CURVE()
GEOMETRIC_REPRESENTATION_ITEM()
RATIONAL_B_SPLINE_CURVE((1.,1.,1.,1.,1.,1.,1.,1.,1.,1.,1.,1.,1.,1.,1.))
REPRESENTATION_ITEM('')
);
#14=(
BOUNDED_CURVE()
B_SPLINE_CURVE(5,(#1957,#1958,#1959,#1960,#1961,#1962,#1963,#1964,#1965,
#1966,#1967,#1968,#1969,#1970,#1971),.UNSPECIFIED.,.F.,.F.)
B_SPLINE_CURVE_WITH_KNOTS((6,1,1,1,1,1,1,1,1,1,6),(-1.,-0.9,-0.8,-0.7,-0.6,
-0.5,-0.4,-0.3,-0.2,-0.1,0.),.UNSPECIFIED.)
CURVE()
GEOMETRIC_REPRESENTATION_ITEM()
RATIONAL_B_SPLINE_CURVE((1.,1.,1.,1.,1.,1.,1.,1.,1.,1.,1.,1.,1.,1.,1.))
REPRESENTATION_ITEM('')
);
#15=(
BOUNDED_CURVE()
B_SPLINE_CURVE(5,(#2008,#2009,#2010,#2011,#2012,#2013,#2014,#2015,#2016,
#2017,#2018,#2019,#2020,#2021,#2022),.UNSPECIFIED.,.F.,.F.)
B_SPLINE_CURVE_WITH_KNOTS((6,1,1,1,1,1,1,1,1,1,6),(-1.,-0.9,-0.8,-0.7,-0.6,
-0.5,-0.4,-0.3,-0.2,-0.1,0.),.UNSPECIFIED.)
CURVE()
GEOMETRIC_REPRESENTATION_ITEM()
RATIONAL_B_SPLINE_CURVE((1.,1.,1.,1.,1.,1.,1.,1.,1.,1.,1.,1.,1.,1.,1.))
REPRESENTATION_ITEM('')
);
#16=(
BOUNDED_CURVE()
B_SPLINE_CURVE(5,(#2083,#2084,#2085,#2086,#2087,#2088,#2089,#2090,#2091,
#2092,#2093,#2094,#2095,#2096,#2097),.UNSPECIFIED.,.F.,.F.)
B_SPLINE_CURVE_WITH_KNOTS((6,1,1,1,1,1,1,1,1,1,6),(-1.,-0.9,-0.8,-0.7,-0.6,
-0.5,-0.4,-0.3,-0.2,-0.1,0.),.UNSPECIFIED.)
CURVE()
GEOMETRIC_REPRESENTATION_ITEM()
RATIONAL_B_SPLINE_CURVE((1.,1.,1.,1.,1.,1.,1.,1.,1.,1.,1.,1.,1.,1.,1.))
REPRESENTATION_ITEM('')
);
#17=(
BOUNDED_CURVE()
B_SPLINE_CURVE(5,(#2180,#2181,#2182,#2183,#2184,#2185,#2186,#2187,#2188,
#2189,#2190,#2191,#2192),.UNSPECIFIED.,.F.,.F.)
B_SPLINE_CURVE_WITH_KNOTS((6,1,1,1,1,1,1,1,6),(-0.814914383398972,-0.8,
-0.7,-0.6,-0.5,-0.4,-0.3,-0.2,-0.151757380879024),.UNSPECIFIED.)
CURVE()
GEOMETRIC_REPRESENTATION_ITEM()
RATIONAL_B_SPLINE_CURVE((1.,1.,1.,1.,1.,1.,1.,1.,1.,1.,1.,1.,1.))
REPRESENTATION_ITEM('')
);
#18=B_SPLINE_SURFACE_WITH_KNOTS('',3,3,((#1695,#1696,#1697,#1698,#1699,
#1700),(#1701,#1702,#1703,#1704,#1705,#1706),(#1707,#1708,#1709,#1710,#1711,
#1712),(#1713,#1714,#1715,#1716,#1717,#1718),(#1719,#1720,#1721,#1722,#1723,
#1724),(#1725,#1726,#1727,#1728,#1729,#1730),(#1731,#1732,#1733,#1734,#1735,
#1736),(#1737,#1738,#1739,#1740,#1741,#1742),(#1743,#1744,#1745,#1746,#1747,
#1748),(#1749,#1750,#1751,#1752,#1753,#1754),(#1755,#1756,#1757,#1758,#1759,
#1760),(#1761,#1762,#1763,#1764,#1765,#1766),(#1767,#1768,#1769,#1770,#1771,
#1772),(#1773,#1774,#1775,#1776,#1777,#1778),(#1779,#1780,#1781,#1782,#1783,
#1784),(#1785,#1786,#1787,#1788,#1789,#1790)),.UNSPECIFIED.,.F.,.F.,.F.,
(4,2,1,2,2,2,1,2,4),(4,1,1,4),(0.,0.0972461324120857,0.25,0.402753867587915,
0.5,0.597246132412085,0.75,0.902753867587914,1.),(0.,0.285714285714286,
0.571428571428571,1.),.UNSPECIFIED.);
#19=B_SPLINE_SURFACE_WITH_KNOTS('',3,3,((#1894,#1895,#1896,#1897,#1898,
#1899),(#1900,#1901,#1902,#1903,#1904,#1905),(#1906,#1907,#1908,#1909,#1910,
#1911),(#1912,#1913,#1914,#1915,#1916,#1917),(#1918,#1919,#1920,#1921,#1922,
#1923),(#1924,#1925,#1926,#1927,#1928,#1929),(#1930,#1931,#1932,#1933,#1934,
#1935),(#1936,#1937,#1938,#1939,#1940,#1941)),.UNSPECIFIED.,.F.,.F.,.F.,
(4,1,2,1,4),(4,1,1,4),(0.,0.199999998654619,0.499999996636548,0.699999997981929,
1.),(0.,0.571428571428571,0.714285714285714,1.),.UNSPECIFIED.);
#20=B_SPLINE_SURFACE_WITH_KNOTS('',3,3,((#1972,#1973,#1974,#1975,#1976,
#1977),(#1978,#1979,#1980,#1981,#1982,#1983),(#1984,#1985,#1986,#1987,#1988,
#1989),(#1990,#1991,#1992,#1993,#1994,#1995),(#1996,#1997,#1998,#1999,#2000,
#2001),(#2002,#2003,#2004,#2005,#2006,#2007)),.UNSPECIFIED.,.F.,.F.,.F.,
(4,1,1,4),(4,1,1,4),(0.,0.285714285714286,0.571428571428571,1.),(0.,0.571428571428571,
0.785714285714286,1.),.UNSPECIFIED.);
#21=B_SPLINE_SURFACE_WITH_KNOTS('',3,3,((#2023,#2024,#2025,#2026,#2027),
(#2028,#2029,#2030,#2031,#2032),(#2033,#2034,#2035,#2036,#2037),(#2038,
#2039,#2040,#2041,#2042),(#2043,#2044,#2045,#2046,#2047),(#2048,#2049,#2050,
#2051,#2052)),.UNSPECIFIED.,.F.,.F.,.F.,(4,2,4),(4,1,4),(0.,0.341375550011797,
1.),(0.,0.571428571428571,1.),.UNSPECIFIED.);
#22=B_SPLINE_SURFACE_WITH_KNOTS('',3,3,((#2053,#2054,#2055,#2056,#2057),
(#2058,#2059,#2060,#2061,#2062),(#2063,#2064,#2065,#2066,#2067),(#2068,
#2069,#2070,#2071,#2072),(#2073,#2074,#2075,#2076,#2077),(#2078,#2079,#2080,
#2081,#2082)),.UNSPECIFIED.,.F.,.F.,.F.,(4,2,4),(4,1,4),(0.,0.658624466492783,
1.),(0.,0.571428571428571,1.),.UNSPECIFIED.);
#23=B_SPLINE_SURFACE_WITH_KNOTS('',3,3,((#2098,#2099,#2100,#2101,#2102,
#2103),(#2104,#2105,#2106,#2107,#2108,#2109),(#2110,#2111,#2112,#2113,#2114,
#2115),(#2116,#2117,#2118,#2119,#2120,#2121),(#2122,#2123,#2124,#2125,#2126,
#2127),(#2128,#2129,#2130,#2131,#2132,#2133)),.UNSPECIFIED.,.F.,.F.,.F.,
(4,1,1,4),(4,1,1,4),(0.,0.285714285714286,0.571428571428571,1.),(0.,0.285714285714286,
0.571428571428571,1.),.UNSPECIFIED.);
#24=B_SPLINE_SURFACE_WITH_KNOTS('',3,3,((#2193,#2194,#2195,#2196,#2197,
#2198,#2199,#2200,#2201,#2202,#2203,#2204,#2205),(#2206,#2207,#2208,#2209,
#2210,#2211,#2212,#2213,#2214,#2215,#2216,#2217,#2218),(#2219,#2220,#2221,
#2222,#2223,#2224,#2225,#2226,#2227,#2228,#2229,#2230,#2231),(#2232,#2233,
#2234,#2235,#2236,#2237,#2238,#2239,#2240,#2241,#2242,#2243,#2244),(#2245,
#2246,#2247,#2248,#2249,#2250,#2251,#2252,#2253,#2254,#2255,#2256,#2257),
(#2258,#2259,#2260,#2261,#2262,#2263,#2264,#2265,#2266,#2267,#2268,#2269,
#2270),(#2271,#2272,#2273,#2274,#2275,#2276,#2277,#2278,#2279,#2280,#2281,
#2282,#2283),(#2284,#2285,#2286,#2287,#2288,#2289,#2290,#2291,#2292,#2293,
#2294,#2295,#2296),(#2297,#2298,#2299,#2300,#2301,#2302,#2303,#2304,#2305,
#2306,#2307,#2308,#2309),(#2310,#2311,#2312,#2313,#2314,#2315,#2316,#2317,
#2318,#2319,#2320,#2321,#2322),(#2323,#2324,#2325,#2326,#2327,#2328,#2329,
#2330,#2331,#2332,#2333,#2334,#2335),(#2336,#2337,#2338,#2339,#2340,#2341,
#2342,#2343,#2344,#2345,#2346,#2347,#2348),(#2349,#2350,#2351,#2352,#2353,
#2354,#2355,#2356,#2357,#2358,#2359,#2360,#2361)),.UNSPECIFIED.,.F.,.F.,
 .F.,(4,2,2,1,2,2,4),(4,1,1,1,1,1,1,1,1,1,4),(0.,0.234296324164956,0.292341369229108,
0.483678347960473,0.675015326691837,0.821186011306391,1.),(0.,0.142857142857143,
0.231700730421832,0.285714285714286,0.428571428571429,0.473047914972333,
0.571428571428571,0.714285714285714,0.728883563593048,0.857142857142857,
1.),.UNSPECIFIED.);
#25=B_SPLINE_SURFACE_WITH_KNOTS('',3,3,((#2379,#2380,#2381,#2382,#2383,
#2384,#2385,#2386,#2387,#2388),(#2389,#2390,#2391,#2392,#2393,#2394,#2395,
#2396,#2397,#2398),(#2399,#2400,#2401,#2402,#2403,#2404,#2405,#2406,#2407,
#2408),(#2409,#2410,#2411,#2412,#2413,#2414,#2415,#2416,#2417,#2418),(#2419,
#2420,#2421,#2422,#2423,#2424,#2425,#2426,#2427,#2428),(#2429,#2430,#2431,
#2432,#2433,#2434,#2435,#2436,#2437,#2438)),.UNSPECIFIED.,.F.,.F.,.F.,(4,
1,1,4),(4,1,1,1,1,1,1,4),(0.,0.285714285714286,0.571428571428571,1.),(0.,
0.231700730421832,0.241308517107643,0.47304791497233,0.487913116587553,
0.728883563593046,0.740926928185141,1.),.UNSPECIFIED.);
#26=B_SPLINE_SURFACE_WITH_KNOTS('',3,3,((#2446,#2447,#2448,#2449,#2450,
#2451,#2452),(#2453,#2454,#2455,#2456,#2457,#2458,#2459),(#2460,#2461,#2462,
#2463,#2464,#2465,#2466),(#2467,#2468,#2469,#2470,#2471,#2472,#2473),(#2474,
#2475,#2476,#2477,#2478,#2479,#2480),(#2481,#2482,#2483,#2484,#2485,#2486,
#2487)),.UNSPECIFIED.,.F.,.F.,.F.,(4,2,4),(4,1,1,1,4),(0.,0.27543456408474,
1.),(0.,0.241308517107643,0.487913116587553,0.740926928185141,1.),
 .UNSPECIFIED.);
#27=B_SPLINE_SURFACE_WITH_KNOTS('',3,3,((#2489,#2490,#2491,#2492),(#2493,
#2494,#2495,#2496),(#2497,#2498,#2499,#2500),(#2501,#2502,#2503,#2504)),
 .UNSPECIFIED.,.F.,.F.,.F.,(4,4),(4,4),(0.,1.),(0.,1.),.UNSPECIFIED.);
#28=B_SPLINE_CURVE_WITH_KNOTS('',3,(#1615,#1616,#1617,#1618,#1619,#1620,
#1621,#1622),.UNSPECIFIED.,.F.,.F.,(4,2,2,4),(0.305260915844648,0.393575491019125,
0.481890066193602,0.504423101939194),.UNSPECIFIED.);
#29=B_SPLINE_CURVE_WITH_KNOTS('',3,(#1636,#1637,#1638,#1639,#1640,#1641,
#1642,#1643,#1644,#1645,#1646,#1647),.UNSPECIFIED.,.F.,.F.,(4,2,2,2,2,4),
(0.655616667179301,0.684999187319503,0.830051801751153,0.982964669039718,
1.13587753632828,1.23203618951468),.UNSPECIFIED.);
#30=B_SPLINE_CURVE_WITH_KNOTS('',3,(#1679,#1680,#1681,#1682,#1683,#1684,
#1685,#1686,#1687,#1688,#1689,#1690,#1691,#1692,#1693,#1694),
 .UNSPECIFIED.,.F.,.F.,(4,2,1,2,2,2,1,2,4),(0.,0.0972461324120857,0.25,
0.402753867587915,0.5,0.597246132412085,0.75,0.902753867587914,1.),
 .UNSPECIFIED.);
#31=B_SPLINE_CURVE_WITH_KNOTS('',3,(#1794,#1795,#1796,#1797,#1798,#1799,
#1800,#1801,#1802,#1803,#1804,#1805,#1806,#1807,#1808,#1809),
 .UNSPECIFIED.,.F.,.F.,(4,2,2,2,2,2,2,4),(0.503901886946056,0.513799746392648,
0.639493216557297,0.765186686721945,0.890714865633044,1.01624304454414,
1.14156897713649,1.26689490972884),.UNSPECIFIED.);
#32=B_SPLINE_CURVE_WITH_KNOTS('',3,(#1818,#1819,#1820,#1821,#1822,#1823,
#1824,#1825,#1826,#1827,#1828,#1829),.UNSPECIFIED.,.F.,.F.,(4,2,2,2,2,4),
(1.38256325361794,1.58651003897753,1.85363185205176,1.98331694417869,2.11300203630563,
2.13828686134516),.UNSPECIFIED.);
#33=B_SPLINE_CURVE_WITH_KNOTS('',3,(#1864,#1865,#1866,#1867,#1868,#1869),
 .UNSPECIFIED.,.F.,.F.,(4,2,4),(0.,0.341375550011797,1.),.UNSPECIFIED.);
#34=B_SPLINE_CURVE_WITH_KNOTS('',3,(#1873,#1874,#1875,#1876,#1877,#1878),
 .UNSPECIFIED.,.F.,.F.,(4,2,4),(0.,0.658624466492783,1.),.UNSPECIFIED.);
#35=B_SPLINE_CURVE_WITH_KNOTS('',3,(#2137,#2138,#2139,#2140,#2141,#2142,
#2143,#2144,#2145,#2146,#2147,#2148,#2149),.UNSPECIFIED.,.F.,.F.,(4,2,2,
1,2,2,4),(0.,0.234296324164956,0.292341369229108,0.483678347960473,0.675015326691837,
0.821186011306391,1.),.UNSPECIFIED.);
#36=B_SPLINE_CURVE_WITH_KNOTS('',3,(#2158,#2159,#2160,#2161,#2162,#2163,
#2164,#2165,#2166,#2167,#2168,#2169,#2170),.UNSPECIFIED.,.F.,.F.,(4,2,2,
1,2,2,4),(0.,0.234296324164956,0.292341369229108,0.483678347960473,0.675015326691837,
0.821186011306391,1.),.UNSPECIFIED.);
#37=B_SPLINE_CURVE_WITH_KNOTS('',3,(#2174,#2175,#2176,#2177,#2178,#2179),
 .UNSPECIFIED.,.F.,.F.,(4,2,4),(0.,0.27543456408474,1.),.UNSPECIFIED.);
#38=B_SPLINE_CURVE_WITH_KNOTS('',3,(#2363,#2364,#2365,#2366,#2367),
 .UNSPECIFIED.,.F.,.F.,(4,1,4),(0.,0.236338466454834,0.482516471055904),
 .UNSPECIFIED.);
#39=B_SPLINE_CURVE_WITH_KNOTS('',3,(#2369,#2370,#2371,#2372,#2373),
 .UNSPECIFIED.,.F.,.F.,(4,1,4),(0.482516471055904,0.743472941712762,0.874299481149887),
 .UNSPECIFIED.);
#40=B_SPLINE_CURVE_WITH_KNOTS('',3,(#2374,#2375,#2376,#2377),
 .UNSPECIFIED.,.F.,.F.,(4,4),(0.874299481149887,1.02001606134153),
 .UNSPECIFIED.);
#41=B_SPLINE_CURVE_WITH_KNOTS('',3,(#2439,#2440,#2441,#2442,#2443,#2444,
#2445),.UNSPECIFIED.,.F.,.F.,(4,1,1,1,4),(0.,0.229081011821306,0.463189744682341,
0.703382924186593,0.949328331080488),.UNSPECIFIED.);
#42=TOROIDAL_SURFACE('',#1122,5.5,2.);
#43=ELLIPSE('',#1091,1.20208152801713,0.85);
#44=ELLIPSE('',#1093,1.20208152801713,0.85);
#45=ELLIPSE('',#1095,1.20208152801713,0.85);
#46=ELLIPSE('',#1096,1.20208152801713,0.85);
#47=ELLIPSE('',#1099,1.20208152801713,0.85);
#48=ELLIPSE('',#1100,1.20208152801713,0.85);
#49=ELLIPSE('',#1101,1.20208152801713,0.85);
#50=ELLIPSE('',#1130,2.43031033962761,2.);
#51=ELLIPSE('',#1133,4.85051443642053,2.);
#52=ELLIPSE('',#1136,12.1262860910513,4.99999999999999);
#53=ELLIPSE('',#1141,6.07577584906904,5.);
#54=STYLED_ITEM('',(#2525),#60);
#55=STYLED_ITEM('',(#2525),#61);
#56=STYLED_ITEM('',(#2525),#62);
#57=STYLED_ITEM('',(#2525),#63);
#58=STYLED_ITEM('',(#2526),#64);
#59=STYLED_ITEM('',(#2525),#65);
#60=MANIFOLD_SOLID_BREP('axis',#1056);
#61=MANIFOLD_SOLID_BREP('upper',#1057);
#62=MANIFOLD_SOLID_BREP('upper3',#1058);
#63=MANIFOLD_SOLID_BREP('lower',#1059);
#64=MANIFOLD_SOLID_BREP('crow',#1060);
#65=MANIFOLD_SOLID_BREP('foot',#1061);
#66=FACE_BOUND('',#173,.T.);
#67=FACE_BOUND('',#176,.T.);
#68=FACE_BOUND('',#189,.T.);
#69=FACE_BOUND('',#196,.T.);
#70=FACE_BOUND('',#198,.T.);
#71=PLANE('',#1078);
#72=PLANE('',#1083);
#73=PLANE('',#1086);
#74=PLANE('',#1087);
#75=PLANE('',#1088);
#76=PLANE('',#1102);
#77=PLANE('',#1103);
#78=PLANE('',#1105);
#79=PLANE('',#1112);
#80=PLANE('',#1113);
#81=PLANE('',#1114);
#82=PLANE('',#1115);
#83=PLANE('',#1116);
#84=PLANE('',#1117);
#85=PLANE('',#1118);
#86=PLANE('',#1119);
#87=PLANE('',#1128);
#88=PLANE('',#1131);
#89=PLANE('',#1134);
#90=PLANE('',#1135);
#91=PLANE('',#1142);
#92=PLANE('',#1143);
#93=PLANE('',#1144);
#94=PLANE('',#1148);
#95=PLANE('',#1149);
#96=PLANE('',#1151);
#97=PLANE('',#1156);
#98=PLANE('',#1157);
#99=PLANE('',#1159);
#100=PLANE('',#1162);
#101=PLANE('',#1163);
#102=PLANE('',#1164);
#103=PLANE('',#1165);
#104=PLANE('',#1169);
#105=PLANE('',#1173);
#106=PLANE('',#1175);
#107=FACE_OUTER_BOUND('',#171,.T.);
#108=FACE_OUTER_BOUND('',#172,.T.);
#109=FACE_OUTER_BOUND('',#174,.T.);
#110=FACE_OUTER_BOUND('',#175,.T.);
#111=FACE_OUTER_BOUND('',#177,.T.);
#112=FACE_OUTER_BOUND('',#178,.T.);
#113=FACE_OUTER_BOUND('',#179,.T.);
#114=FACE_OUTER_BOUND('',#180,.T.);
#115=FACE_OUTER_BOUND('',#181,.T.);
#116=FACE_OUTER_BOUND('',#182,.T.);
#117=FACE_OUTER_BOUND('',#183,.T.);
#118=FACE_OUTER_BOUND('',#184,.T.);
#119=FACE_OUTER_BOUND('',#185,.T.);
#120=FACE_OUTER_BOUND('',#186,.T.);
#121=FACE_OUTER_BOUND('',#187,.T.);
#122=FACE_OUTER_BOUND('',#188,.T.);
#123=FACE_OUTER_BOUND('',#190,.T.);
#124=FACE_OUTER_BOUND('',#191,.T.);
#125=FACE_OUTER_BOUND('',#192,.T.);
#126=FACE_OUTER_BOUND('',#193,.T.);
#127=FACE_OUTER_BOUND('',#194,.T.);
#128=FACE_OUTER_BOUND('',#195,.T.);
#129=FACE_OUTER_BOUND('',#197,.T.);
#130=FACE_OUTER_BOUND('',#199,.T.);
#131=FACE_OUTER_BOUND('',#200,.T.);
#132=FACE_OUTER_BOUND('',#201,.T.);
#133=FACE_OUTER_BOUND('',#202,.T.);
#134=FACE_OUTER_BOUND('',#203,.T.);
#135=FACE_OUTER_BOUND('',#204,.T.);
#136=FACE_OUTER_BOUND('',#205,.T.);
#137=FACE_OUTER_BOUND('',#206,.T.);
#138=FACE_OUTER_BOUND('',#207,.T.);
#139=FACE_OUTER_BOUND('',#208,.T.);
#140=FACE_OUTER_BOUND('',#209,.T.);
#141=FACE_OUTER_BOUND('',#210,.T.);
#142=FACE_OUTER_BOUND('',#211,.T.);
#143=FACE_OUTER_BOUND('',#212,.T.);
#144=FACE_OUTER_BOUND('',#213,.T.);
#145=FACE_OUTER_BOUND('',#214,.T.);
#146=FACE_OUTER_BOUND('',#215,.T.);
#147=FACE_OUTER_BOUND('',#216,.T.);
#148=FACE_OUTER_BOUND('',#217,.T.);
#149=FACE_OUTER_BOUND('',#218,.T.);
#150=FACE_OUTER_BOUND('',#219,.T.);
#151=FACE_OUTER_BOUND('',#220,.T.);
#152=FACE_OUTER_BOUND('',#221,.T.);
#153=FACE_OUTER_BOUND('',#222,.T.);
#154=FACE_OUTER_BOUND('',#223,.T.);
#155=FACE_OUTER_BOUND('',#224,.T.);
#156=FACE_OUTER_BOUND('',#225,.T.);
#157=FACE_OUTER_BOUND('',#226,.T.);
#158=FACE_OUTER_BOUND('',#227,.T.);
#159=FACE_OUTER_BOUND('',#228,.T.);
#160=FACE_OUTER_BOUND('',#229,.T.);
#161=FACE_OUTER_BOUND('',#230,.T.);
#162=FACE_OUTER_BOUND('',#231,.T.);
#163=FACE_OUTER_BOUND('',#232,.T.);
#164=FACE_OUTER_BOUND('',#233,.T.);
#165=FACE_OUTER_BOUND('',#234,.T.);
#166=FACE_OUTER_BOUND('',#235,.T.);
#167=FACE_OUTER_BOUND('',#236,.T.);
#168=FACE_OUTER_BOUND('',#237,.T.);
#169=FACE_OUTER_BOUND('',#238,.T.);
#170=FACE_OUTER_BOUND('',#239,.T.);
#171=EDGE_LOOP('',(#681,#682,#683,#684));
#172=EDGE_LOOP('',(#685));
#173=EDGE_LOOP('',(#686));
#174=EDGE_LOOP('',(#687,#688,#689,#690));
#175=EDGE_LOOP('',(#691));
#176=EDGE_LOOP('',(#692));
#177=EDGE_LOOP('',(#693,#694,#695,#696));
#178=EDGE_LOOP('',(#697));
#179=EDGE_LOOP('',(#698));
#180=EDGE_LOOP('',(#699,#700));
#181=EDGE_LOOP('',(#701,#702,#703));
#182=EDGE_LOOP('',(#704,#705,#706));
#183=EDGE_LOOP('',(#707,#708,#709,#710,#711,#712));
#184=EDGE_LOOP('',(#713,#714));
#185=EDGE_LOOP('',(#715,#716));
#186=EDGE_LOOP('',(#717,#718,#719,#720,#721,#722,#723,#724,#725,#726));
#187=EDGE_LOOP('',(#727,#728,#729,#730,#731,#732,#733,#734,#735,#736,#737,
#738,#739,#740,#741,#742,#743,#744,#745));
#188=EDGE_LOOP('',(#746,#747,#748,#749));
#189=EDGE_LOOP('',(#750));
#190=EDGE_LOOP('',(#751,#752,#753,#754));
#191=EDGE_LOOP('',(#755,#756,#757,#758));
#192=EDGE_LOOP('',(#759,#760,#761,#762));
#193=EDGE_LOOP('',(#763,#764,#765,#766));
#194=EDGE_LOOP('',(#767,#768,#769,#770));
#195=EDGE_LOOP('',(#771,#772,#773,#774,#775,#776));
#196=EDGE_LOOP('',(#777));
#197=EDGE_LOOP('',(#778,#779,#780,#781,#782,#783));
#198=EDGE_LOOP('',(#784,#785,#786,#787,#788,#789));
#199=EDGE_LOOP('',(#790,#791,#792,#793));
#200=EDGE_LOOP('',(#794,#795,#796,#797));
#201=EDGE_LOOP('',(#798,#799,#800,#801,#802));
#202=EDGE_LOOP('',(#803,#804,#805,#806));
#203=EDGE_LOOP('',(#807,#808,#809,#810,#811));
#204=EDGE_LOOP('',(#812,#813,#814,#815,#816));
#205=EDGE_LOOP('',(#817,#818,#819,#820,#821));
#206=EDGE_LOOP('',(#822,#823,#824,#825));
#207=EDGE_LOOP('',(#826,#827,#828,#829,#830,#831));
#208=EDGE_LOOP('',(#832,#833,#834,#835,#836));
#209=EDGE_LOOP('',(#837,#838,#839,#840));
#210=EDGE_LOOP('',(#841,#842,#843,#844,#845,#846));
#211=EDGE_LOOP('',(#847,#848,#849,#850,#851,#852));
#212=EDGE_LOOP('',(#853,#854,#855,#856));
#213=EDGE_LOOP('',(#857,#858,#859,#860));
#214=EDGE_LOOP('',(#861,#862));
#215=EDGE_LOOP('',(#863,#864,#865,#866));
#216=EDGE_LOOP('',(#867,#868,#869,#870,#871,#872));
#217=EDGE_LOOP('',(#873,#874));
#218=EDGE_LOOP('',(#875,#876,#877,#878));
#219=EDGE_LOOP('',(#879,#880,#881,#882));
#220=EDGE_LOOP('',(#883,#884,#885,#886));
#221=EDGE_LOOP('',(#887,#888,#889,#890,#891));
#222=EDGE_LOOP('',(#892,#893,#894,#895,#896,#897));
#223=EDGE_LOOP('',(#898,#899,#900,#901,#902,#903));
#224=EDGE_LOOP('',(#904,#905,#906,#907));
#225=EDGE_LOOP('',(#908,#909,#910,#911));
#226=EDGE_LOOP('',(#912,#913,#914,#915,#916));
#227=EDGE_LOOP('',(#917,#918,#919,#920,#921,#922));
#228=EDGE_LOOP('',(#923,#924,#925,#926,#927,#928));
#229=EDGE_LOOP('',(#929,#930,#931,#932));
#230=EDGE_LOOP('',(#933,#934,#935,#936));
#231=EDGE_LOOP('',(#937,#938,#939));
#232=EDGE_LOOP('',(#940,#941,#942));
#233=EDGE_LOOP('',(#943,#944,#945,#946));
#234=EDGE_LOOP('',(#947,#948,#949,#950));
#235=EDGE_LOOP('',(#951,#952,#953,#954));
#236=EDGE_LOOP('',(#955,#956,#957,#958,#959,#960));
#237=EDGE_LOOP('',(#961,#962,#963,#964,#965,#966));
#238=EDGE_LOOP('',(#967,#968,#969,#970));
#239=EDGE_LOOP('',(#971,#972,#973,#974));
#240=LINE('',#1466,#321);
#241=LINE('',#1475,#322);
#242=LINE('',#1481,#323);
#243=LINE('',#1487,#324);
#244=LINE('',#1504,#325);
#245=LINE('',#1509,#326);
#246=LINE('',#1513,#327);
#247=LINE('',#1517,#328);
#248=LINE('',#1519,#329);
#249=LINE('',#1521,#330);
#250=LINE('',#1523,#331);
#251=LINE('',#1527,#332);
#252=LINE('',#1531,#333);
#253=LINE('',#1532,#334);
#254=LINE('',#1536,#335);
#255=LINE('',#1538,#336);
#256=LINE('',#1544,#337);
#257=LINE('',#1546,#338);
#258=LINE('',#1548,#339);
#259=LINE('',#1549,#340);
#260=LINE('',#1552,#341);
#261=LINE('',#1554,#342);
#262=LINE('',#1555,#343);
#263=LINE('',#1558,#344);
#264=LINE('',#1560,#345);
#265=LINE('',#1561,#346);
#266=LINE('',#1564,#347);
#267=LINE('',#1566,#348);
#268=LINE('',#1567,#349);
#269=LINE('',#1570,#350);
#270=LINE('',#1572,#351);
#271=LINE('',#1573,#352);
#272=LINE('',#1575,#353);
#273=LINE('',#1576,#354);
#274=LINE('',#1581,#355);
#275=LINE('',#1583,#356);
#276=LINE('',#1585,#357);
#277=LINE('',#1589,#358);
#278=LINE('',#1598,#359);
#279=LINE('',#1600,#360);
#280=LINE('',#1605,#361);
#281=LINE('',#1608,#362);
#282=LINE('',#1609,#363);
#283=LINE('',#1614,#364);
#284=LINE('',#1625,#365);
#285=LINE('',#1626,#366);
#286=LINE('',#1629,#367);
#287=LINE('',#1633,#368);
#288=LINE('',#1649,#369);
#289=LINE('',#1653,#370);
#290=LINE('',#1656,#371);
#291=LINE('',#1657,#372);
#292=LINE('',#1659,#373);
#293=LINE('',#1664,#374);
#294=LINE('',#1668,#375);
#295=LINE('',#1671,#376);
#296=LINE('',#1674,#377);
#297=LINE('',#1677,#378);
#298=LINE('',#1811,#379);
#299=LINE('',#1814,#380);
#300=LINE('',#1831,#381);
#301=LINE('',#1834,#382);
#302=LINE('',#1836,#383);
#303=LINE('',#1837,#384);
#304=LINE('',#1840,#385);
#305=LINE('',#1842,#386);
#306=LINE('',#1844,#387);
#307=LINE('',#1848,#388);
#308=LINE('',#1849,#389);
#309=LINE('',#1852,#390);
#310=LINE('',#1856,#391);
#311=LINE('',#1857,#392);
#312=LINE('',#1859,#393);
#313=LINE('',#1871,#394);
#314=LINE('',#1886,#395);
#315=LINE('',#1893,#396);
#316=LINE('',#2153,#397);
#317=LINE('',#2154,#398);
#318=LINE('',#2172,#399);
#319=LINE('',#2378,#400);
#320=LINE('',#2488,#401);
#321=VECTOR('',#1182,3.99999999999999);
#322=VECTOR('',#1193,3.99999999999999);
#323=VECTOR('',#1202,5.);
#324=VECTOR('',#1209,10.);
#325=VECTOR('',#1230,0.85);
#326=VECTOR('',#1239,10.);
#327=VECTOR('',#1242,10.);
#328=VECTOR('',#1247,10.);
#329=VECTOR('',#1248,10.);
#330=VECTOR('',#1249,10.);
#331=VECTOR('',#1250,10.);
#332=VECTOR('',#1253,10.);
#333=VECTOR('',#1256,10.);
#334=VECTOR('',#1257,10.);
#335=VECTOR('',#1262,0.85);
#336=VECTOR('',#1263,0.85);
#337=VECTOR('',#1270,10.);
#338=VECTOR('',#1271,10.);
#339=VECTOR('',#1272,10.);
#340=VECTOR('',#1273,10.);
#341=VECTOR('',#1276,10.);
#342=VECTOR('',#1277,10.);
#343=VECTOR('',#1278,10.);
#344=VECTOR('',#1281,10.);
#345=VECTOR('',#1282,10.);
#346=VECTOR('',#1283,10.);
#347=VECTOR('',#1286,10.);
#348=VECTOR('',#1287,10.);
#349=VECTOR('',#1288,10.);
#350=VECTOR('',#1291,10.);
#351=VECTOR('',#1292,10.);
#352=VECTOR('',#1293,10.);
#353=VECTOR('',#1296,10.);
#354=VECTOR('',#1297,10.);
#355=VECTOR('',#1302,10.);
#356=VECTOR('',#1303,10.);
#357=VECTOR('',#1304,10.);
#358=VECTOR('',#1307,10.);
#359=VECTOR('',#1320,10.);
#360=VECTOR('',#1323,10.);
#361=VECTOR('',#1330,10.);
#362=VECTOR('',#1333,10.);
#363=VECTOR('',#1334,10.);
#364=VECTOR('',#1339,10.);
#365=VECTOR('',#1342,10.);
#366=VECTOR('',#1343,10.);
#367=VECTOR('',#1346,10.);
#368=VECTOR('',#1351,10.);
#369=VECTOR('',#1356,10.);
#370=VECTOR('',#1361,10.);
#371=VECTOR('',#1364,10.);
#372=VECTOR('',#1365,10.);
#373=VECTOR('',#1368,10.);
#374=VECTOR('',#1373,10.);
#375=VECTOR('',#1376,10.);
#376=VECTOR('',#1381,10.);
#377=VECTOR('',#1384,10.);
#378=VECTOR('',#1387,10.);
#379=VECTOR('',#1392,10.);
#380=VECTOR('',#1395,10.);
#381=VECTOR('',#1398,10.);
#382=VECTOR('',#1401,10.);
#383=VECTOR('',#1404,10.);
#384=VECTOR('',#1405,10.);
#385=VECTOR('',#1408,10.);
#386=VECTOR('',#1409,10.);
#387=VECTOR('',#1410,10.);
#388=VECTOR('',#1415,10.);
#389=VECTOR('',#1416,10.);
#390=VECTOR('',#1419,10.);
#391=VECTOR('',#1424,10.);
#392=VECTOR('',#1425,10.);
#393=VECTOR('',#1428,10.);
#394=VECTOR('',#1433,10.);
#395=VECTOR('',#1442,10.);
#396=VECTOR('',#1449,10.);
#397=VECTOR('',#1454,10.);
#398=VECTOR('',#1455,10.);
#399=VECTOR('',#1458,10.);
#400=VECTOR('',#1459,10.);
#401=VECTOR('',#1460,10.);
#402=CIRCLE('',#1076,3.99999999999999);
#403=CIRCLE('',#1077,3.99999999999999);
#404=CIRCLE('',#1079,5.);
#405=CIRCLE('',#1081,3.99999999999999);
#406=CIRCLE('',#1082,3.99999999999999);
#407=CIRCLE('',#1084,5.);
#408=CIRCLE('',#1089,0.85);
#409=CIRCLE('',#1092,0.85);
#410=CIRCLE('',#1098,0.85);
#411=CIRCLE('',#1104,0.85);
#412=CIRCLE('',#1106,4.99999999999999);
#413=CIRCLE('',#1107,5.);
#414=CIRCLE('',#1109,0.85);
#415=CIRCLE('',#1110,0.85);
#416=CIRCLE('',#1111,0.85);
#417=CIRCLE('',#1120,5.);
#418=CIRCLE('',#1121,5.5);
#419=CIRCLE('',#1123,2.);
#420=CIRCLE('',#1124,7.5);
#421=CIRCLE('',#1125,2.);
#422=CIRCLE('',#1127,7.5);
#423=CIRCLE('',#1138,5.);
#424=CIRCLE('',#1146,0.85);
#425=CIRCLE('',#1147,0.85);
#426=CIRCLE('',#1150,7.5);
#427=CIRCLE('',#1153,5.);
#428=CIRCLE('',#1155,5.6690368772302);
#429=CIRCLE('',#1158,5.);
#430=CIRCLE('',#1161,5.);
#431=CIRCLE('',#1166,3.00000004470348);
#432=CIRCLE('',#1167,2.99999992549422);
#433=CIRCLE('',#1168,3.00000004470347);
#434=CIRCLE('',#1170,2.99999996276559);
#435=CIRCLE('',#1171,3.00000004470348);
#436=CIRCLE('',#1172,3.00000006692606);
#437=CIRCLE('',#1174,5.6690368772302);
#438=VERTEX_POINT('',#1463);
#439=VERTEX_POINT('',#1465);
#440=VERTEX_POINT('',#1469);
#441=VERTEX_POINT('',#1472);
#442=VERTEX_POINT('',#1474);
#443=VERTEX_POINT('',#1478);
#444=VERTEX_POINT('',#1485);
#445=VERTEX_POINT('',#1486);
#446=VERTEX_POINT('',#1490);
#447=VERTEX_POINT('',#1491);
#448=VERTEX_POINT('',#1493);
#449=VERTEX_POINT('',#1497);
#450=VERTEX_POINT('',#1501);
#451=VERTEX_POINT('',#1503);
#452=VERTEX_POINT('',#1511);
#453=VERTEX_POINT('',#1512);
#454=VERTEX_POINT('',#1516);
#455=VERTEX_POINT('',#1518);
#456=VERTEX_POINT('',#1520);
#457=VERTEX_POINT('',#1522);
#458=VERTEX_POINT('',#1524);
#459=VERTEX_POINT('',#1526);
#460=VERTEX_POINT('',#1528);
#461=VERTEX_POINT('',#1530);
#462=VERTEX_POINT('',#1534);
#463=VERTEX_POINT('',#1537);
#464=VERTEX_POINT('',#1542);
#465=VERTEX_POINT('',#1543);
#466=VERTEX_POINT('',#1545);
#467=VERTEX_POINT('',#1547);
#468=VERTEX_POINT('',#1551);
#469=VERTEX_POINT('',#1553);
#470=VERTEX_POINT('',#1557);
#471=VERTEX_POINT('',#1559);
#472=VERTEX_POINT('',#1563);
#473=VERTEX_POINT('',#1565);
#474=VERTEX_POINT('',#1569);
#475=VERTEX_POINT('',#1571);
#476=VERTEX_POINT('',#1579);
#477=VERTEX_POINT('',#1580);
#478=VERTEX_POINT('',#1582);
#479=VERTEX_POINT('',#1584);
#480=VERTEX_POINT('',#1586);
#481=VERTEX_POINT('',#1588);
#482=VERTEX_POINT('',#1592);
#483=VERTEX_POINT('',#1594);
#484=VERTEX_POINT('',#1603);
#485=VERTEX_POINT('',#1607);
#486=VERTEX_POINT('',#1611);
#487=VERTEX_POINT('',#1612);
#488=VERTEX_POINT('',#1624);
#489=VERTEX_POINT('',#1628);
#490=VERTEX_POINT('',#1632);
#491=VERTEX_POINT('',#1634);
#492=VERTEX_POINT('',#1651);
#493=VERTEX_POINT('',#1655);
#494=VERTEX_POINT('',#1662);
#495=VERTEX_POINT('',#1663);
#496=VERTEX_POINT('',#1665);
#497=VERTEX_POINT('',#1667);
#498=VERTEX_POINT('',#1673);
#499=VERTEX_POINT('',#1675);
#500=VERTEX_POINT('',#1792);
#501=VERTEX_POINT('',#1793);
#502=VERTEX_POINT('',#1810);
#503=VERTEX_POINT('',#1812);
#504=VERTEX_POINT('',#1816);
#505=VERTEX_POINT('',#1817);
#506=VERTEX_POINT('',#1830);
#507=VERTEX_POINT('',#1832);
#508=VERTEX_POINT('',#1839);
#509=VERTEX_POINT('',#1841);
#510=VERTEX_POINT('',#1843);
#511=VERTEX_POINT('',#1847);
#512=VERTEX_POINT('',#1851);
#513=VERTEX_POINT('',#1855);
#514=VERTEX_POINT('',#1862);
#515=VERTEX_POINT('',#1863);
#516=VERTEX_POINT('',#1870);
#517=VERTEX_POINT('',#1872);
#518=VERTEX_POINT('',#1879);
#519=VERTEX_POINT('',#1881);
#520=VERTEX_POINT('',#1885);
#521=VERTEX_POINT('',#1887);
#522=VERTEX_POINT('',#1889);
#523=VERTEX_POINT('',#1891);
#524=VERTEX_POINT('',#2135);
#525=VERTEX_POINT('',#2136);
#526=VERTEX_POINT('',#2150);
#527=VERTEX_POINT('',#2152);
#528=VERTEX_POINT('',#2156);
#529=VERTEX_POINT('',#2157);
#530=VERTEX_POINT('',#2171);
#531=VERTEX_POINT('',#2173);
#532=VERTEX_POINT('',#2362);
#533=VERTEX_POINT('',#2368);
#534=EDGE_CURVE('',#438,#438,#402,.T.);
#535=EDGE_CURVE('',#438,#439,#240,.T.);
#536=EDGE_CURVE('',#439,#439,#403,.T.);
#537=EDGE_CURVE('',#440,#440,#404,.T.);
#538=EDGE_CURVE('',#441,#441,#405,.T.);
#539=EDGE_CURVE('',#441,#442,#241,.T.);
#540=EDGE_CURVE('',#442,#442,#406,.T.);
#541=EDGE_CURVE('',#443,#443,#407,.T.);
#542=EDGE_CURVE('',#443,#440,#242,.T.);
#543=EDGE_CURVE('',#444,#445,#243,.T.);
#544=EDGE_CURVE('',#445,#444,#408,.T.);
#545=EDGE_CURVE('',#446,#447,#43,.T.);
#546=EDGE_CURVE('',#446,#448,#409,.T.);
#547=EDGE_CURVE('',#447,#448,#44,.T.);
#548=EDGE_CURVE('',#445,#449,#45,.T.);
#549=EDGE_CURVE('',#449,#444,#46,.T.);
#550=EDGE_CURVE('',#450,#450,#410,.T.);
#551=EDGE_CURVE('',#450,#451,#244,.T.);
#552=EDGE_CURVE('',#449,#451,#47,.T.);
#553=EDGE_CURVE('',#447,#449,#48,.T.);
#554=EDGE_CURVE('',#451,#447,#49,.T.);
#555=EDGE_CURVE('',#448,#446,#245,.T.);
#556=EDGE_CURVE('',#452,#453,#246,.T.);
#557=EDGE_CURVE('',#453,#452,#411,.T.);
#558=EDGE_CURVE('',#454,#452,#247,.T.);
#559=EDGE_CURVE('',#453,#455,#248,.T.);
#560=EDGE_CURVE('',#455,#456,#249,.T.);
#561=EDGE_CURVE('',#456,#457,#250,.T.);
#562=EDGE_CURVE('',#457,#458,#412,.T.);
#563=EDGE_CURVE('',#459,#458,#251,.T.);
#564=EDGE_CURVE('',#459,#460,#413,.T.);
#565=EDGE_CURVE('',#461,#460,#252,.T.);
#566=EDGE_CURVE('',#461,#454,#253,.T.);
#567=EDGE_CURVE('',#462,#462,#414,.T.);
#568=EDGE_CURVE('',#462,#447,#254,.T.);
#569=EDGE_CURVE('',#447,#463,#255,.T.);
#570=EDGE_CURVE('',#455,#463,#415,.T.);
#571=EDGE_CURVE('',#463,#454,#416,.T.);
#572=EDGE_CURVE('',#464,#465,#256,.T.);
#573=EDGE_CURVE('',#464,#466,#257,.T.);
#574=EDGE_CURVE('',#467,#466,#258,.T.);
#575=EDGE_CURVE('',#465,#467,#259,.T.);
#576=EDGE_CURVE('',#465,#468,#260,.T.);
#577=EDGE_CURVE('',#469,#467,#261,.T.);
#578=EDGE_CURVE('',#468,#469,#262,.T.);
#579=EDGE_CURVE('',#468,#470,#263,.T.);
#580=EDGE_CURVE('',#471,#469,#264,.T.);
#581=EDGE_CURVE('',#470,#471,#265,.T.);
#582=EDGE_CURVE('',#470,#472,#266,.T.);
#583=EDGE_CURVE('',#473,#471,#267,.T.);
#584=EDGE_CURVE('',#472,#473,#268,.T.);
#585=EDGE_CURVE('',#472,#474,#269,.T.);
#586=EDGE_CURVE('',#475,#473,#270,.T.);
#587=EDGE_CURVE('',#474,#475,#271,.T.);
#588=EDGE_CURVE('',#474,#464,#272,.T.);
#589=EDGE_CURVE('',#466,#475,#273,.T.);
#590=EDGE_CURVE('',#476,#477,#274,.T.);
#591=EDGE_CURVE('',#476,#478,#275,.T.);
#592=EDGE_CURVE('',#479,#478,#276,.T.);
#593=EDGE_CURVE('',#479,#480,#417,.T.);
#594=EDGE_CURVE('',#481,#480,#277,.T.);
#595=EDGE_CURVE('',#477,#481,#418,.T.);
#596=EDGE_CURVE('',#482,#481,#419,.T.);
#597=EDGE_CURVE('',#482,#483,#420,.T.);
#598=EDGE_CURVE('',#477,#483,#421,.T.);
#599=EDGE_CURVE('',#482,#456,#278,.T.);
#600=EDGE_CURVE('',#461,#456,#422,.T.);
#601=EDGE_CURVE('',#483,#461,#279,.T.);
#602=EDGE_CURVE('',#484,#476,#50,.T.);
#603=EDGE_CURVE('',#483,#484,#280,.T.);
#604=EDGE_CURVE('',#485,#460,#281,.T.);
#605=EDGE_CURVE('',#484,#485,#282,.T.);
#606=EDGE_CURVE('',#486,#487,#51,.T.);
#607=EDGE_CURVE('',#487,#482,#283,.T.);
#608=EDGE_CURVE('',#480,#486,#28,.T.);
#609=EDGE_CURVE('',#487,#488,#284,.T.);
#610=EDGE_CURVE('',#488,#457,#285,.T.);
#611=EDGE_CURVE('',#486,#489,#286,.T.);
#612=EDGE_CURVE('',#489,#488,#52,.T.);
#613=EDGE_CURVE('',#479,#490,#287,.T.);
#614=EDGE_CURVE('',#491,#490,#423,.T.);
#615=EDGE_CURVE('',#491,#489,#29,.T.);
#616=EDGE_CURVE('',#491,#458,#288,.T.);
#617=EDGE_CURVE('',#485,#492,#53,.T.);
#618=EDGE_CURVE('',#492,#459,#289,.T.);
#619=EDGE_CURVE('',#493,#492,#290,.T.);
#620=EDGE_CURVE('',#478,#493,#291,.T.);
#621=EDGE_CURVE('',#490,#493,#292,.T.);
#622=EDGE_CURVE('',#494,#495,#293,.T.);
#623=EDGE_CURVE('',#494,#496,#424,.T.);
#624=EDGE_CURVE('',#497,#496,#294,.T.);
#625=EDGE_CURVE('',#495,#497,#425,.T.);
#626=EDGE_CURVE('',#496,#494,#295,.T.);
#627=EDGE_CURVE('',#497,#498,#296,.F.);
#628=EDGE_CURVE('',#498,#499,#426,.T.);
#629=EDGE_CURVE('',#499,#495,#297,.F.);
#630=EDGE_CURVE('',#498,#499,#30,.T.);
#631=EDGE_CURVE('',#500,#501,#31,.T.);
#632=EDGE_CURVE('',#500,#502,#298,.T.);
#633=EDGE_CURVE('',#503,#502,#427,.T.);
#634=EDGE_CURVE('',#501,#503,#299,.T.);
#635=EDGE_CURVE('',#504,#505,#32,.T.);
#636=EDGE_CURVE('',#506,#504,#300,.T.);
#637=EDGE_CURVE('',#507,#506,#428,.T.);
#638=EDGE_CURVE('',#505,#507,#301,.T.);
#639=EDGE_CURVE('',#503,#506,#302,.T.);
#640=EDGE_CURVE('',#501,#504,#303,.T.);
#641=EDGE_CURVE('',#507,#508,#304,.T.);
#642=EDGE_CURVE('',#508,#509,#305,.T.);
#643=EDGE_CURVE('',#509,#510,#306,.T.);
#644=EDGE_CURVE('',#510,#505,#429,.T.);
#645=EDGE_CURVE('',#511,#502,#307,.T.);
#646=EDGE_CURVE('',#511,#508,#308,.T.);
#647=EDGE_CURVE('',#512,#510,#309,.T.);
#648=EDGE_CURVE('',#500,#512,#430,.T.);
#649=EDGE_CURVE('',#512,#513,#310,.T.);
#650=EDGE_CURVE('',#513,#509,#311,.T.);
#651=EDGE_CURVE('',#511,#513,#312,.T.);
#652=EDGE_CURVE('',#514,#515,#33,.T.);
#653=EDGE_CURVE('',#515,#516,#313,.T.);
#654=EDGE_CURVE('',#516,#517,#34,.T.);
#655=EDGE_CURVE('',#517,#518,#431,.T.);
#656=EDGE_CURVE('',#518,#519,#432,.T.);
#657=EDGE_CURVE('',#519,#514,#433,.T.);
#658=EDGE_CURVE('',#520,#515,#314,.T.);
#659=EDGE_CURVE('',#521,#520,#434,.T.);
#660=EDGE_CURVE('',#522,#521,#435,.T.);
#661=EDGE_CURVE('',#523,#522,#436,.T.);
#662=EDGE_CURVE('',#516,#523,#315,.T.);
#663=EDGE_CURVE('',#521,#519,#13,.T.);
#664=EDGE_CURVE('',#522,#518,#14,.T.);
#665=EDGE_CURVE('',#520,#514,#15,.T.);
#666=EDGE_CURVE('',#523,#517,#16,.T.);
#667=EDGE_CURVE('',#524,#525,#35,.T.);
#668=EDGE_CURVE('',#525,#526,#437,.T.);
#669=EDGE_CURVE('',#526,#527,#316,.T.);
#670=EDGE_CURVE('',#527,#524,#317,.T.);
#671=EDGE_CURVE('',#528,#529,#36,.T.);
#672=EDGE_CURVE('',#530,#528,#318,.T.);
#673=EDGE_CURVE('',#531,#530,#37,.T.);
#674=EDGE_CURVE('',#529,#531,#17,.T.);
#675=EDGE_CURVE('',#529,#532,#38,.T.);
#676=EDGE_CURVE('',#532,#533,#39,.T.);
#677=EDGE_CURVE('',#533,#525,#40,.T.);
#678=EDGE_CURVE('',#528,#524,#319,.T.);
#679=EDGE_CURVE('',#531,#526,#41,.T.);
#680=EDGE_CURVE('',#530,#527,#320,.T.);
#681=ORIENTED_EDGE('',*,*,#534,.F.);
#682=ORIENTED_EDGE('',*,*,#535,.T.);
#683=ORIENTED_EDGE('',*,*,#536,.F.);
#684=ORIENTED_EDGE('',*,*,#535,.F.);
#685=ORIENTED_EDGE('',*,*,#537,.T.);
#686=ORIENTED_EDGE('',*,*,#534,.T.);
#687=ORIENTED_EDGE('',*,*,#538,.F.);
#688=ORIENTED_EDGE('',*,*,#539,.T.);
#689=ORIENTED_EDGE('',*,*,#540,.F.);
#690=ORIENTED_EDGE('',*,*,#539,.F.);
#691=ORIENTED_EDGE('',*,*,#541,.T.);
#692=ORIENTED_EDGE('',*,*,#538,.T.);
#693=ORIENTED_EDGE('',*,*,#541,.F.);
#694=ORIENTED_EDGE('',*,*,#542,.T.);
#695=ORIENTED_EDGE('',*,*,#537,.F.);
#696=ORIENTED_EDGE('',*,*,#542,.F.);
#697=ORIENTED_EDGE('',*,*,#540,.T.);
#698=ORIENTED_EDGE('',*,*,#536,.T.);
#699=ORIENTED_EDGE('',*,*,#543,.F.);
#700=ORIENTED_EDGE('',*,*,#544,.F.);
#701=ORIENTED_EDGE('',*,*,#545,.F.);
#702=ORIENTED_EDGE('',*,*,#546,.T.);
#703=ORIENTED_EDGE('',*,*,#547,.F.);
#704=ORIENTED_EDGE('',*,*,#548,.F.);
#705=ORIENTED_EDGE('',*,*,#544,.T.);
#706=ORIENTED_EDGE('',*,*,#549,.F.);
#707=ORIENTED_EDGE('',*,*,#550,.F.);
#708=ORIENTED_EDGE('',*,*,#551,.T.);
#709=ORIENTED_EDGE('',*,*,#552,.F.);
#710=ORIENTED_EDGE('',*,*,#553,.F.);
#711=ORIENTED_EDGE('',*,*,#554,.F.);
#712=ORIENTED_EDGE('',*,*,#551,.F.);
#713=ORIENTED_EDGE('',*,*,#555,.F.);
#714=ORIENTED_EDGE('',*,*,#546,.F.);
#715=ORIENTED_EDGE('',*,*,#556,.F.);
#716=ORIENTED_EDGE('',*,*,#557,.F.);
#717=ORIENTED_EDGE('',*,*,#558,.T.);
#718=ORIENTED_EDGE('',*,*,#556,.T.);
#719=ORIENTED_EDGE('',*,*,#559,.T.);
#720=ORIENTED_EDGE('',*,*,#560,.T.);
#721=ORIENTED_EDGE('',*,*,#561,.T.);
#722=ORIENTED_EDGE('',*,*,#562,.T.);
#723=ORIENTED_EDGE('',*,*,#563,.F.);
#724=ORIENTED_EDGE('',*,*,#564,.T.);
#725=ORIENTED_EDGE('',*,*,#565,.F.);
#726=ORIENTED_EDGE('',*,*,#566,.T.);
#727=ORIENTED_EDGE('',*,*,#567,.F.);
#728=ORIENTED_EDGE('',*,*,#568,.T.);
#729=ORIENTED_EDGE('',*,*,#547,.T.);
#730=ORIENTED_EDGE('',*,*,#555,.T.);
#731=ORIENTED_EDGE('',*,*,#545,.T.);
#732=ORIENTED_EDGE('',*,*,#569,.T.);
#733=ORIENTED_EDGE('',*,*,#570,.F.);
#734=ORIENTED_EDGE('',*,*,#559,.F.);
#735=ORIENTED_EDGE('',*,*,#557,.T.);
#736=ORIENTED_EDGE('',*,*,#558,.F.);
#737=ORIENTED_EDGE('',*,*,#571,.F.);
#738=ORIENTED_EDGE('',*,*,#569,.F.);
#739=ORIENTED_EDGE('',*,*,#553,.T.);
#740=ORIENTED_EDGE('',*,*,#549,.T.);
#741=ORIENTED_EDGE('',*,*,#543,.T.);
#742=ORIENTED_EDGE('',*,*,#548,.T.);
#743=ORIENTED_EDGE('',*,*,#552,.T.);
#744=ORIENTED_EDGE('',*,*,#554,.T.);
#745=ORIENTED_EDGE('',*,*,#568,.F.);
#746=ORIENTED_EDGE('',*,*,#572,.F.);
#747=ORIENTED_EDGE('',*,*,#573,.T.);
#748=ORIENTED_EDGE('',*,*,#574,.F.);
#749=ORIENTED_EDGE('',*,*,#575,.F.);
#750=ORIENTED_EDGE('',*,*,#550,.T.);
#751=ORIENTED_EDGE('',*,*,#576,.F.);
#752=ORIENTED_EDGE('',*,*,#575,.T.);
#753=ORIENTED_EDGE('',*,*,#577,.F.);
#754=ORIENTED_EDGE('',*,*,#578,.F.);
#755=ORIENTED_EDGE('',*,*,#579,.F.);
#756=ORIENTED_EDGE('',*,*,#578,.T.);
#757=ORIENTED_EDGE('',*,*,#580,.F.);
#758=ORIENTED_EDGE('',*,*,#581,.F.);
#759=ORIENTED_EDGE('',*,*,#582,.F.);
#760=ORIENTED_EDGE('',*,*,#581,.T.);
#761=ORIENTED_EDGE('',*,*,#583,.F.);
#762=ORIENTED_EDGE('',*,*,#584,.F.);
#763=ORIENTED_EDGE('',*,*,#585,.F.);
#764=ORIENTED_EDGE('',*,*,#584,.T.);
#765=ORIENTED_EDGE('',*,*,#586,.F.);
#766=ORIENTED_EDGE('',*,*,#587,.F.);
#767=ORIENTED_EDGE('',*,*,#588,.F.);
#768=ORIENTED_EDGE('',*,*,#587,.T.);
#769=ORIENTED_EDGE('',*,*,#589,.F.);
#770=ORIENTED_EDGE('',*,*,#573,.F.);
#771=ORIENTED_EDGE('',*,*,#589,.T.);
#772=ORIENTED_EDGE('',*,*,#586,.T.);
#773=ORIENTED_EDGE('',*,*,#583,.T.);
#774=ORIENTED_EDGE('',*,*,#580,.T.);
#775=ORIENTED_EDGE('',*,*,#577,.T.);
#776=ORIENTED_EDGE('',*,*,#574,.T.);
#777=ORIENTED_EDGE('',*,*,#567,.T.);
#778=ORIENTED_EDGE('',*,*,#590,.F.);
#779=ORIENTED_EDGE('',*,*,#591,.T.);
#780=ORIENTED_EDGE('',*,*,#592,.F.);
#781=ORIENTED_EDGE('',*,*,#593,.T.);
#782=ORIENTED_EDGE('',*,*,#594,.F.);
#783=ORIENTED_EDGE('',*,*,#595,.F.);
#784=ORIENTED_EDGE('',*,*,#572,.T.);
#785=ORIENTED_EDGE('',*,*,#576,.T.);
#786=ORIENTED_EDGE('',*,*,#579,.T.);
#787=ORIENTED_EDGE('',*,*,#582,.T.);
#788=ORIENTED_EDGE('',*,*,#585,.T.);
#789=ORIENTED_EDGE('',*,*,#588,.T.);
#790=ORIENTED_EDGE('',*,*,#596,.F.);
#791=ORIENTED_EDGE('',*,*,#597,.T.);
#792=ORIENTED_EDGE('',*,*,#598,.F.);
#793=ORIENTED_EDGE('',*,*,#595,.T.);
#794=ORIENTED_EDGE('',*,*,#597,.F.);
#795=ORIENTED_EDGE('',*,*,#599,.T.);
#796=ORIENTED_EDGE('',*,*,#600,.F.);
#797=ORIENTED_EDGE('',*,*,#601,.F.);
#798=ORIENTED_EDGE('',*,*,#570,.T.);
#799=ORIENTED_EDGE('',*,*,#571,.T.);
#800=ORIENTED_EDGE('',*,*,#566,.F.);
#801=ORIENTED_EDGE('',*,*,#600,.T.);
#802=ORIENTED_EDGE('',*,*,#560,.F.);
#803=ORIENTED_EDGE('',*,*,#602,.T.);
#804=ORIENTED_EDGE('',*,*,#590,.T.);
#805=ORIENTED_EDGE('',*,*,#598,.T.);
#806=ORIENTED_EDGE('',*,*,#603,.T.);
#807=ORIENTED_EDGE('',*,*,#603,.F.);
#808=ORIENTED_EDGE('',*,*,#601,.T.);
#809=ORIENTED_EDGE('',*,*,#565,.T.);
#810=ORIENTED_EDGE('',*,*,#604,.F.);
#811=ORIENTED_EDGE('',*,*,#605,.F.);
#812=ORIENTED_EDGE('',*,*,#606,.T.);
#813=ORIENTED_EDGE('',*,*,#607,.T.);
#814=ORIENTED_EDGE('',*,*,#596,.T.);
#815=ORIENTED_EDGE('',*,*,#594,.T.);
#816=ORIENTED_EDGE('',*,*,#608,.T.);
#817=ORIENTED_EDGE('',*,*,#607,.F.);
#818=ORIENTED_EDGE('',*,*,#609,.T.);
#819=ORIENTED_EDGE('',*,*,#610,.T.);
#820=ORIENTED_EDGE('',*,*,#561,.F.);
#821=ORIENTED_EDGE('',*,*,#599,.F.);
#822=ORIENTED_EDGE('',*,*,#606,.F.);
#823=ORIENTED_EDGE('',*,*,#611,.T.);
#824=ORIENTED_EDGE('',*,*,#612,.T.);
#825=ORIENTED_EDGE('',*,*,#609,.F.);
#826=ORIENTED_EDGE('',*,*,#608,.F.);
#827=ORIENTED_EDGE('',*,*,#593,.F.);
#828=ORIENTED_EDGE('',*,*,#613,.T.);
#829=ORIENTED_EDGE('',*,*,#614,.F.);
#830=ORIENTED_EDGE('',*,*,#615,.T.);
#831=ORIENTED_EDGE('',*,*,#611,.F.);
#832=ORIENTED_EDGE('',*,*,#615,.F.);
#833=ORIENTED_EDGE('',*,*,#616,.T.);
#834=ORIENTED_EDGE('',*,*,#562,.F.);
#835=ORIENTED_EDGE('',*,*,#610,.F.);
#836=ORIENTED_EDGE('',*,*,#612,.F.);
#837=ORIENTED_EDGE('',*,*,#617,.F.);
#838=ORIENTED_EDGE('',*,*,#604,.T.);
#839=ORIENTED_EDGE('',*,*,#564,.F.);
#840=ORIENTED_EDGE('',*,*,#618,.F.);
#841=ORIENTED_EDGE('',*,*,#602,.F.);
#842=ORIENTED_EDGE('',*,*,#605,.T.);
#843=ORIENTED_EDGE('',*,*,#617,.T.);
#844=ORIENTED_EDGE('',*,*,#619,.F.);
#845=ORIENTED_EDGE('',*,*,#620,.F.);
#846=ORIENTED_EDGE('',*,*,#591,.F.);
#847=ORIENTED_EDGE('',*,*,#616,.F.);
#848=ORIENTED_EDGE('',*,*,#614,.T.);
#849=ORIENTED_EDGE('',*,*,#621,.T.);
#850=ORIENTED_EDGE('',*,*,#619,.T.);
#851=ORIENTED_EDGE('',*,*,#618,.T.);
#852=ORIENTED_EDGE('',*,*,#563,.T.);
#853=ORIENTED_EDGE('',*,*,#592,.T.);
#854=ORIENTED_EDGE('',*,*,#620,.T.);
#855=ORIENTED_EDGE('',*,*,#621,.F.);
#856=ORIENTED_EDGE('',*,*,#613,.F.);
#857=ORIENTED_EDGE('',*,*,#622,.F.);
#858=ORIENTED_EDGE('',*,*,#623,.T.);
#859=ORIENTED_EDGE('',*,*,#624,.F.);
#860=ORIENTED_EDGE('',*,*,#625,.F.);
#861=ORIENTED_EDGE('',*,*,#626,.F.);
#862=ORIENTED_EDGE('',*,*,#623,.F.);
#863=ORIENTED_EDGE('',*,*,#625,.T.);
#864=ORIENTED_EDGE('',*,*,#627,.T.);
#865=ORIENTED_EDGE('',*,*,#628,.T.);
#866=ORIENTED_EDGE('',*,*,#629,.T.);
#867=ORIENTED_EDGE('',*,*,#622,.T.);
#868=ORIENTED_EDGE('',*,*,#629,.F.);
#869=ORIENTED_EDGE('',*,*,#630,.F.);
#870=ORIENTED_EDGE('',*,*,#627,.F.);
#871=ORIENTED_EDGE('',*,*,#624,.T.);
#872=ORIENTED_EDGE('',*,*,#626,.T.);
#873=ORIENTED_EDGE('',*,*,#628,.F.);
#874=ORIENTED_EDGE('',*,*,#630,.T.);
#875=ORIENTED_EDGE('',*,*,#631,.F.);
#876=ORIENTED_EDGE('',*,*,#632,.T.);
#877=ORIENTED_EDGE('',*,*,#633,.F.);
#878=ORIENTED_EDGE('',*,*,#634,.F.);
#879=ORIENTED_EDGE('',*,*,#635,.F.);
#880=ORIENTED_EDGE('',*,*,#636,.F.);
#881=ORIENTED_EDGE('',*,*,#637,.F.);
#882=ORIENTED_EDGE('',*,*,#638,.F.);
#883=ORIENTED_EDGE('',*,*,#634,.T.);
#884=ORIENTED_EDGE('',*,*,#639,.T.);
#885=ORIENTED_EDGE('',*,*,#636,.T.);
#886=ORIENTED_EDGE('',*,*,#640,.F.);
#887=ORIENTED_EDGE('',*,*,#638,.T.);
#888=ORIENTED_EDGE('',*,*,#641,.T.);
#889=ORIENTED_EDGE('',*,*,#642,.T.);
#890=ORIENTED_EDGE('',*,*,#643,.T.);
#891=ORIENTED_EDGE('',*,*,#644,.T.);
#892=ORIENTED_EDGE('',*,*,#633,.T.);
#893=ORIENTED_EDGE('',*,*,#645,.F.);
#894=ORIENTED_EDGE('',*,*,#646,.T.);
#895=ORIENTED_EDGE('',*,*,#641,.F.);
#896=ORIENTED_EDGE('',*,*,#637,.T.);
#897=ORIENTED_EDGE('',*,*,#639,.F.);
#898=ORIENTED_EDGE('',*,*,#631,.T.);
#899=ORIENTED_EDGE('',*,*,#640,.T.);
#900=ORIENTED_EDGE('',*,*,#635,.T.);
#901=ORIENTED_EDGE('',*,*,#644,.F.);
#902=ORIENTED_EDGE('',*,*,#647,.F.);
#903=ORIENTED_EDGE('',*,*,#648,.F.);
#904=ORIENTED_EDGE('',*,*,#649,.F.);
#905=ORIENTED_EDGE('',*,*,#647,.T.);
#906=ORIENTED_EDGE('',*,*,#643,.F.);
#907=ORIENTED_EDGE('',*,*,#650,.F.);
#908=ORIENTED_EDGE('',*,*,#651,.T.);
#909=ORIENTED_EDGE('',*,*,#650,.T.);
#910=ORIENTED_EDGE('',*,*,#642,.F.);
#911=ORIENTED_EDGE('',*,*,#646,.F.);
#912=ORIENTED_EDGE('',*,*,#632,.F.);
#913=ORIENTED_EDGE('',*,*,#648,.T.);
#914=ORIENTED_EDGE('',*,*,#649,.T.);
#915=ORIENTED_EDGE('',*,*,#651,.F.);
#916=ORIENTED_EDGE('',*,*,#645,.T.);
#917=ORIENTED_EDGE('',*,*,#652,.T.);
#918=ORIENTED_EDGE('',*,*,#653,.T.);
#919=ORIENTED_EDGE('',*,*,#654,.T.);
#920=ORIENTED_EDGE('',*,*,#655,.T.);
#921=ORIENTED_EDGE('',*,*,#656,.T.);
#922=ORIENTED_EDGE('',*,*,#657,.T.);
#923=ORIENTED_EDGE('',*,*,#658,.F.);
#924=ORIENTED_EDGE('',*,*,#659,.F.);
#925=ORIENTED_EDGE('',*,*,#660,.F.);
#926=ORIENTED_EDGE('',*,*,#661,.F.);
#927=ORIENTED_EDGE('',*,*,#662,.F.);
#928=ORIENTED_EDGE('',*,*,#653,.F.);
#929=ORIENTED_EDGE('',*,*,#660,.T.);
#930=ORIENTED_EDGE('',*,*,#663,.T.);
#931=ORIENTED_EDGE('',*,*,#656,.F.);
#932=ORIENTED_EDGE('',*,*,#664,.F.);
#933=ORIENTED_EDGE('',*,*,#659,.T.);
#934=ORIENTED_EDGE('',*,*,#665,.T.);
#935=ORIENTED_EDGE('',*,*,#657,.F.);
#936=ORIENTED_EDGE('',*,*,#663,.F.);
#937=ORIENTED_EDGE('',*,*,#658,.T.);
#938=ORIENTED_EDGE('',*,*,#652,.F.);
#939=ORIENTED_EDGE('',*,*,#665,.F.);
#940=ORIENTED_EDGE('',*,*,#662,.T.);
#941=ORIENTED_EDGE('',*,*,#666,.T.);
#942=ORIENTED_EDGE('',*,*,#654,.F.);
#943=ORIENTED_EDGE('',*,*,#661,.T.);
#944=ORIENTED_EDGE('',*,*,#664,.T.);
#945=ORIENTED_EDGE('',*,*,#655,.F.);
#946=ORIENTED_EDGE('',*,*,#666,.F.);
#947=ORIENTED_EDGE('',*,*,#667,.T.);
#948=ORIENTED_EDGE('',*,*,#668,.T.);
#949=ORIENTED_EDGE('',*,*,#669,.T.);
#950=ORIENTED_EDGE('',*,*,#670,.T.);
#951=ORIENTED_EDGE('',*,*,#671,.F.);
#952=ORIENTED_EDGE('',*,*,#672,.F.);
#953=ORIENTED_EDGE('',*,*,#673,.F.);
#954=ORIENTED_EDGE('',*,*,#674,.F.);
#955=ORIENTED_EDGE('',*,*,#671,.T.);
#956=ORIENTED_EDGE('',*,*,#675,.T.);
#957=ORIENTED_EDGE('',*,*,#676,.T.);
#958=ORIENTED_EDGE('',*,*,#677,.T.);
#959=ORIENTED_EDGE('',*,*,#667,.F.);
#960=ORIENTED_EDGE('',*,*,#678,.F.);
#961=ORIENTED_EDGE('',*,*,#674,.T.);
#962=ORIENTED_EDGE('',*,*,#679,.T.);
#963=ORIENTED_EDGE('',*,*,#668,.F.);
#964=ORIENTED_EDGE('',*,*,#677,.F.);
#965=ORIENTED_EDGE('',*,*,#676,.F.);
#966=ORIENTED_EDGE('',*,*,#675,.F.);
#967=ORIENTED_EDGE('',*,*,#673,.T.);
#968=ORIENTED_EDGE('',*,*,#680,.T.);
#969=ORIENTED_EDGE('',*,*,#669,.F.);
#970=ORIENTED_EDGE('',*,*,#679,.F.);
#971=ORIENTED_EDGE('',*,*,#672,.T.);
#972=ORIENTED_EDGE('',*,*,#678,.T.);
#973=ORIENTED_EDGE('',*,*,#670,.F.);
#974=ORIENTED_EDGE('',*,*,#680,.F.);
#975=CYLINDRICAL_SURFACE('',#1075,3.99999999999999);
#976=CYLINDRICAL_SURFACE('',#1080,3.99999999999999);
#977=CYLINDRICAL_SURFACE('',#1085,5.);
#978=CYLINDRICAL_SURFACE('',#1090,0.85);
#979=CYLINDRICAL_SURFACE('',#1094,0.85);
#980=CYLINDRICAL_SURFACE('',#1097,0.85);
#981=CYLINDRICAL_SURFACE('',#1108,0.85);
#982=CYLINDRICAL_SURFACE('',#1126,7.5);
#983=CYLINDRICAL_SURFACE('',#1129,2.);
#984=CYLINDRICAL_SURFACE('',#1132,2.);
#985=CYLINDRICAL_SURFACE('',#1137,5.);
#986=CYLINDRICAL_SURFACE('',#1139,4.99999999999999);
#987=CYLINDRICAL_SURFACE('',#1140,5.);
#988=CYLINDRICAL_SURFACE('',#1145,0.85);
#989=CYLINDRICAL_SURFACE('',#1152,5.);
#990=CYLINDRICAL_SURFACE('',#1154,5.6690368772302);
#991=CYLINDRICAL_SURFACE('',#1160,5.);
#992=ADVANCED_FACE('',(#107),#975,.F.);
#993=ADVANCED_FACE('',(#108,#66),#71,.F.);
#994=ADVANCED_FACE('',(#109),#976,.F.);
#995=ADVANCED_FACE('',(#110,#67),#72,.T.);
#996=ADVANCED_FACE('',(#111),#977,.T.);
#997=ADVANCED_FACE('',(#112),#73,.T.);
#998=ADVANCED_FACE('',(#113),#74,.F.);
#999=ADVANCED_FACE('',(#114),#75,.T.);
#1000=ADVANCED_FACE('',(#115),#978,.F.);
#1001=ADVANCED_FACE('',(#116),#979,.F.);
#1002=ADVANCED_FACE('',(#117),#980,.F.);
#1003=ADVANCED_FACE('',(#118),#76,.T.);
#1004=ADVANCED_FACE('',(#119),#77,.T.);
#1005=ADVANCED_FACE('',(#120),#78,.T.);
#1006=ADVANCED_FACE('',(#121),#981,.F.);
#1007=ADVANCED_FACE('',(#122,#68),#79,.T.);
#1008=ADVANCED_FACE('',(#123),#80,.T.);
#1009=ADVANCED_FACE('',(#124),#81,.T.);
#1010=ADVANCED_FACE('',(#125),#82,.T.);
#1011=ADVANCED_FACE('',(#126),#83,.T.);
#1012=ADVANCED_FACE('',(#127),#84,.T.);
#1013=ADVANCED_FACE('',(#128,#69),#85,.T.);
#1014=ADVANCED_FACE('',(#129,#70),#86,.F.);
#1015=ADVANCED_FACE('',(#130),#42,.T.);
#1016=ADVANCED_FACE('',(#131),#982,.T.);
#1017=ADVANCED_FACE('',(#132),#87,.T.);
#1018=ADVANCED_FACE('',(#133),#983,.T.);
#1019=ADVANCED_FACE('',(#134),#88,.T.);
#1020=ADVANCED_FACE('',(#135),#984,.T.);
#1021=ADVANCED_FACE('',(#136),#89,.T.);
#1022=ADVANCED_FACE('',(#137),#90,.T.);
#1023=ADVANCED_FACE('',(#138),#985,.F.);
#1024=ADVANCED_FACE('',(#139),#986,.T.);
#1025=ADVANCED_FACE('',(#140),#987,.T.);
#1026=ADVANCED_FACE('',(#141),#91,.T.);
#1027=ADVANCED_FACE('',(#142),#92,.T.);
#1028=ADVANCED_FACE('',(#143),#93,.T.);
#1029=ADVANCED_FACE('',(#144),#988,.F.);
#1030=ADVANCED_FACE('',(#145),#94,.T.);
#1031=ADVANCED_FACE('',(#146),#95,.F.);
#1032=ADVANCED_FACE('',(#147),#96,.F.);
#1033=ADVANCED_FACE('',(#148),#18,.F.);
#1034=ADVANCED_FACE('',(#149),#989,.T.);
#1035=ADVANCED_FACE('',(#150),#990,.T.);
#1036=ADVANCED_FACE('',(#151),#97,.T.);
#1037=ADVANCED_FACE('',(#152),#98,.T.);
#1038=ADVANCED_FACE('',(#153),#99,.T.);
#1039=ADVANCED_FACE('',(#154),#991,.F.);
#1040=ADVANCED_FACE('',(#155),#100,.T.);
#1041=ADVANCED_FACE('',(#156),#101,.T.);
#1042=ADVANCED_FACE('',(#157),#102,.F.);
#1043=ADVANCED_FACE('',(#158),#103,.F.);
#1044=ADVANCED_FACE('',(#159),#104,.F.);
#1045=ADVANCED_FACE('',(#160),#19,.T.);
#1046=ADVANCED_FACE('',(#161),#20,.T.);
#1047=ADVANCED_FACE('',(#162),#21,.T.);
#1048=ADVANCED_FACE('',(#163),#22,.T.);
#1049=ADVANCED_FACE('',(#164),#23,.T.);
#1050=ADVANCED_FACE('',(#165),#105,.F.);
#1051=ADVANCED_FACE('',(#166),#106,.T.);
#1052=ADVANCED_FACE('',(#167),#24,.T.);
#1053=ADVANCED_FACE('',(#168),#25,.T.);
#1054=ADVANCED_FACE('',(#169),#26,.T.);
#1055=ADVANCED_FACE('',(#170),#27,.T.);
#1056=CLOSED_SHELL('',(#992,#993,#994,#995,#996,#997,#998));
#1057=CLOSED_SHELL('',(#999,#1000,#1001,#1002,#1003,#1004,#1005,#1006,#1007,
#1008,#1009,#1010,#1011,#1012,#1013,#1014,#1015,#1016,#1017,#1018,#1019,
#1020,#1021,#1022,#1023,#1024,#1025,#1026,#1027,#1028));
#1058=CLOSED_SHELL('',(#1029,#1030,#1031,#1032,#1033));
#1059=CLOSED_SHELL('',(#1034,#1035,#1036,#1037,#1038,#1039,#1040,#1041,
#1042));
#1060=CLOSED_SHELL('',(#1043,#1044,#1045,#1046,#1047,#1048,#1049));
#1061=CLOSED_SHELL('',(#1050,#1051,#1052,#1053,#1054,#1055));
#1062=DERIVED_UNIT_ELEMENT(#1064,1.);
#1063=DERIVED_UNIT_ELEMENT(#2510,-3.);
#1064=(
MASS_UNIT()
NAMED_UNIT(*)
SI_UNIT(.KILO.,.GRAM.)
);
#1065=DERIVED_UNIT((#1062,#1063));
#1066=MEASURE_REPRESENTATION_ITEM('density measure',
POSITIVE_RATIO_MEASURE(7850.),#1065);
#1067=PROPERTY_DEFINITION_REPRESENTATION(#1072,#1069);
#1068=PROPERTY_DEFINITION_REPRESENTATION(#1073,#1070);
#1069=REPRESENTATION('material name',(#1071),#2507);
#1070=REPRESENTATION('density',(#1066),#2507);
#1071=DESCRIPTIVE_REPRESENTATION_ITEM('\X2\92FC\X0\','\X2\92FC\X0\');
#1072=PROPERTY_DEFINITION('material property','material name',#2517);
#1073=PROPERTY_DEFINITION('material property','density of part',#2517);
#1074=AXIS2_PLACEMENT_3D('',#1461,#1176,#1177);
#1075=AXIS2_PLACEMENT_3D('',#1462,#1178,#1179);
#1076=AXIS2_PLACEMENT_3D('',#1464,#1180,#1181);
#1077=AXIS2_PLACEMENT_3D('',#1467,#1183,#1184);
#1078=AXIS2_PLACEMENT_3D('',#1468,#1185,#1186);
#1079=AXIS2_PLACEMENT_3D('',#1470,#1187,#1188);
#1080=AXIS2_PLACEMENT_3D('',#1471,#1189,#1190);
#1081=AXIS2_PLACEMENT_3D('',#1473,#1191,#1192);
#1082=AXIS2_PLACEMENT_3D('',#1476,#1194,#1195);
#1083=AXIS2_PLACEMENT_3D('',#1477,#1196,#1197);
#1084=AXIS2_PLACEMENT_3D('',#1479,#1198,#1199);
#1085=AXIS2_PLACEMENT_3D('',#1480,#1200,#1201);
#1086=AXIS2_PLACEMENT_3D('',#1482,#1203,#1204);
#1087=AXIS2_PLACEMENT_3D('',#1483,#1205,#1206);
#1088=AXIS2_PLACEMENT_3D('',#1484,#1207,#1208);
#1089=AXIS2_PLACEMENT_3D('',#1488,#1210,#1211);
#1090=AXIS2_PLACEMENT_3D('',#1489,#1212,#1213);
#1091=AXIS2_PLACEMENT_3D('',#1492,#1214,#1215);
#1092=AXIS2_PLACEMENT_3D('',#1494,#1216,#1217);
#1093=AXIS2_PLACEMENT_3D('',#1495,#1218,#1219);
#1094=AXIS2_PLACEMENT_3D('',#1496,#1220,#1221);
#1095=AXIS2_PLACEMENT_3D('',#1498,#1222,#1223);
#1096=AXIS2_PLACEMENT_3D('',#1499,#1224,#1225);
#1097=AXIS2_PLACEMENT_3D('',#1500,#1226,#1227);
#1098=AXIS2_PLACEMENT_3D('',#1502,#1228,#1229);
#1099=AXIS2_PLACEMENT_3D('',#1505,#1231,#1232);
#1100=AXIS2_PLACEMENT_3D('',#1506,#1233,#1234);
#1101=AXIS2_PLACEMENT_3D('',#1507,#1235,#1236);
#1102=AXIS2_PLACEMENT_3D('',#1508,#1237,#1238);
#1103=AXIS2_PLACEMENT_3D('',#1510,#1240,#1241);
#1104=AXIS2_PLACEMENT_3D('',#1514,#1243,#1244);
#1105=AXIS2_PLACEMENT_3D('',#1515,#1245,#1246);
#1106=AXIS2_PLACEMENT_3D('',#1525,#1251,#1252);
#1107=AXIS2_PLACEMENT_3D('',#1529,#1254,#1255);
#1108=AXIS2_PLACEMENT_3D('',#1533,#1258,#1259);
#1109=AXIS2_PLACEMENT_3D('',#1535,#1260,#1261);
#1110=AXIS2_PLACEMENT_3D('',#1539,#1264,#1265);
#1111=AXIS2_PLACEMENT_3D('',#1540,#1266,#1267);
#1112=AXIS2_PLACEMENT_3D('',#1541,#1268,#1269);
#1113=AXIS2_PLACEMENT_3D('',#1550,#1274,#1275);
#1114=AXIS2_PLACEMENT_3D('',#1556,#1279,#1280);
#1115=AXIS2_PLACEMENT_3D('',#1562,#1284,#1285);
#1116=AXIS2_PLACEMENT_3D('',#1568,#1289,#1290);
#1117=AXIS2_PLACEMENT_3D('',#1574,#1294,#1295);
#1118=AXIS2_PLACEMENT_3D('',#1577,#1298,#1299);
#1119=AXIS2_PLACEMENT_3D('',#1578,#1300,#1301);
#1120=AXIS2_PLACEMENT_3D('',#1587,#1305,#1306);
#1121=AXIS2_PLACEMENT_3D('',#1590,#1308,#1309);
#1122=AXIS2_PLACEMENT_3D('',#1591,#1310,#1311);
#1123=AXIS2_PLACEMENT_3D('',#1593,#1312,#1313);
#1124=AXIS2_PLACEMENT_3D('',#1595,#1314,#1315);
#1125=AXIS2_PLACEMENT_3D('',#1596,#1316,#1317);
#1126=AXIS2_PLACEMENT_3D('',#1597,#1318,#1319);
#1127=AXIS2_PLACEMENT_3D('',#1599,#1321,#1322);
#1128=AXIS2_PLACEMENT_3D('',#1601,#1324,#1325);
#1129=AXIS2_PLACEMENT_3D('',#1602,#1326,#1327);
#1130=AXIS2_PLACEMENT_3D('',#1604,#1328,#1329);
#1131=AXIS2_PLACEMENT_3D('',#1606,#1331,#1332);
#1132=AXIS2_PLACEMENT_3D('',#1610,#1335,#1336);
#1133=AXIS2_PLACEMENT_3D('',#1613,#1337,#1338);
#1134=AXIS2_PLACEMENT_3D('',#1623,#1340,#1341);
#1135=AXIS2_PLACEMENT_3D('',#1627,#1344,#1345);
#1136=AXIS2_PLACEMENT_3D('',#1630,#1347,#1348);
#1137=AXIS2_PLACEMENT_3D('',#1631,#1349,#1350);
#1138=AXIS2_PLACEMENT_3D('',#1635,#1352,#1353);
#1139=AXIS2_PLACEMENT_3D('',#1648,#1354,#1355);
#1140=AXIS2_PLACEMENT_3D('',#1650,#1357,#1358);
#1141=AXIS2_PLACEMENT_3D('',#1652,#1359,#1360);
#1142=AXIS2_PLACEMENT_3D('',#1654,#1362,#1363);
#1143=AXIS2_PLACEMENT_3D('',#1658,#1366,#1367);
#1144=AXIS2_PLACEMENT_3D('',#1660,#1369,#1370);
#1145=AXIS2_PLACEMENT_3D('',#1661,#1371,#1372);
#1146=AXIS2_PLACEMENT_3D('',#1666,#1374,#1375);
#1147=AXIS2_PLACEMENT_3D('',#1669,#1377,#1378);
#1148=AXIS2_PLACEMENT_3D('',#1670,#1379,#1380);
#1149=AXIS2_PLACEMENT_3D('',#1672,#1382,#1383);
#1150=AXIS2_PLACEMENT_3D('',#1676,#1385,#1386);
#1151=AXIS2_PLACEMENT_3D('',#1678,#1388,#1389);
#1152=AXIS2_PLACEMENT_3D('',#1791,#1390,#1391);
#1153=AXIS2_PLACEMENT_3D('',#1813,#1393,#1394);
#1154=AXIS2_PLACEMENT_3D('',#1815,#1396,#1397);
#1155=AXIS2_PLACEMENT_3D('',#1833,#1399,#1400);
#1156=AXIS2_PLACEMENT_3D('',#1835,#1402,#1403);
#1157=AXIS2_PLACEMENT_3D('',#1838,#1406,#1407);
#1158=AXIS2_PLACEMENT_3D('',#1845,#1411,#1412);
#1159=AXIS2_PLACEMENT_3D('',#1846,#1413,#1414);
#1160=AXIS2_PLACEMENT_3D('',#1850,#1417,#1418);
#1161=AXIS2_PLACEMENT_3D('',#1853,#1420,#1421);
#1162=AXIS2_PLACEMENT_3D('',#1854,#1422,#1423);
#1163=AXIS2_PLACEMENT_3D('',#1858,#1426,#1427);
#1164=AXIS2_PLACEMENT_3D('',#1860,#1429,#1430);
#1165=AXIS2_PLACEMENT_3D('',#1861,#1431,#1432);
#1166=AXIS2_PLACEMENT_3D('',#1880,#1434,#1435);
#1167=AXIS2_PLACEMENT_3D('',#1882,#1436,#1437);
#1168=AXIS2_PLACEMENT_3D('',#1883,#1438,#1439);
#1169=AXIS2_PLACEMENT_3D('',#1884,#1440,#1441);
#1170=AXIS2_PLACEMENT_3D('',#1888,#1443,#1444);
#1171=AXIS2_PLACEMENT_3D('',#1890,#1445,#1446);
#1172=AXIS2_PLACEMENT_3D('',#1892,#1447,#1448);
#1173=AXIS2_PLACEMENT_3D('',#2134,#1450,#1451);
#1174=AXIS2_PLACEMENT_3D('',#2151,#1452,#1453);
#1175=AXIS2_PLACEMENT_3D('',#2155,#1456,#1457);
#1176=DIRECTION('axis',(0.,0.,1.));
#1177=DIRECTION('refdir',(1.,0.,0.));
#1178=DIRECTION('center_axis',(-1.,0.,0.));
#1179=DIRECTION('ref_axis',(0.,0.,-1.));
#1180=DIRECTION('center_axis',(1.,0.,0.));
#1181=DIRECTION('ref_axis',(0.,0.,-1.));
#1182=DIRECTION('',(1.,0.,0.));
#1183=DIRECTION('center_axis',(-1.,0.,0.));
#1184=DIRECTION('ref_axis',(0.,0.,-1.));
#1185=DIRECTION('center_axis',(1.,0.,0.));
#1186=DIRECTION('ref_axis',(0.,0.,-1.));
#1187=DIRECTION('center_axis',(-1.,0.,0.));
#1188=DIRECTION('ref_axis',(0.,0.,-1.));
#1189=DIRECTION('center_axis',(1.,0.,0.));
#1190=DIRECTION('ref_axis',(0.,0.,-1.));
#1191=DIRECTION('center_axis',(-1.,0.,0.));
#1192=DIRECTION('ref_axis',(0.,0.,-1.));
#1193=DIRECTION('',(-1.,0.,0.));
#1194=DIRECTION('center_axis',(1.,0.,0.));
#1195=DIRECTION('ref_axis',(0.,0.,-1.));
#1196=DIRECTION('center_axis',(1.,0.,0.));
#1197=DIRECTION('ref_axis',(0.,0.,-1.));
#1198=DIRECTION('center_axis',(1.,0.,0.));
#1199=DIRECTION('ref_axis',(0.,0.,-1.));
#1200=DIRECTION('center_axis',(1.,0.,0.));
#1201=DIRECTION('ref_axis',(0.,0.,-1.));
#1202=DIRECTION('',(-1.,0.,0.));
#1203=DIRECTION('center_axis',(1.,0.,0.));
#1204=DIRECTION('ref_axis',(0.,0.,-1.));
#1205=DIRECTION('center_axis',(1.,0.,0.));
#1206=DIRECTION('ref_axis',(0.,0.,-1.));
#1207=DIRECTION('center_axis',(1.84889274661175E-32,-1.,0.));
#1208=DIRECTION('ref_axis',(1.,1.84889274661175E-32,0.));
#1209=DIRECTION('',(-1.,0.,0.));
#1210=DIRECTION('center_axis',(-1.84889274661175E-32,1.,0.));
#1211=DIRECTION('ref_axis',(1.,1.84889274661175E-32,0.));
#1212=DIRECTION('center_axis',(0.,1.,0.));
#1213=DIRECTION('ref_axis',(1.,0.,0.));
#1214=DIRECTION('center_axis',(-0.707106781186547,0.707106781186548,0.));
#1215=DIRECTION('ref_axis',(0.707106781186548,0.707106781186547,0.));
#1216=DIRECTION('center_axis',(-1.84889274661175E-32,1.,0.));
#1217=DIRECTION('ref_axis',(1.,1.84889274661175E-32,0.));
#1218=DIRECTION('center_axis',(0.707106781186547,0.707106781186548,0.));
#1219=DIRECTION('ref_axis',(0.707106781186548,-0.707106781186547,0.));
#1220=DIRECTION('center_axis',(0.,1.,0.));
#1221=DIRECTION('ref_axis',(1.,0.,0.));
#1222=DIRECTION('center_axis',(0.707106781186547,0.707106781186548,0.));
#1223=DIRECTION('ref_axis',(0.707106781186548,-0.707106781186547,0.));
#1224=DIRECTION('center_axis',(-0.707106781186547,0.707106781186548,0.));
#1225=DIRECTION('ref_axis',(0.707106781186548,0.707106781186547,0.));
#1226=DIRECTION('center_axis',(0.,1.,0.));
#1227=DIRECTION('ref_axis',(1.,0.,0.));
#1228=DIRECTION('center_axis',(0.,1.,1.86264495494196E-8));
#1229=DIRECTION('ref_axis',(0.,1.86264495494196E-8,-1.));
#1230=DIRECTION('',(0.,1.,0.));
#1231=DIRECTION('center_axis',(0.707106781186547,-0.707106781186548,0.));
#1232=DIRECTION('ref_axis',(0.707106781186548,0.707106781186547,0.));
#1233=DIRECTION('center_axis',(-0.707106781186547,-0.707106781186548,0.));
#1234=DIRECTION('ref_axis',(0.707106781186548,-0.707106781186547,0.));
#1235=DIRECTION('center_axis',(0.707106781186547,-0.707106781186548,0.));
#1236=DIRECTION('ref_axis',(0.707106781186548,0.707106781186547,0.));
#1237=DIRECTION('center_axis',(1.84889274661175E-32,-1.,0.));
#1238=DIRECTION('ref_axis',(1.,1.84889274661175E-32,0.));
#1239=DIRECTION('',(1.,0.,0.));
#1240=DIRECTION('center_axis',(-1.,0.,0.));
#1241=DIRECTION('ref_axis',(0.,0.,1.));
#1242=DIRECTION('',(0.,0.41232739871524,0.911035738195118));
#1243=DIRECTION('center_axis',(1.,0.,0.));
#1244=DIRECTION('ref_axis',(0.,0.,1.));
#1245=DIRECTION('center_axis',(0.,0.911035738195118,-0.41232739871524));
#1246=DIRECTION('ref_axis',(0.,0.41232739871524,0.911035738195118));
#1247=DIRECTION('',(1.,0.,0.));
#1248=DIRECTION('',(-1.,0.,0.));
#1249=DIRECTION('',(0.,0.41232739871524,0.911035738195118));
#1250=DIRECTION('',(1.,0.,0.));
#1251=DIRECTION('center_axis',(0.,0.911035738195118,-0.41232739871524));
#1252=DIRECTION('ref_axis',(-4.44089209850064E-16,0.41232739871524,0.911035738195118));
#1253=DIRECTION('',(0.,0.41232739871524,0.911035738195118));
#1254=DIRECTION('center_axis',(0.,0.911035738195118,-0.41232739871524));
#1255=DIRECTION('ref_axis',(1.,-8.4287737733383E-17,3.8147947644788E-17));
#1256=DIRECTION('',(1.,0.,0.));
#1257=DIRECTION('',(0.,0.41232739871524,0.911035738195118));
#1258=DIRECTION('center_axis',(-1.,0.,0.));
#1259=DIRECTION('ref_axis',(0.,0.,1.));
#1260=DIRECTION('center_axis',(1.,0.,0.));
#1261=DIRECTION('ref_axis',(0.,0.,1.));
#1262=DIRECTION('',(1.,0.,0.));
#1263=DIRECTION('',(1.,0.,0.));
#1264=DIRECTION('center_axis',(-1.,0.,0.));
#1265=DIRECTION('ref_axis',(0.,0.,1.));
#1266=DIRECTION('center_axis',(-1.,0.,0.));
#1267=DIRECTION('ref_axis',(0.,0.,1.));
#1268=DIRECTION('center_axis',(0.,-1.,-1.86264495494196E-8));
#1269=DIRECTION('ref_axis',(0.,-1.86264495494196E-8,1.));
#1270=DIRECTION('',(0.,1.86264495494196E-8,-1.));
#1271=DIRECTION('',(-1.,0.,0.));
#1272=DIRECTION('',(0.,-1.86264495494196E-8,1.));
#1273=DIRECTION('',(-1.,0.,0.));
#1274=DIRECTION('center_axis',(0.,-0.499999983869022,-0.866025413097663));
#1275=DIRECTION('ref_axis',(0.,-0.866025413097663,0.499999983869022));
#1276=DIRECTION('',(0.,0.866025413097663,-0.499999983869022));
#1277=DIRECTION('',(0.,-0.866025413097663,0.499999983869022));
#1278=DIRECTION('',(-1.,0.,0.));
#1279=DIRECTION('center_axis',(0.,0.500000016130978,-0.866025394471214));
#1280=DIRECTION('ref_axis',(0.,-0.866025394471214,-0.500000016130978));
#1281=DIRECTION('',(0.,0.866025394471214,0.500000016130978));
#1282=DIRECTION('',(0.,-0.866025394471214,-0.500000016130978));
#1283=DIRECTION('',(-1.,0.,0.));
#1284=DIRECTION('center_axis',(0.,1.,1.8626449133086E-8));
#1285=DIRECTION('ref_axis',(0.,1.8626449133086E-8,-1.));
#1286=DIRECTION('',(0.,-1.8626449133086E-8,1.));
#1287=DIRECTION('',(0.,1.8626449133086E-8,-1.));
#1288=DIRECTION('',(-1.,0.,0.));
#1289=DIRECTION('center_axis',(0.,0.499999983869022,0.866025413097663));
#1290=DIRECTION('ref_axis',(0.,0.866025413097663,-0.499999983869022));
#1291=DIRECTION('',(0.,-0.866025413097663,0.499999983869022));
#1292=DIRECTION('',(0.,0.866025413097663,-0.499999983869022));
#1293=DIRECTION('',(-1.,0.,0.));
#1294=DIRECTION('center_axis',(0.,-0.500000016130978,0.866025394471214));
#1295=DIRECTION('ref_axis',(0.,0.866025394471214,0.500000016130978));
#1296=DIRECTION('',(0.,-0.866025394471214,-0.500000016130978));
#1297=DIRECTION('',(0.,0.866025394471214,0.500000016130978));
#1298=DIRECTION('center_axis',(-1.,0.,0.));
#1299=DIRECTION('ref_axis',(0.,0.,1.));
#1300=DIRECTION('center_axis',(1.,0.,0.));
#1301=DIRECTION('ref_axis',(0.,0.,-1.));
#1302=DIRECTION('',(0.,0.911035738195119,-0.412327398715238));
#1303=DIRECTION('',(0.,-0.178264177024703,0.983982664069701));
#1304=DIRECTION('',(0.,-0.449194572809048,-0.893433957133317));
#1305=DIRECTION('center_axis',(1.,0.,0.));
#1306=DIRECTION('ref_axis',(0.,0.,-1.));
#1307=DIRECTION('',(0.,-0.911035738195118,0.412327398715241));
#1308=DIRECTION('center_axis',(1.,0.,0.));
#1309=DIRECTION('ref_axis',(0.,0.911035738195118,-0.41232739871524));
#1310=DIRECTION('center_axis',(1.,0.,0.));
#1311=DIRECTION('ref_axis',(0.,0.,-1.));
#1312=DIRECTION('center_axis',(0.,-0.911035738195118,0.41232739871524));
#1313=DIRECTION('ref_axis',(-0.707106781186546,0.291559499700557,0.644199548381062));
#1314=DIRECTION('center_axis',(-1.,0.,0.));
#1315=DIRECTION('ref_axis',(0.,0.911035738195118,-0.41232739871524));
#1316=DIRECTION('center_axis',(0.,-0.911035738195118,0.41232739871524));
#1317=DIRECTION('ref_axis',(-0.707106781186547,-0.291559499700555,-0.64419954838106));
#1318=DIRECTION('center_axis',(1.,0.,0.));
#1319=DIRECTION('ref_axis',(0.,0.,-1.));
#1320=DIRECTION('',(1.,0.,0.));
#1321=DIRECTION('center_axis',(1.,0.,0.));
#1322=DIRECTION('ref_axis',(0.,0.,-1.));
#1323=DIRECTION('',(1.,0.,0.));
#1324=DIRECTION('center_axis',(1.,0.,0.));
#1325=DIRECTION('ref_axis',(0.,0.,-1.));
#1326=DIRECTION('center_axis',(0.,-0.911035738195119,0.412327398715238));
#1327=DIRECTION('ref_axis',(-0.707106781186547,-0.291559499700555,-0.64419954838106));
#1328=DIRECTION('center_axis',(0.,0.983982664069701,0.178264177024703));
#1329=DIRECTION('ref_axis',(5.71029451734172E-17,0.178264177024703,-0.983982664069701));
#1330=DIRECTION('',(0.,-0.911035738195119,0.412327398715238));
#1331=DIRECTION('center_axis',(0.,-0.412327398715238,-0.911035738195119));
#1332=DIRECTION('ref_axis',(0.,0.911035738195119,-0.412327398715238));
#1333=DIRECTION('',(9.25185853854297E-17,0.911035738195118,-0.41232739871524));
#1334=DIRECTION('',(1.,0.,0.));
#1335=DIRECTION('center_axis',(0.,-0.911035738195117,0.412327398715241));
#1336=DIRECTION('ref_axis',(-0.707106781186546,0.291559499700557,0.644199548381062));
#1337=DIRECTION('center_axis',(0.,0.,-1.));
#1338=DIRECTION('ref_axis',(2.86109607335911E-17,1.,0.));
#1339=DIRECTION('',(0.,0.911035738195118,-0.412327398715241));
#1340=DIRECTION('center_axis',(0.,0.412327398715241,0.911035738195117));
#1341=DIRECTION('ref_axis',(0.,-0.911035738195118,0.412327398715241));
#1342=DIRECTION('',(1.,0.,0.));
#1343=DIRECTION('',(9.25185853854297E-17,0.911035738195118,-0.41232739871524));
#1344=DIRECTION('center_axis',(0.,0.,1.));
#1345=DIRECTION('ref_axis',(0.,-1.,0.));
#1346=DIRECTION('',(1.,0.,0.));
#1347=DIRECTION('center_axis',(0.,0.,1.));
#1348=DIRECTION('ref_axis',(-9.88224109616E-17,1.,-4.57775371737458E-17));
#1349=DIRECTION('center_axis',(1.,0.,0.));
#1350=DIRECTION('ref_axis',(0.,0.,-1.));
#1351=DIRECTION('',(1.,0.,0.));
#1352=DIRECTION('center_axis',(-1.,0.,0.));
#1353=DIRECTION('ref_axis',(0.,0.,-1.));
#1354=DIRECTION('center_axis',(-9.25185853854297E-17,-0.911035738195118,
0.41232739871524));
#1355=DIRECTION('ref_axis',(-4.44089209850064E-16,0.41232739871524,0.911035738195118));
#1356=DIRECTION('',(9.25185853854297E-17,0.911035738195118,-0.41232739871524));
#1357=DIRECTION('center_axis',(-9.25185853854297E-17,-0.911035738195118,
0.41232739871524));
#1358=DIRECTION('ref_axis',(1.,-8.4287737733383E-17,3.8147947644788E-17));
#1359=DIRECTION('center_axis',(0.,-0.983982664069701,-0.178264177024703));
#1360=DIRECTION('ref_axis',(-5.25624033526255E-17,-0.178264177024703,0.983982664069701));
#1361=DIRECTION('',(9.25185853854297E-17,0.911035738195118,-0.41232739871524));
#1362=DIRECTION('center_axis',(0.,-0.983982664069701,-0.178264177024703));
#1363=DIRECTION('ref_axis',(0.,0.178264177024703,-0.983982664069701));
#1364=DIRECTION('',(0.,0.178264177024703,-0.983982664069701));
#1365=DIRECTION('',(1.,0.,0.));
#1366=DIRECTION('center_axis',(1.,0.,0.));
#1367=DIRECTION('ref_axis',(0.,0.,-1.));
#1368=DIRECTION('',(0.,-0.449194572809048,-0.893433957133317));
#1369=DIRECTION('center_axis',(0.,-0.893433957133317,0.449194572809048));
#1370=DIRECTION('ref_axis',(0.,-0.449194572809048,-0.893433957133317));
#1371=DIRECTION('center_axis',(1.,0.,0.));
#1372=DIRECTION('ref_axis',(0.,0.911035738195119,-0.412327398715239));
#1373=DIRECTION('',(-1.,0.,0.));
#1374=DIRECTION('center_axis',(1.,0.,0.));
#1375=DIRECTION('ref_axis',(0.,0.,1.));
#1376=DIRECTION('',(1.,0.,0.));
#1377=DIRECTION('center_axis',(1.,0.,0.));
#1378=DIRECTION('ref_axis',(0.,0.,1.));
#1379=DIRECTION('center_axis',(-1.,0.,0.));
#1380=DIRECTION('ref_axis',(0.,0.,1.));
#1381=DIRECTION('',(0.,-0.412327398715239,-0.911035738195118));
#1382=DIRECTION('center_axis',(1.,0.,0.));
#1383=DIRECTION('ref_axis',(0.,0.,-1.));
#1384=DIRECTION('',(0.,-0.41232739871524,-0.911035738195118));
#1385=DIRECTION('center_axis',(-1.,0.,0.));
#1386=DIRECTION('ref_axis',(0.,0.,-1.));
#1387=DIRECTION('',(0.,-0.41232739871524,-0.911035738195118));
#1388=DIRECTION('center_axis',(-3.1426415996721E-16,0.911035738195118,-0.412327398715239));
#1389=DIRECTION('ref_axis',(0.,0.412327398715239,0.911035738195118));
#1390=DIRECTION('center_axis',(0.,0.,-1.));
#1391=DIRECTION('ref_axis',(0.,1.,0.));
#1392=DIRECTION('',(0.,0.,1.));
#1393=DIRECTION('center_axis',(0.,-7.40148683083438E-16,1.));
#1394=DIRECTION('ref_axis',(0.,1.,0.));
#1395=DIRECTION('',(0.,0.,1.));
#1396=DIRECTION('center_axis',(0.,0.,-1.));
#1397=DIRECTION('ref_axis',(0.99373611752824,0.111752085975613,0.));
#1398=DIRECTION('',(0.,0.,-1.));
#1399=DIRECTION('center_axis',(0.,-7.40148683083438E-16,1.));
#1400=DIRECTION('ref_axis',(0.99373611752824,0.111752085975613,0.));
#1401=DIRECTION('',(0.,0.,1.));
#1402=DIRECTION('center_axis',(0.,1.,7.51956597163904E-16));
#1403=DIRECTION('ref_axis',(0.,-7.51956597163904E-16,1.));
#1404=DIRECTION('',(1.,0.,0.));
#1405=DIRECTION('',(1.,0.,0.));
#1406=DIRECTION('center_axis',(1.,0.,0.));
#1407=DIRECTION('ref_axis',(0.,0.,-1.));
#1408=DIRECTION('',(0.,-1.,-7.40148683083438E-16));
#1409=DIRECTION('',(0.,0.,-1.));
#1410=DIRECTION('',(0.,0.913689960746515,-0.406411928504852));
#1411=DIRECTION('center_axis',(-1.,0.,0.));
#1412=DIRECTION('ref_axis',(0.,0.,-1.));
#1413=DIRECTION('center_axis',(0.,-7.40148683083438E-16,1.));
#1414=DIRECTION('ref_axis',(0.,-1.,-7.40148683083438E-16));
#1415=DIRECTION('',(0.,1.,7.40148683083438E-16));
#1416=DIRECTION('',(1.,0.,0.));
#1417=DIRECTION('center_axis',(1.,0.,0.));
#1418=DIRECTION('ref_axis',(0.,-0.685549269399943,0.728026235258871));
#1419=DIRECTION('',(1.,0.,0.));
#1420=DIRECTION('center_axis',(1.,0.,0.));
#1421=DIRECTION('ref_axis',(0.,0.,-1.));
#1422=DIRECTION('center_axis',(0.,-0.406411928504852,-0.913689960746515));
#1423=DIRECTION('ref_axis',(0.,0.913689960746515,-0.406411928504852));
#1424=DIRECTION('',(0.,-0.913689960746515,0.406411928504852));
#1425=DIRECTION('',(1.,0.,0.));
#1426=DIRECTION('center_axis',(0.,-1.,0.));
#1427=DIRECTION('ref_axis',(0.,0.,-1.));
#1428=DIRECTION('',(0.,0.,-1.));
#1429=DIRECTION('center_axis',(1.,0.,0.));
#1430=DIRECTION('ref_axis',(0.,0.,-1.));
#1431=DIRECTION('center_axis',(-2.56266540235866E-16,1.,8.1445503373021E-15));
#1432=DIRECTION('ref_axis',(0.,-8.1445503373021E-15,1.));
#1433=DIRECTION('',(1.,0.,0.));
#1434=DIRECTION('center_axis',(1.40129846432482E-45,-1.,0.));
#1435=DIRECTION('ref_axis',(1.,-1.16774870286987E-45,6.12580397510454E-46));
#1436=DIRECTION('center_axis',(1.40129846432482E-45,-1.,0.));
#1437=DIRECTION('ref_axis',(0.888856196209747,0.,0.458186274848494));
#1438=DIRECTION('center_axis',(1.40129846432482E-45,-1.,0.));
#1439=DIRECTION('ref_axis',(0.611143801857316,0.,0.791519585008094));
#1440=DIRECTION('center_axis',(-7.13961127343204E-30,2.90034826062335E-28,
1.));
#1441=DIRECTION('ref_axis',(1.,0.,7.13961127343204E-30));
#1442=DIRECTION('',(0.,-1.,0.));
#1443=DIRECTION('center_axis',(0.,0.,1.));
#1444=DIRECTION('ref_axis',(0.556350822564347,0.830947508710372,0.));
#1445=DIRECTION('center_axis',(0.,0.,1.));
#1446=DIRECTION('ref_axis',(0.943649170279317,0.33094749346559,0.));
#1447=DIRECTION('center_axis',(0.,0.,1.));
#1448=DIRECTION('ref_axis',(0.999999977691314,-0.00021122824599163,0.));
#1449=DIRECTION('',(0.,1.,0.));
#1450=DIRECTION('center_axis',(1.31547419591073E-16,9.26419542294609E-17,
1.));
#1451=DIRECTION('ref_axis',(1.,0.,-1.31547419591073E-16));
#1452=DIRECTION('center_axis',(0.,0.,-1.));
#1453=DIRECTION('ref_axis',(0.99373611752824,0.111752085975613,0.));
#1454=DIRECTION('',(0.,-1.,0.));
#1455=DIRECTION('',(-1.,0.,0.));
#1456=DIRECTION('center_axis',(1.68122317240724E-16,-6.3818236426479E-16,
1.));
#1457=DIRECTION('ref_axis',(1.,0.,-1.68122317240724E-16));
#1458=DIRECTION('',(-1.,0.,0.));
#1459=DIRECTION('',(0.,0.,-1.));
#1460=DIRECTION('',(0.,0.,-1.));
#1461=CARTESIAN_POINT('',(0.,0.,0.));
#1462=CARTESIAN_POINT('Origin',(0.,-18.,50.));
#1463=CARTESIAN_POINT('',(-0.5,-18.,54.));
#1464=CARTESIAN_POINT('Origin',(-0.5,-18.,50.));
#1465=CARTESIAN_POINT('',(0.,-18.,54.));
#1466=CARTESIAN_POINT('',(0.,-18.,54.));
#1467=CARTESIAN_POINT('Origin',(0.,-18.,50.));
#1468=CARTESIAN_POINT('Origin',(-0.5,-18.,50.));
#1469=CARTESIAN_POINT('',(-0.5,-18.,55.));
#1470=CARTESIAN_POINT('Origin',(-0.5,-18.,50.));
#1471=CARTESIAN_POINT('Origin',(0.,-18.,50.));
#1472=CARTESIAN_POINT('',(14.5,-18.,54.));
#1473=CARTESIAN_POINT('Origin',(14.5,-18.,50.));
#1474=CARTESIAN_POINT('',(14.,-18.,54.));
#1475=CARTESIAN_POINT('',(0.,-18.,54.));
#1476=CARTESIAN_POINT('Origin',(14.,-18.,50.));
#1477=CARTESIAN_POINT('Origin',(14.5,-18.,50.));
#1478=CARTESIAN_POINT('',(14.5,-18.,55.));
#1479=CARTESIAN_POINT('Origin',(14.5,-18.,50.));
#1480=CARTESIAN_POINT('Origin',(0.,-18.,50.));
#1481=CARTESIAN_POINT('',(0.,-18.,55.));
#1482=CARTESIAN_POINT('Origin',(14.,-18.,50.));
#1483=CARTESIAN_POINT('Origin',(0.,-18.,50.));
#1484=CARTESIAN_POINT('Origin',(-3.,-4.96410153102252,39.9999999354761));
#1485=CARTESIAN_POINT('',(-2.96410305748226,-4.96410153102252,40.8492416027993));
#1486=CARTESIAN_POINT('',(-3.03589694251774,-4.96410153102252,40.8492416027993));
#1487=CARTESIAN_POINT('',(0.,-4.96410153102252,40.8492416027993));
#1488=CARTESIAN_POINT('Origin',(-3.,-4.96410153102252,39.9999999354761));
#1489=CARTESIAN_POINT('Origin',(-3.,-8.46410153102252,39.9999999354761));
#1490=CARTESIAN_POINT('',(-2.9641000046278,-4.96410153102252,39.1507583972007));
#1491=CARTESIAN_POINT('',(-3.,-5.,39.1499999354761));
#1492=CARTESIAN_POINT('Origin',(-3.,-5.,39.9999999354761));
#1493=CARTESIAN_POINT('',(-3.03589999537221,-4.96410153102252,39.1507583972007));
#1494=CARTESIAN_POINT('Origin',(-3.,-4.96410153102252,39.9999999354761));
#1495=CARTESIAN_POINT('Origin',(-3.,-5.,39.9999999354761));
#1496=CARTESIAN_POINT('Origin',(-3.,-8.46410153102252,39.9999999354761));
#1497=CARTESIAN_POINT('',(-3.,-5.,40.8499999354761));
#1498=CARTESIAN_POINT('Origin',(-3.,-5.,39.9999999354761));
#1499=CARTESIAN_POINT('Origin',(-3.,-5.,39.9999999354761));
#1500=CARTESIAN_POINT('Origin',(-3.,-8.46410153102252,39.9999999354761));
#1501=CARTESIAN_POINT('',(-3.85,-8.46410153102252,39.9999999354761));
#1502=CARTESIAN_POINT('Origin',(-3.,-8.46410218294826,39.9999999354761));
#1503=CARTESIAN_POINT('',(-3.85,-5.85,39.9999999354761));
#1504=CARTESIAN_POINT('',(-3.85,-8.46410153102252,39.9999999354761));
#1505=CARTESIAN_POINT('Origin',(-3.,-5.,39.9999999354761));
#1506=CARTESIAN_POINT('Origin',(-3.,-5.,39.9999999354761));
#1507=CARTESIAN_POINT('Origin',(-3.,-5.,39.9999999354761));
#1508=CARTESIAN_POINT('Origin',(-3.,-4.96410153102252,39.9999999354761));
#1509=CARTESIAN_POINT('',(0.,-4.96410153102252,39.1507583972007));
#1510=CARTESIAN_POINT('Origin',(10.,-5.,40.));
#1511=CARTESIAN_POINT('',(10.,-5.35047828890796,39.2256196225342));
#1512=CARTESIAN_POINT('',(10.,-4.64952171109205,40.7743803774659));
#1513=CARTESIAN_POINT('',(10.,-6.54622774518215,36.5836159817683));
#1514=CARTESIAN_POINT('Origin',(10.,-5.,40.));
#1515=CARTESIAN_POINT('Origin',(0.,-8.0924554903643,33.1672319635366));
#1516=CARTESIAN_POINT('',(5.5,-5.35047828890796,39.2256196225342));
#1517=CARTESIAN_POINT('',(0.,-5.35047828890796,39.2256196225342));
#1518=CARTESIAN_POINT('',(5.5,-4.64952171109205,40.7743803774659));
#1519=CARTESIAN_POINT('',(0.,-4.64952171109205,40.7743803774659));
#1520=CARTESIAN_POINT('',(5.5,-1.90754450963571,46.8327680364634));
#1521=CARTESIAN_POINT('',(5.5,-6.4215523923113,36.8590856752482));
#1522=CARTESIAN_POINT('',(8.,-1.90754450963571,46.8327680364634));
#1523=CARTESIAN_POINT('',(0.,-1.90754450963571,46.8327680364634));
#1524=CARTESIAN_POINT('',(13.,-3.9691815032119,42.2775893454878));
#1525=CARTESIAN_POINT('Origin',(8.,-3.9691815032119,42.2775893454878));
#1526=CARTESIAN_POINT('',(13.,-6.0308184967881,37.7224106545122));
#1527=CARTESIAN_POINT('',(13.,-1.90754450963571,46.8327680364634));
#1528=CARTESIAN_POINT('',(8.,-8.0924554903643,33.1672319635366));
#1529=CARTESIAN_POINT('Origin',(8.,-6.0308184967881,37.7224106545122));
#1530=CARTESIAN_POINT('',(5.5,-8.0924554903643,33.1672319635366));
#1531=CARTESIAN_POINT('',(0.,-8.0924554903643,33.1672319635366));
#1532=CARTESIAN_POINT('',(5.5,-6.4215523923113,36.8590856752482));
#1533=CARTESIAN_POINT('Origin',(0.,-5.,40.));
#1534=CARTESIAN_POINT('',(-6.,-5.,39.15));
#1535=CARTESIAN_POINT('Origin',(-6.,-5.,40.));
#1536=CARTESIAN_POINT('',(0.,-5.,39.15));
#1537=CARTESIAN_POINT('',(5.5,-5.,39.15));
#1538=CARTESIAN_POINT('',(0.,-5.,39.15));
#1539=CARTESIAN_POINT('Origin',(5.5,-5.,40.));
#1540=CARTESIAN_POINT('Origin',(5.5,-5.,40.));
#1541=CARTESIAN_POINT('Origin',(0.,-8.46410214569535,37.9999996076505));
#1542=CARTESIAN_POINT('',(0.,-8.46410222020116,42.0000002633016));
#1543=CARTESIAN_POINT('',(0.,-8.46410214569535,37.9999996076505));
#1544=CARTESIAN_POINT('',(0.,-8.46410218608118,40.1681973504379));
#1545=CARTESIAN_POINT('',(-6.,-8.46410222020116,42.0000002633016));
#1546=CARTESIAN_POINT('',(0.,-8.46410222020116,42.0000002633016));
#1547=CARTESIAN_POINT('',(-6.,-8.46410214569535,37.9999996076505));
#1548=CARTESIAN_POINT('',(-6.,-8.46410214569535,37.9999996076505));
#1549=CARTESIAN_POINT('',(0.,-8.46410214569535,37.9999996076505));
#1550=CARTESIAN_POINT('Origin',(0.,-4.99999992549419,35.9999993443489));
#1551=CARTESIAN_POINT('',(0.,-4.99999992549419,35.9999993443489));
#1552=CARTESIAN_POINT('',(0.,-8.74794058959174,38.1638738025913));
#1553=CARTESIAN_POINT('',(-6.,-4.99999992549419,35.9999993443489));
#1554=CARTESIAN_POINT('',(-6.,-4.99999992549419,35.9999993443489));
#1555=CARTESIAN_POINT('',(0.,-4.99999992549419,35.9999993443489));
#1556=CARTESIAN_POINT('Origin',(0.,-1.53589777979884,37.9999997366984));
#1557=CARTESIAN_POINT('',(0.,-1.53589777979884,37.9999997366984));
#1558=CARTESIAN_POINT('',(0.,-4.27214959422059,36.4202239471158));
#1559=CARTESIAN_POINT('',(-6.,-1.53589777979884,37.9999997366984));
#1560=CARTESIAN_POINT('',(-6.,-1.53589777979884,37.9999997366984));
#1561=CARTESIAN_POINT('',(0.,-1.53589777979884,37.9999997366984));
#1562=CARTESIAN_POINT('Origin',(0.,-1.53589785430465,42.0000003923495));
#1563=CARTESIAN_POINT('',(0.,-1.53589785430465,42.0000003923495));
#1564=CARTESIAN_POINT('',(0.,-1.53589785743757,42.1681978073113));
#1565=CARTESIAN_POINT('',(-6.,-1.53589785430465,42.0000003923495));
#1566=CARTESIAN_POINT('',(-6.,-1.53589785430465,42.0000003923495));
#1567=CARTESIAN_POINT('',(0.,-1.53589785430465,42.0000003923495));
#1568=CARTESIAN_POINT('Origin',(0.,-5.00000007450581,44.0000006556511));
#1569=CARTESIAN_POINT('',(0.,-5.00000007450581,44.0000006556511));
#1570=CARTESIAN_POINT('',(0.,-7.01588962850278,45.1638749822426));
#1571=CARTESIAN_POINT('',(-6.,-5.00000007450581,44.0000006556511));
#1572=CARTESIAN_POINT('',(-6.,-5.00000007450581,44.0000006556511));
#1573=CARTESIAN_POINT('',(0.,-5.00000007450581,44.0000006556511));
#1574=CARTESIAN_POINT('Origin',(0.,-8.46410222020116,42.0000002633016));
#1575=CARTESIAN_POINT('',(0.,-9.46830296177524,41.4202246698938));
#1576=CARTESIAN_POINT('',(-6.,-8.46410222020116,42.0000002633016));
#1577=CARTESIAN_POINT('Origin',(-6.,-5.,40.));
#1578=CARTESIAN_POINT('Origin',(0.,-11.3361885450727,42.3363950397285));
#1579=CARTESIAN_POINT('',(0.,-20.0588901999384,40.778446985059));
#1580=CARTESIAN_POINT('',(0.,-7.26780069293382,34.9893034399269));
#1581=CARTESIAN_POINT('',(0.,-16.1027012254068,38.9879078872995));
#1582=CARTESIAN_POINT('',(0.,-20.7648325805097,44.6751079738682));
#1583=CARTESIAN_POINT('',(0.,-19.62565292733,38.3870637425561));
#1584=CARTESIAN_POINT('',(0.,-20.3156380077007,45.5685419310015));
#1585=CARTESIAN_POINT('',(0.,-20.3156380077007,45.5685419310015));
#1586=CARTESIAN_POINT('',(0.,-13.0113720619817,49.6629669214705));
#1587=CARTESIAN_POINT('Origin',(0.,-18.,50.));
#1588=CARTESIAN_POINT('',(0.,-2.73219930706619,45.0106965600731));
#1589=CARTESIAN_POINT('',(0.,-5.80050112105626,46.3993851179361));
#1590=CARTESIAN_POINT('Origin',(0.,-5.,40.));
#1591=CARTESIAN_POINT('Origin',(2.,-5.,40.));
#1592=CARTESIAN_POINT('',(2.,-1.90754450963571,46.8327680364634));
#1593=CARTESIAN_POINT('Origin',(2.,-2.73219930706617,45.0106965600731));
#1594=CARTESIAN_POINT('',(2.,-8.0924554903643,33.1672319635366));
#1595=CARTESIAN_POINT('Origin',(2.,-5.,40.));
#1596=CARTESIAN_POINT('Origin',(2.,-7.26780069293382,34.9893034399269));
#1597=CARTESIAN_POINT('Origin',(0.,-5.,40.));
#1598=CARTESIAN_POINT('',(0.,-1.90754450963571,46.8327680364634));
#1599=CARTESIAN_POINT('Origin',(5.5,-5.,40.));
#1600=CARTESIAN_POINT('',(0.,-8.0924554903643,33.1672319635366));
#1601=CARTESIAN_POINT('Origin',(5.5,-2.79622774518215,39.6663840182317));
#1602=CARTESIAN_POINT('Origin',(2.,-16.1027012254068,38.9879078872995));
#1603=CARTESIAN_POINT('',(2.,-19.62565292733,38.3870637425561));
#1604=CARTESIAN_POINT('Origin',(2.,-20.0588901999384,40.778446985059));
#1605=CARTESIAN_POINT('',(2.,-16.9273560228372,37.1658364109093));
#1606=CARTESIAN_POINT('Origin',(0.,-19.62565292733,38.3870637425561));
#1607=CARTESIAN_POINT('',(8.,-19.62565292733,38.3870637425561));
#1608=CARTESIAN_POINT('',(8.,-8.0924554903643,33.1672319635366));
#1609=CARTESIAN_POINT('',(0.,-19.62565292733,38.3870637425561));
#1610=CARTESIAN_POINT('Origin',(2.,-5.80050112105626,46.3993851179361));
#1611=CARTESIAN_POINT('',(0.783736989327693,-13.2320554995275,51.5055581159205));
#1612=CARTESIAN_POINT('',(2.,-12.2320554995275,51.5055581159205));
#1613=CARTESIAN_POINT('Origin',(2.,-17.082569935948,51.5055581159205));
#1614=CARTESIAN_POINT('',(2.,-4.97584632362578,48.2214565943263));
#1615=CARTESIAN_POINT('Ctrl Pts',(-6.76542155630955E-16,-13.0113720619817,
49.6629669214705));
#1616=CARTESIAN_POINT('Ctrl Pts',(-2.02639260915601E-16,-12.991528773215,
49.9566792928369));
#1617=CARTESIAN_POINT('Ctrl Pts',(0.0595925929309446,-12.9986482926637,
50.2689082040497));
#1618=CARTESIAN_POINT('Ctrl Pts',(0.282233471696632,-13.0642770410434,50.851157453186));
#1619=CARTESIAN_POINT('Ctrl Pts',(0.444720964064055,-13.1220625671307,51.1214734030953));
#1620=CARTESIAN_POINT('Ctrl Pts',(0.678476443404702,-13.1988142896249,51.3971397121278));
#1621=CARTESIAN_POINT('Ctrl Pts',(0.72949781741262,-13.21525253773,51.4523448998733));
#1622=CARTESIAN_POINT('Ctrl Pts',(0.783736989327693,-13.2320554995275,51.5055581159205));
#1623=CARTESIAN_POINT('Origin',(0.,-1.90754450963571,46.8327680364634));
#1624=CARTESIAN_POINT('',(8.,-12.2320554995275,51.5055581159205));
#1625=CARTESIAN_POINT('',(0.,-12.2320554995275,51.5055581159205));
#1626=CARTESIAN_POINT('',(8.,-1.90754450963571,46.8327680364634));
#1627=CARTESIAN_POINT('Origin',(0.,-12.2320554995275,51.5055581159205));
#1628=CARTESIAN_POINT('',(9.98828069030028,-13.2320554995275,51.5055581159205));
#1629=CARTESIAN_POINT('',(0.,-13.2320554995275,51.5055581159205));
#1630=CARTESIAN_POINT('Origin',(8.,-24.3583415905788,51.5055581159205));
#1631=CARTESIAN_POINT('Origin',(0.,-18.,50.));
#1632=CARTESIAN_POINT('',(13.,-20.3156380077007,45.5685419310015));
#1633=CARTESIAN_POINT('',(0.,-20.3156380077007,45.5685419310015));
#1634=CARTESIAN_POINT('',(13.,-14.1049419789113,46.8649524704795));
#1635=CARTESIAN_POINT('Origin',(13.,-18.,50.));
#1636=CARTESIAN_POINT('Ctrl Pts',(13.,-14.1049419789113,46.8649524704795));
#1637=CARTESIAN_POINT('Ctrl Pts',(13.,-14.039927976222,46.9457274221425));
#1638=CARTESIAN_POINT('Ctrl Pts',(12.9969674065848,-13.9773430622244,47.0286433839837));
#1639=CARTESIAN_POINT('Ctrl Pts',(12.9602550091923,-13.6223105500206,47.5307267276592));
#1640=CARTESIAN_POINT('Ctrl Pts',(12.8471928650262,-13.3987445716214,47.9916975433065));
#1641=CARTESIAN_POINT('Ctrl Pts',(12.4976763530047,-13.1051717146052,48.873817558995));
#1642=CARTESIAN_POINT('Ctrl Pts',(12.2334273952609,-13.0228872995671,49.3509873284936));
#1643=CARTESIAN_POINT('Ctrl Pts',(11.5833941158954,-12.9859562073751,50.2285463455908));
#1644=CARTESIAN_POINT('Ctrl Pts',(11.1978004778901,-13.0290402832632,50.6289798614115));
#1645=CARTESIAN_POINT('Ctrl Pts',(10.5591190321358,-13.1296914842429,51.1497976318974));
#1646=CARTESIAN_POINT('Ctrl Pts',(10.2834474809899,-13.1803235301547,51.3417283997099));
#1647=CARTESIAN_POINT('Ctrl Pts',(9.98828069030028,-13.2320554995275,51.5055581159205));
#1648=CARTESIAN_POINT('Origin',(8.,-3.9691815032119,42.2775893454878));
#1649=CARTESIAN_POINT('',(13.,-3.9691815032119,42.2775893454878));
#1650=CARTESIAN_POINT('Origin',(8.,-6.0308184967881,37.7224106545122));
#1651=CARTESIAN_POINT('',(13.,-20.7087461088509,44.3655218488134));
#1652=CARTESIAN_POINT('Origin',(8.,-20.7087461088509,44.3655218488134));
#1653=CARTESIAN_POINT('',(13.,-6.0308184967881,37.7224106545122));
#1654=CARTESIAN_POINT('Origin',(0.,-20.7648325805097,44.6751079738682));
#1655=CARTESIAN_POINT('',(13.,-20.7648325805097,44.6751079738682));
#1656=CARTESIAN_POINT('',(13.,-19.62565292733,38.3870637425561));
#1657=CARTESIAN_POINT('',(0.,-20.7648325805097,44.6751079738682));
#1658=CARTESIAN_POINT('Origin',(13.,-11.3361885450727,42.3363950397285));
#1659=CARTESIAN_POINT('',(13.,-20.3156380077007,45.5685419310015));
#1660=CARTESIAN_POINT('Origin',(0.,-20.3156380077007,45.5685419310015));
#1661=CARTESIAN_POINT('Origin',(0.,-5.,40.));
#1662=CARTESIAN_POINT('',(10.,-5.35047828890795,39.2256196225342));
#1663=CARTESIAN_POINT('',(5.5,-5.35047828890796,39.2256196225342));
#1664=CARTESIAN_POINT('',(0.,-5.35047828890796,39.2256196225342));
#1665=CARTESIAN_POINT('',(10.,-4.64952171109205,40.7743803774659));
#1666=CARTESIAN_POINT('Origin',(10.,-5.,40.));
#1667=CARTESIAN_POINT('',(5.5,-4.64952171109205,40.7743803774659));
#1668=CARTESIAN_POINT('',(0.,-4.64952171109205,40.7743803774659));
#1669=CARTESIAN_POINT('Origin',(5.5,-5.,40.));
#1670=CARTESIAN_POINT('Origin',(10.,-5.,40.));
#1671=CARTESIAN_POINT('',(10.,-5.,40.));
#1672=CARTESIAN_POINT('Origin',(5.5,-2.60368622582964,38.9154477880674));
#1673=CARTESIAN_POINT('',(5.5,-1.90754450963571,46.8327680364634));
#1674=CARTESIAN_POINT('',(5.5,-1.90754450963571,46.8327680364634));
#1675=CARTESIAN_POINT('',(5.5,-8.0924554903643,33.1672319635366));
#1676=CARTESIAN_POINT('Origin',(5.5,-5.,40.));
#1677=CARTESIAN_POINT('',(5.5,-1.90754450963571,46.8327680364634));
#1678=CARTESIAN_POINT('Origin',(8.44587637815856,-5.,40.));
#1679=CARTESIAN_POINT('Ctrl Pts',(5.50000000000001,-1.90754450963569,46.8327680364634));
#1680=CARTESIAN_POINT('Ctrl Pts',(6.33333333333334,-1.90754450963569,46.8327680364634));
#1681=CARTESIAN_POINT('Ctrl Pts',(7.16655472993363,-1.90787491085096,46.8320380162998));
#1682=CARTESIAN_POINT('Ctrl Pts',(9.30911701977488,-1.90540589901599,46.8374932880734));
#1683=CARTESIAN_POINT('Ctrl Pts',(11.9145534724652,-2.35525833054038,45.8435461399827));
#1684=CARTESIAN_POINT('Ctrl Pts',(13.0052668209955,-3.42942842757958,43.4701716071419));
#1685=CARTESIAN_POINT('Ctrl Pts',(13.0007224978622,-4.31284829115132,41.5182589521666));
#1686=CARTESIAN_POINT('Ctrl Pts',(13.0021078524549,-4.65639486027738,40.7591941818327));
#1687=CARTESIAN_POINT('Ctrl Pts',(13.0021078524549,-5.34360513972262,39.2408058181673));
#1688=CARTESIAN_POINT('Ctrl Pts',(13.0007224978622,-5.68715170884867,38.4817410478334));
#1689=CARTESIAN_POINT('Ctrl Pts',(13.0052668209955,-6.57057157242041,36.5298283928581));
#1690=CARTESIAN_POINT('Ctrl Pts',(11.9145534724653,-7.64474166945962,34.1564538600173));
#1691=CARTESIAN_POINT('Ctrl Pts',(9.30911701977487,-8.094594100984,33.1625067119266));
#1692=CARTESIAN_POINT('Ctrl Pts',(7.16655472993362,-8.09212508914904,33.1679619837002));
#1693=CARTESIAN_POINT('Ctrl Pts',(6.33333333333333,-8.09245549036429,33.1672319635366));
#1694=CARTESIAN_POINT('Ctrl Pts',(5.49999999999999,-8.09245549036429,33.1672319635366));
#1695=CARTESIAN_POINT('Ctrl Pts',(5.5,-1.90754450963571,46.8327680364634));
#1696=CARTESIAN_POINT('Ctrl Pts',(5.5,-1.90754450963571,46.8327680364634));
#1697=CARTESIAN_POINT('Ctrl Pts',(5.5,-1.9075445096357,46.8327680364634));
#1698=CARTESIAN_POINT('Ctrl Pts',(5.5,-1.9075445096357,46.8327680364634));
#1699=CARTESIAN_POINT('Ctrl Pts',(5.50000000000001,-1.90754450963569,46.8327680364634));
#1700=CARTESIAN_POINT('Ctrl Pts',(5.50000000000001,-1.90754450963569,46.8327680364634));
#1701=CARTESIAN_POINT('Ctrl Pts',(5.5,-1.21172334703513,46.5178450121323));
#1702=CARTESIAN_POINT('Ctrl Pts',(5.60579733421071,-1.23580407584058,46.528743755015));
#1703=CARTESIAN_POINT('Ctrl Pts',(5.81360447929289,-1.31856482318763,46.5657170707707));
#1704=CARTESIAN_POINT('Ctrl Pts',(6.13024576402482,-1.55236045342185,46.6726372637814));
#1705=CARTESIAN_POINT('Ctrl Pts',(6.28374723743721,-1.77202039319886,46.7714309186635));
#1706=CARTESIAN_POINT('Ctrl Pts',(6.33333333333334,-1.90754450963569,46.8327680364634));
#1707=CARTESIAN_POINT('Ctrl Pts',(5.5,-0.564554522448057,46.0957989457309));
#1708=CARTESIAN_POINT('Ctrl Pts',(5.71288320737517,-0.602817649176042,46.1145308941592));
#1709=CARTESIAN_POINT('Ctrl Pts',(6.13909893100974,-0.74734432167697,46.2019206117832));
#1710=CARTESIAN_POINT('Ctrl Pts',(6.78968817777245,-1.19339169192099,46.4674779306151));
#1711=CARTESIAN_POINT('Ctrl Pts',(7.08667076233062,-1.63234105518356,46.7052120735274));
#1712=CARTESIAN_POINT('Ctrl Pts',(7.16655472993363,-1.90787491085096,46.8320380162998));
#1713=CARTESIAN_POINT('Ctrl Pts',(5.5,0.898543974932836,44.7863740393145));
#1714=CARTESIAN_POINT('Ctrl Pts',(5.97991482744197,0.841445161297276,44.8187814158858));
#1715=CARTESIAN_POINT('Ctrl Pts',(6.97673834423799,0.586866876404688,45.0629090837537));
#1716=CARTESIAN_POINT('Ctrl Pts',(8.52712280829638,-0.310920609339521,45.8721152954665));
#1717=CARTESIAN_POINT('Ctrl Pts',(9.18646332263232,-1.27567024144722,46.5426326544959));
#1718=CARTESIAN_POINT('Ctrl Pts',(9.30911701977488,-1.90540589901599,46.8374932880734));
#1719=CARTESIAN_POINT('Ctrl Pts',(5.5,2.29201728353894,42.7479274264451));
#1720=CARTESIAN_POINT('Ctrl Pts',(6.29037180078077,2.24573174276634,42.7846421076416));
#1721=CARTESIAN_POINT('Ctrl Pts',(8.00123406242149,1.87991592619492,43.1168506840357));
#1722=CARTESIAN_POINT('Ctrl Pts',(10.7197034230323,0.364432853496407,44.296314885932));
#1723=CARTESIAN_POINT('Ctrl Pts',(11.8070487111761,-1.30368526348263,45.3439633538091));
#1724=CARTESIAN_POINT('Ctrl Pts',(11.9145534724652,-2.35525833054038,45.8435461399827));
#1725=CARTESIAN_POINT('Ctrl Pts',(5.5,2.59037997714332,40.2968724719586));
#1726=CARTESIAN_POINT('Ctrl Pts',(6.4992865180814,2.57539807176095,40.3216410638426));
#1727=CARTESIAN_POINT('Ctrl Pts',(8.60686746214469,2.1445424478091,40.5948881280848));
#1728=CARTESIAN_POINT('Ctrl Pts',(11.8128119338665,0.137354823886182,41.7045707375475));
#1729=CARTESIAN_POINT('Ctrl Pts',(12.9605027811467,-2.08215861359121,42.8334263435652));
#1730=CARTESIAN_POINT('Ctrl Pts',(13.0052668209955,-3.42942842757958,43.4701716071419));
#1731=CARTESIAN_POINT('Ctrl Pts',(5.5,2.35569161263076,38.3474151490414));
#1732=CARTESIAN_POINT('Ctrl Pts',(6.60013207418532,2.35540895279592,38.3592585431823));
#1733=CARTESIAN_POINT('Ctrl Pts',(8.81669814950691,1.89735570442186,38.5948742981811));
#1734=CARTESIAN_POINT('Ctrl Pts',(11.9766088413124,-0.334528699111345,39.661717864072));
#1735=CARTESIAN_POINT('Ctrl Pts',(12.9910783857676,-2.81782097770411,40.8240484980202));
#1736=CARTESIAN_POINT('Ctrl Pts',(13.0007224978622,-4.31284829115132,41.5182589521666));
#1737=CARTESIAN_POINT('Ctrl Pts',(5.5,2.14815752157021,37.6032164601118));
#1738=CARTESIAN_POINT('Ctrl Pts',(6.62199737628207,2.15088924930973,37.6092522016256));
#1739=CARTESIAN_POINT('Ctrl Pts',(8.86268354503308,1.6887150042203,37.8329330527459));
#1740=CARTESIAN_POINT('Ctrl Pts',(12.0178379734887,-0.587647209155213,38.8886808210544));
#1741=CARTESIAN_POINT('Ctrl Pts',(13.0021078524549,-3.12722288995547,40.0561951802704));
#1742=CARTESIAN_POINT('Ctrl Pts',(13.0021078524549,-4.65639486027738,40.7591941818327));
#1743=CARTESIAN_POINT('Ctrl Pts',(5.5,1.51826496486771,36.2114713755815));
#1744=CARTESIAN_POINT('Ctrl Pts',(6.62199737628208,1.51553323712819,36.2054356340677));
#1745=CARTESIAN_POINT('Ctrl Pts',(8.86268354503308,1.04246188389672,36.4050393683354));
#1746=CARTESIAN_POINT('Ctrl Pts',(12.0178379734887,-1.25304670067576,37.4184833060677));
#1747=CARTESIAN_POINT('Ctrl Pts',(13.0021078524549,-3.80623798618216,38.5559140411465));
#1748=CARTESIAN_POINT('Ctrl Pts',(13.0021078524549,-5.34360513972262,39.2408058181673));
#1749=CARTESIAN_POINT('Ctrl Pts',(5.5,1.09612267512105,35.5644026197569));
#1750=CARTESIAN_POINT('Ctrl Pts',(6.60013207418532,1.08703830398791,35.5567986679901));
#1751=CARTESIAN_POINT('Ctrl Pts',(8.81669814950692,0.607720120317873,35.74542963351));
#1752=CARTESIAN_POINT('Ctrl Pts',(11.9766088413124,-1.66677050647298,36.7181349195335));
#1753=CARTESIAN_POINT('Ctrl Pts',(12.9910783857676,-4.178921828454,37.8167016125485));
#1754=CARTESIAN_POINT('Ctrl Pts',(13.0007224978622,-5.68715170884867,38.4817410478334));
#1755=CARTESIAN_POINT('Ctrl Pts',(5.5,-0.213597297799509,34.1014958985864));
#1756=CARTESIAN_POINT('Ctrl Pts',(6.49928651808141,-0.242093334544056,34.0964050712808));
#1757=CARTESIAN_POINT('Ctrl Pts',(8.60686746214469,-0.731733867329851,34.2397671145879));
#1758=CARTESIAN_POINT('Ctrl Pts',(11.8128119338665,-2.89011540354543,35.0153873795997));
#1759=CARTESIAN_POINT('Ctrl Pts',(12.9605027811467,-5.20303056138877,35.9378722580658));
#1760=CARTESIAN_POINT('Ctrl Pts',(13.0052668209955,-6.57057157242041,36.5298283928581));
#1761=CARTESIAN_POINT('Ctrl Pts',(5.5,-2.25196144827778,32.7080245939328));
#1762=CARTESIAN_POINT('Ctrl Pts',(6.29037180078077,-2.31009199250292,32.7185677873796));
#1763=CARTESIAN_POINT('Ctrl Pts',(8.0012340624215,-2.80110525240882,32.7741531135029));
#1764=CARTESIAN_POINT('Ctrl Pts',(10.7197034230323,-4.68740165023447,33.1343067567451));
#1765=CARTESIAN_POINT('Ctrl Pts',(11.8070487111761,-6.57540109722306,33.6961283054682));
#1766=CARTESIAN_POINT('Ctrl Pts',(11.9145534724653,-7.64474166945962,34.1564538600173));
#1767=CARTESIAN_POINT('Ctrl Pts',(5.5,-4.70307967848646,32.4096089829896));
#1768=CARTESIAN_POINT('Ctrl Pts',(5.97991482744197,-4.76511064768612,32.4311187815702));
#1769=CARTESIAN_POINT('Ctrl Pts',(6.97673834423799,-5.11653592039418,32.4612634172375));
#1770=CARTESIAN_POINT('Ctrl Pts',(8.52712280829638,-6.31699926013686,32.6017085402123));
#1771=CARTESIAN_POINT('Ctrl Pts',(9.18646332263232,-7.45746021006908,32.8839924453353));
#1772=CARTESIAN_POINT('Ctrl Pts',(9.30911701977487,-8.094594100984,33.1625067119266));
#1773=CARTESIAN_POINT('Ctrl Pts',(5.5,-6.65244188786582,32.6446361627492));
#1774=CARTESIAN_POINT('Ctrl Pts',(5.71288320737517,-6.69176761442369,32.6610203011037));
#1775=CARTESIAN_POINT('Ctrl Pts',(6.13909893100974,-6.85280622540158,32.7119269567088));
#1776=CARTESIAN_POINT('Ctrl Pts',(6.78968817777245,-7.34669566013515,32.8717774254143));
#1777=CARTESIAN_POINT('Ctrl Pts',(7.08667076233062,-7.81499733373682,33.0446577560385));
#1778=CARTESIAN_POINT('Ctrl Pts',(7.16655472993362,-8.09212508914904,33.1679619837002));
#1779=CARTESIAN_POINT('Ctrl Pts',(5.5,-7.39663432776372,32.8523089392055));
#1780=CARTESIAN_POINT('Ctrl Pts',(5.60579733421071,-7.42071505656918,32.8632076820882));
#1781=CARTESIAN_POINT('Ctrl Pts',(5.81360447929289,-7.50311253386557,32.9009836415679));
#1782=CARTESIAN_POINT('Ctrl Pts',(6.13024576402482,-7.73773922887464,33.0060676002827));
#1783=CARTESIAN_POINT('Ctrl Pts',(6.2837472374372,-7.95693137392746,33.1058948457367));
#1784=CARTESIAN_POINT('Ctrl Pts',(6.33333333333333,-8.09245549036429,33.1672319635366));
#1785=CARTESIAN_POINT('Ctrl Pts',(5.5,-8.0924554903643,33.1672319635366));
#1786=CARTESIAN_POINT('Ctrl Pts',(5.5,-8.0924554903643,33.1672319635366));
#1787=CARTESIAN_POINT('Ctrl Pts',(5.5,-8.0924554903643,33.1672319635366));
#1788=CARTESIAN_POINT('Ctrl Pts',(5.49999999999999,-8.0924554903643,33.1672319635366));
#1789=CARTESIAN_POINT('Ctrl Pts',(5.49999999999999,-8.09245549036429,33.1672319635366));
#1790=CARTESIAN_POINT('Ctrl Pts',(5.49999999999999,-8.09245549036429,33.1672319635366));
#1791=CARTESIAN_POINT('Origin',(4.,-20.499366687777,63.));
#1792=CARTESIAN_POINT('',(-0.999999999999999,-20.499366687777,54.3304926001589));
#1793=CARTESIAN_POINT('',(4.,-15.499366687777,54.3297613141836));
#1794=CARTESIAN_POINT('Ctrl Pts',(-0.999999999999999,-20.499366687777,54.3304926001589));
#1795=CARTESIAN_POINT('Ctrl Pts',(-0.999999999999999,-20.4702062851857,
54.3473226806066));
#1796=CARTESIAN_POINT('Ctrl Pts',(-0.999744589059368,-20.4411492700427,
54.3637000947554));
#1797=CARTESIAN_POINT('Ctrl Pts',(-0.992846857411393,-20.0453034352938,
54.5817284655558));
#1798=CARTESIAN_POINT('Ctrl Pts',(-0.94193151007957,-19.6234769102143,54.748925944063));
#1799=CARTESIAN_POINT('Ctrl Pts',(-0.715917644778972,-18.7818128661845,
54.9574936374074));
#1800=CARTESIAN_POINT('Ctrl Pts',(-0.539772417095854,-18.3625444768959,
55.0000229689565));
#1801=CARTESIAN_POINT('Ctrl Pts',(-0.121122706538738,-17.637299425888,54.99997704121));
#1802=CARTESIAN_POINT('Ctrl Pts',(0.152363018532571,-17.2751846987156,54.9576950667261));
#1803=CARTESIAN_POINT('Ctrl Pts',(0.785035438787425,-16.6440247204317,54.8234250408401));
#1804=CARTESIAN_POINT('Ctrl Pts',(1.14430986490898,-16.374613243172,54.7335807036662));
#1805=CARTESIAN_POINT('Ctrl Pts',(1.85482910380009,-15.9643632429961,54.5721652071948));
#1806=CARTESIAN_POINT('Ctrl Pts',(2.26775772613765,-15.7877558247959,54.4858941314627));
#1807=CARTESIAN_POINT('Ctrl Pts',(3.13126836198062,-15.5551536755145,54.3634848341953));
#1808=CARTESIAN_POINT('Ctrl Pts',(3.58224689135883,-15.499366687777,54.3297613141836));
#1809=CARTESIAN_POINT('Ctrl Pts',(4.,-15.499366687777,54.3297613141836));
#1810=CARTESIAN_POINT('',(-0.999999999999999,-20.499366687777,63.));
#1811=CARTESIAN_POINT('',(-1.,-20.499366687777,63.));
#1812=CARTESIAN_POINT('',(4.,-15.499366687777,63.));
#1813=CARTESIAN_POINT('Origin',(4.,-20.499366687777,63.));
#1814=CARTESIAN_POINT('',(4.,-15.499366687777,63.));
#1815=CARTESIAN_POINT('Origin',(9.36647330349684,-21.1328933842801,63.));
#1816=CARTESIAN_POINT('',(10.,-15.499366687777,54.3297613141836));
#1817=CARTESIAN_POINT('',(15.,-20.499366687777,54.3304926001589));
#1818=CARTESIAN_POINT('Ctrl Pts',(10.,-15.499366687777,54.3297613141836));
#1819=CARTESIAN_POINT('Ctrl Pts',(10.6816953480075,-15.5760277608687,54.3740365569079));
#1820=CARTESIAN_POINT('Ctrl Pts',(11.3564263656005,-15.7799027281333,54.493178866434));
#1821=CARTESIAN_POINT('Ctrl Pts',(12.7727335699234,-16.511992035868,54.79451315756));
#1822=CARTESIAN_POINT('Ctrl Pts',(13.4728510269278,-17.1244036020654,54.9759883457884));
#1823=CARTESIAN_POINT('Ctrl Pts',(14.238554506539,-18.2024392622255,55.0083193974985));
#1824=CARTESIAN_POINT('Ctrl Pts',(14.4661163272432,-18.6152887362015,54.9807562383306));
#1825=CARTESIAN_POINT('Ctrl Pts',(14.8021762276568,-19.4602233134985,54.8014853111074));
#1826=CARTESIAN_POINT('Ctrl Pts',(14.9114065702849,-19.891665016329,54.6481229237673));
#1827=CARTESIAN_POINT('Ctrl Pts',(14.981349612353,-20.3475237721929,54.4154394447246));
#1828=CARTESIAN_POINT('Ctrl Pts',(14.9914407450595,-20.4232549919709,54.3744208675899));
#1829=CARTESIAN_POINT('Ctrl Pts',(15.,-20.499366687777,54.3304926001589));
#1830=CARTESIAN_POINT('',(10.,-15.499366687777,63.));
#1831=CARTESIAN_POINT('',(10.0000000000005,-15.499366687777,63.));
#1832=CARTESIAN_POINT('',(15.,-20.499366687777,63.));
#1833=CARTESIAN_POINT('Origin',(9.36647330349684,-21.1328933842801,63.));
#1834=CARTESIAN_POINT('',(15.,-20.499366687777,63.));
#1835=CARTESIAN_POINT('Origin',(-1.,-15.499366687777,54.3297613141836));
#1836=CARTESIAN_POINT('',(-1.,-15.499366687777,63.));
#1837=CARTESIAN_POINT('',(-1.,-15.499366687777,54.3297613141836));
#1838=CARTESIAN_POINT('Origin',(15.,-21.499366687777,55.3819282377865));
#1839=CARTESIAN_POINT('',(15.,-27.499366687777,63.));
#1840=CARTESIAN_POINT('',(15.,-27.499366687777,63.));
#1841=CARTESIAN_POINT('',(15.,-27.499366687777,50.));
#1842=CARTESIAN_POINT('',(15.,-27.499366687777,75.));
#1843=CARTESIAN_POINT('',(15.,-22.4720981807383,47.763856475573));
#1844=CARTESIAN_POINT('',(15.,-22.4720981807383,47.763856475573));
#1845=CARTESIAN_POINT('Origin',(15.,-18.,50.));
#1846=CARTESIAN_POINT('Origin',(-1.,-15.499366687777,63.));
#1847=CARTESIAN_POINT('',(-1.,-27.499366687777,63.));
#1848=CARTESIAN_POINT('',(-1.,-27.499366687777,63.));
#1849=CARTESIAN_POINT('',(-1.,-27.499366687777,63.));
#1850=CARTESIAN_POINT('Origin',(-1.,-18.,50.));
#1851=CARTESIAN_POINT('',(-1.,-22.4720981807383,47.763856475573));
#1852=CARTESIAN_POINT('',(-1.,-22.4720981807383,47.763856475573));
#1853=CARTESIAN_POINT('Origin',(-1.,-18.,50.));
#1854=CARTESIAN_POINT('Origin',(-1.,-27.499366687777,50.));
#1855=CARTESIAN_POINT('',(-1.,-27.499366687777,50.));
#1856=CARTESIAN_POINT('',(-1.,-22.4720981807383,47.763856475573));
#1857=CARTESIAN_POINT('',(-1.,-27.499366687777,50.));
#1858=CARTESIAN_POINT('Origin',(-1.,-27.499366687777,63.));
#1859=CARTESIAN_POINT('',(-1.,-27.499366687777,75.));
#1860=CARTESIAN_POINT('Origin',(-1.,-21.499366687777,55.3819282377865));
#1861=CARTESIAN_POINT('Origin',(6.99999999979704,-27.499366687777,74.5303630957327));
#1862=CARTESIAN_POINT('',(-0.399818317157399,-27.499366687777,74.636297190396));
#1863=CARTESIAN_POINT('',(-0.500000000000001,-27.4993666877769,72.367496997605));
#1864=CARTESIAN_POINT('Ctrl Pts',(-0.399818317157399,-27.499366687777,74.636297190396));
#1865=CARTESIAN_POINT('Ctrl Pts',(-0.466231881760885,-27.499366687777,74.3857935147729));
#1866=CARTESIAN_POINT('Ctrl Pts',(-0.500014975315816,-27.499366687777,74.1266565242883));
#1867=CARTESIAN_POINT('Ctrl Pts',(-0.499968898208746,-27.499366687777,73.3674929074603));
#1868=CARTESIAN_POINT('Ctrl Pts',(-0.500000000000001,-27.499366687777,72.8674969976051));
#1869=CARTESIAN_POINT('Ctrl Pts',(-0.500000000000001,-27.499366687777,72.3674969976051));
#1870=CARTESIAN_POINT('',(14.5,-27.4993666877769,72.367496997605));
#1871=CARTESIAN_POINT('',(-1.,-27.4993666877769,72.367496997605));
#1872=CARTESIAN_POINT('',(14.399818331783,-27.499366687777,74.6362971352302));
#1873=CARTESIAN_POINT('Ctrl Pts',(14.5,-27.499366687777,72.3674969976051));
#1874=CARTESIAN_POINT('Ctrl Pts',(14.5,-27.499366687777,72.8674969976051));
#1875=CARTESIAN_POINT('Ctrl Pts',(14.4999687687489,-27.499366687777,73.3674928890722));
#1876=CARTESIAN_POINT('Ctrl Pts',(14.5000148701983,-27.499366687777,74.1266564903483));
#1877=CARTESIAN_POINT('Ctrl Pts',(14.4662318867457,-27.499366687777,74.3857934767323));
#1878=CARTESIAN_POINT('Ctrl Pts',(14.399818331783,-27.499366687777,74.6362971352302));
#1879=CARTESIAN_POINT('',(9.6665685224043,-27.499366687777,76.242055788013));
#1880=CARTESIAN_POINT('Origin',(11.4999999552965,-27.499366687777,73.8674969976051));
#1881=CARTESIAN_POINT('',(4.33343147759568,-27.499366687777,76.242055788013));
#1882=CARTESIAN_POINT('Origin',(7.,-27.499366687777,74.8674969976051));
#1883=CARTESIAN_POINT('Origin',(2.50000004470348,-27.499366687777,73.8674969976051));
#1884=CARTESIAN_POINT('Origin',(7.00000003074542,-24.7461879350835,72.3674969976051));
#1885=CARTESIAN_POINT('',(-0.500000000000001,-25.000000372529,72.3674969976051));
#1886=CARTESIAN_POINT('',(-0.500000000000001,-25.000000372529,72.367496997605));
#1887=CARTESIAN_POINT('',(4.16905244697765,-22.5065241925856,72.367496997605));
#1888=CARTESIAN_POINT('Origin',(2.5,-24.9993666877769,72.367496997605));
#1889=CARTESIAN_POINT('',(9.83094749507259,-22.5065241060338,72.367496997605));
#1890=CARTESIAN_POINT('Origin',(7.,-23.4993666877769,72.367496997605));
#1891=CARTESIAN_POINT('',(14.5,-25.000000372529,72.367496997605));
#1892=CARTESIAN_POINT('Origin',(11.5,-24.9993666877769,72.367496997605));
#1893=CARTESIAN_POINT('',(14.5,-25.000000372529,72.367496997605));
#1894=CARTESIAN_POINT('Ctrl Pts',(9.83094751964532,-22.5065240974158,72.367496997605));
#1895=CARTESIAN_POINT('Ctrl Pts',(9.80883974355778,-22.5497795919396,73.6931549497078));
#1896=CARTESIAN_POINT('Ctrl Pts',(9.77526219197627,-23.1900667255565,74.9707348439074));
#1897=CARTESIAN_POINT('Ctrl Pts',(9.71505914063576,-25.3880107730835,75.9167835035694));
#1898=CARTESIAN_POINT('Ctrl Pts',(9.68658901773958,-26.5932466122496,76.151809674922));
#1899=CARTESIAN_POINT('Ctrl Pts',(9.66656852240432,-27.499366687777,76.242055788013));
#1900=CARTESIAN_POINT('Ctrl Pts',(9.66765948818617,-22.0409318150794,72.367496997605));
#1901=CARTESIAN_POINT('Ctrl Pts',(9.63720685844082,-22.122793980594,73.7982371851754));
#1902=CARTESIAN_POINT('Ctrl Pts',(9.59413668864144,-22.8493462961295,75.1841682263862));
#1903=CARTESIAN_POINT('Ctrl Pts',(9.52207156356983,-25.2271862586185,76.2439833608845));
#1904=CARTESIAN_POINT('Ctrl Pts',(9.48890913888862,-26.5251494051291,76.5186754834685));
#1905=CARTESIAN_POINT('Ctrl Pts',(9.46591176445196,-27.499366687777,76.6313188725004));
#1906=CARTESIAN_POINT('Ctrl Pts',(8.96731050001121,-20.9782454451123,72.3674969976051));
#1907=CARTESIAN_POINT('Ctrl Pts',(8.93219203794512,-21.0821045084324,74.0674320964466));
#1908=CARTESIAN_POINT('Ctrl Pts',(8.8815919256373,-21.9622297212764,75.7250486615679));
#1909=CARTESIAN_POINT('Ctrl Pts',(8.8043929991547,-24.800134272108,77.0130818303943));
#1910=CARTESIAN_POINT('Ctrl Pts',(8.77062691366864,-26.3433724050879,77.3520471377734));
#1911=CARTESIAN_POINT('Ctrl Pts',(8.74828549200316,-27.499366687777,77.4937845348878));
#1912=CARTESIAN_POINT('Ctrl Pts',(7.74161572903233,-20.4970876026998,72.367496997605));
#1913=CARTESIAN_POINT('Ctrl Pts',(7.72761095514205,-20.5470770033513,74.2347894325344));
#1914=CARTESIAN_POINT('Ctrl Pts',(7.70834315195717,-21.4389818798722,76.0399238425051));
#1915=CARTESIAN_POINT('Ctrl Pts',(7.67952362384044,-24.5282671521423,77.3923309029235));
#1916=CARTESIAN_POINT('Ctrl Pts',(7.66654670679217,-26.2239256212144,77.7338722023293));
#1917=CARTESIAN_POINT('Ctrl Pts',(7.65775099807383,-27.499366687777,77.8688567411828));
#1918=CARTESIAN_POINT('Ctrl Pts',(6.508670438851,-20.5001670342064,72.3674969976051));
#1919=CARTESIAN_POINT('Ctrl Pts',(6.51800695490347,-20.5501564357388,74.2347894299922));
#1920=CARTESIAN_POINT('Ctrl Pts',(6.52996513751484,-21.441144931193,76.0393299462859));
#1921=CARTESIAN_POINT('Ctrl Pts',(6.54906015166457,-24.5284651418101,77.3904696627159));
#1922=CARTESIAN_POINT('Ctrl Pts',(6.55736917109006,-26.2239256216322,77.7318821283159));
#1923=CARTESIAN_POINT('Ctrl Pts',(6.56323297698118,-27.499366687777,77.8668666683754));
#1924=CARTESIAN_POINT('Ctrl Pts',(5.27290462022693,-20.8091332417608,72.367496997605));
#1925=CARTESIAN_POINT('Ctrl Pts',(5.30409736320739,-20.8950357496368,74.1232178686578));
#1926=CARTESIAN_POINT('Ctrl Pts',(5.34910631761477,-21.7825599185497,75.8322505658689));
#1927=CARTESIAN_POINT('Ctrl Pts',(5.41742307028188,-24.7084903659672,77.1444687582323));
#1928=CARTESIAN_POINT('Ctrl Pts',(5.44729910468071,-26.3035568132555,77.4849533790824));
#1929=CARTESIAN_POINT('Ctrl Pts',(5.46707989394062,-27.499366687777,77.6244398265193));
#1930=CARTESIAN_POINT('Ctrl Pts',(4.4139844773636,-21.808135741813,72.367496997605));
#1931=CARTESIAN_POINT('Ctrl Pts',(4.44860954356101,-21.909301234663,73.8507782914428));
#1932=CARTESIAN_POINT('Ctrl Pts',(4.49584961792813,-22.6775748164417,75.289963695211));
#1933=CARTESIAN_POINT('Ctrl Pts',(4.57472534506241,-25.1475162295758,76.408067739024));
#1934=CARTESIAN_POINT('Ctrl Pts',(4.60993079350844,-26.4911008095005,76.7021083823025));
#1935=CARTESIAN_POINT('Ctrl Pts',(4.63441661452421,-27.499366687777,76.8259504147441));
#1936=CARTESIAN_POINT('Ctrl Pts',(4.16905244697765,-22.5065241925856,72.367496997605));
#1937=CARTESIAN_POINT('Ctrl Pts',(4.19116022908961,-22.5497796748126,73.6931549351908));
#1938=CARTESIAN_POINT('Ctrl Pts',(4.22473778498497,-23.1900667880932,74.9707348205416));
#1939=CARTESIAN_POINT('Ctrl Pts',(4.28494084729495,-25.3880108003428,75.9167834887985));
#1940=CARTESIAN_POINT('Ctrl Pts',(4.31341097664337,-26.5932466232796,76.1518096680356));
#1941=CARTESIAN_POINT('Ctrl Pts',(4.33343147759568,-27.499366687777,76.242055788013));
#1942=CARTESIAN_POINT('Ctrl Pts',(4.16905244697765,-22.5065241925856,72.367496997605));
#1943=CARTESIAN_POINT('Ctrl Pts',(4.1713737640994,-22.5110660182195,72.5066910810515));
#1944=CARTESIAN_POINT('Ctrl Pts',(4.17610397748995,-22.5287887297507,72.7794866864183));
#1945=CARTESIAN_POINT('Ctrl Pts',(4.18346204309698,-22.5812907748863,73.1719018939144));
#1946=CARTESIAN_POINT('Ctrl Pts',(4.19380686354342,-22.7039753459766,73.6610181770563));
#1947=CARTESIAN_POINT('Ctrl Pts',(4.20768543269015,-22.9507994988724,74.2119060243711));
#1948=CARTESIAN_POINT('Ctrl Pts',(4.22258478140175,-23.2983162992172,74.6976097186819));
#1949=CARTESIAN_POINT('Ctrl Pts',(4.23857009298288,-23.7529556166288,75.1139668348747));
#1950=CARTESIAN_POINT('Ctrl Pts',(4.25564403659422,-24.3149807448266,75.4608069277568));
#1951=CARTESIAN_POINT('Ctrl Pts',(4.27373319205247,-24.9771493046577,75.7428184066923));
#1952=CARTESIAN_POINT('Ctrl Pts',(4.2927468295534,-25.7305114459222,75.9657950254444));
#1953=CARTESIAN_POINT('Ctrl Pts',(4.30863014291709,-26.3995289706137,76.1012385058883));
#1954=CARTESIAN_POINT('Ctrl Pts',(4.3208957459679,-26.9361246973017,76.1802719779533));
#1955=CARTESIAN_POINT('Ctrl Pts',(4.32922717239569,-27.3090814742325,76.2231041028177));
#1956=CARTESIAN_POINT('Ctrl Pts',(4.33343147759568,-27.499366687777,76.242055788013));
#1957=CARTESIAN_POINT('Ctrl Pts',(9.83094749507259,-22.5065241060338,72.367496997605));
#1958=CARTESIAN_POINT('Ctrl Pts',(9.82862617875749,-22.5110659329015,72.5066910824985));
#1959=CARTESIAN_POINT('Ctrl Pts',(9.82389596701218,-22.5287886469455,72.7794866906281));
#1960=CARTESIAN_POINT('Ctrl Pts',(9.81653790396882,-22.5812906959855,73.171901901875));
#1961=CARTESIAN_POINT('Ctrl Pts',(9.80619308713535,-22.7039752725565,73.6610181892182));
#1962=CARTESIAN_POINT('Ctrl Pts',(9.79231452285034,-22.9507994327906,74.2119060403657));
#1963=CARTESIAN_POINT('Ctrl Pts',(9.7774151793727,-23.2983162409989,74.6976097369805));
#1964=CARTESIAN_POINT('Ctrl Pts',(9.76142987342151,-23.7529555668329,75.113966853851));
#1965=CARTESIAN_POINT('Ctrl Pts',(9.74435593583706,-24.3149807040131,75.4608069457806));
#1966=CARTESIAN_POINT('Ctrl Pts',(9.72626678677592,-24.977149273349,75.7428184222434));
#1967=CARTESIAN_POINT('Ctrl Pts',(9.70725315600919,-25.730511424594,75.9657950371382));
#1968=CARTESIAN_POINT('Ctrl Pts',(9.69136984827805,-26.3995289576158,76.1012385134895));
#1969=CARTESIAN_POINT('Ctrl Pts',(9.67910424958041,-26.9361246907333,76.1802719819561));
#1970=CARTESIAN_POINT('Ctrl Pts',(9.67077282611102,-27.3090814720298,76.2231041041906));
#1971=CARTESIAN_POINT('Ctrl Pts',(9.66656852240431,-27.499366687777,76.242055788013));
#1972=CARTESIAN_POINT('Ctrl Pts',(4.16905244697765,-22.5065241925856,72.367496997605));
#1973=CARTESIAN_POINT('Ctrl Pts',(4.19116022908961,-22.5497796748126,73.6931549351908));
#1974=CARTESIAN_POINT('Ctrl Pts',(4.22810847293014,-23.2553711843705,75.0976669846988));
#1975=CARTESIAN_POINT('Ctrl Pts',(4.28959811718885,-25.5802273596532,75.9615580966539));
#1976=CARTESIAN_POINT('Ctrl Pts',(4.31841610188145,-26.8197766394039,76.1743711980299));
#1977=CARTESIAN_POINT('Ctrl Pts',(4.33343147759568,-27.499366687777,76.242055788013));
#1978=CARTESIAN_POINT('Ctrl Pts',(3.65600284083778,-22.1630180536296,72.367496997605));
#1979=CARTESIAN_POINT('Ctrl Pts',(3.69129461035226,-22.3098122187498,73.7289319566978));
#1980=CARTESIAN_POINT('Ctrl Pts',(3.74610440262893,-23.1259465655454,75.2069063211072));
#1981=CARTESIAN_POINT('Ctrl Pts',(3.83005140206878,-25.5420560673384,76.2044931056736));
#1982=CARTESIAN_POINT('Ctrl Pts',(3.86836011613105,-26.8087986689654,76.4830763623951));
#1983=CARTESIAN_POINT('Ctrl Pts',(3.8881127786819,-27.499366687777,76.5858928425181));
#1984=CARTESIAN_POINT('Ctrl Pts',(2.41855012449474,-21.8070500515645,72.3674969976051));
#1985=CARTESIAN_POINT('Ctrl Pts',(2.47917643335696,-22.0758051914421,73.7348927762812));
#1986=CARTESIAN_POINT('Ctrl Pts',(2.57790889817143,-23.0371590585214,75.309562124133));
#1987=CARTESIAN_POINT('Ctrl Pts',(2.71598368380385,-25.5324089810934,76.5031287748532));
#1988=CARTESIAN_POINT('Ctrl Pts',(2.77444347497419,-26.8098883866187,76.8680157583395));
#1989=CARTESIAN_POINT('Ctrl Pts',(2.80340826159295,-27.499366687777,77.0125978068979));
#1990=CARTESIAN_POINT('Ctrl Pts',(0.269064260062941,-22.5492606056443,72.367496997605));
#1991=CARTESIAN_POINT('Ctrl Pts',(0.349396659323678,-22.7991814808347,73.5503181475201));
#1992=CARTESIAN_POINT('Ctrl Pts',(0.488908115619441,-23.6332644343532,74.9790257071466));
#1993=CARTESIAN_POINT('Ctrl Pts',(0.672923438750295,-25.7807940334555,76.1349932340873));
#1994=CARTESIAN_POINT('Ctrl Pts',(0.748460666138868,-26.8944586373831,76.4954567409392));
#1995=CARTESIAN_POINT('Ctrl Pts',(0.784373207061066,-27.499366687777,76.6380508840704));
#1996=CARTESIAN_POINT('Ctrl Pts',(-0.500195522941017,-24.0738595706217,
72.367496997605));
#1997=CARTESIAN_POINT('Ctrl Pts',(-0.4465388473418,-24.1615554599437,73.2752328376402));
#1998=CARTESIAN_POINT('Ctrl Pts',(-0.369721389738589,-24.6408206905242,
74.3107088680241));
#1999=CARTESIAN_POINT('Ctrl Pts',(-0.257532806278081,-26.1885367318453,
75.1128476591297));
#2000=CARTESIAN_POINT('Ctrl Pts',(-0.208864270304854,-27.03046121372,75.355870108975));
#2001=CARTESIAN_POINT('Ctrl Pts',(-0.183550076319604,-27.499366687777,75.4520339991917));
#2002=CARTESIAN_POINT('Ctrl Pts',(-0.49999989583953,-25.000000372507,72.367496997605));
#2003=CARTESIAN_POINT('Ctrl Pts',(-0.487150139856244,-24.9684519032509,
73.0752807717001));
#2004=CARTESIAN_POINT('Ctrl Pts',(-0.465045688849952,-25.2863787223776,
73.8522981302297));
#2005=CARTESIAN_POINT('Ctrl Pts',(-0.427116497182546,-26.4888928547155,
74.407988883441));
#2006=CARTESIAN_POINT('Ctrl Pts',(-0.409191496828161,-27.1402429953855,
74.572302587578));
#2007=CARTESIAN_POINT('Ctrl Pts',(-0.399818317157399,-27.499366687777,74.6362971903959));
#2008=CARTESIAN_POINT('Ctrl Pts',(-0.500000000000002,-25.000000372529,72.3674969976051));
#2009=CARTESIAN_POINT('Ctrl Pts',(-0.498650774920339,-24.9966877832408,
72.4418142939055));
#2010=CARTESIAN_POINT('Ctrl Pts',(-0.495893011182932,-24.994893544869,72.5878257368875));
#2011=CARTESIAN_POINT('Ctrl Pts',(-0.491578419370244,-25.0066954536325,
72.7989732104898));
#2012=CARTESIAN_POINT('Ctrl Pts',(-0.485463930218968,-25.0518908833292,
73.0645069493812));
#2013=CARTESIAN_POINT('Ctrl Pts',(-0.47717908838466,-25.1606524803444,73.3680435245598));
#2014=CARTESIAN_POINT('Ctrl Pts',(-0.468202916587911,-25.3257211459565,
73.6410059549038));
#2015=CARTESIAN_POINT('Ctrl Pts',(-0.458491268988501,-25.5506924466623,
73.881441885701));
#2016=CARTESIAN_POINT('Ctrl Pts',(-0.448042337879062,-25.8357136156299,
74.0892713708946));
#2017=CARTESIAN_POINT('Ctrl Pts',(-0.436905847582381,-26.1767347331273,
74.2666934742196));
#2018=CARTESIAN_POINT('Ctrl Pts',(-0.425143245480735,-26.5687510660193,
74.4164257130254));
#2019=CARTESIAN_POINT('Ctrl Pts',(-0.415277774009467,-26.9194544734522,
74.5160718397404));
#2020=CARTESIAN_POINT('Ctrl Pts',(-0.40763951879929,-27.2019603196427,74.5802299282565));
#2021=CARTESIAN_POINT('Ctrl Pts',(-0.402442808829564,-27.3988120538923,
74.6183787016263));
#2022=CARTESIAN_POINT('Ctrl Pts',(-0.399818317157399,-27.499366687777,74.636297190396));
#2023=CARTESIAN_POINT('Ctrl Pts',(-0.500000000000001,-25.000000372529,72.3674969976051));
#2024=CARTESIAN_POINT('Ctrl Pts',(-0.487150244016714,-24.9684519032729,
73.0752807717001));
#2025=CARTESIAN_POINT('Ctrl Pts',(-0.458965185654905,-25.3773263655857,
74.0619095014154));
#2026=CARTESIAN_POINT('Ctrl Pts',(-0.418564676498924,-26.7811193029939,
74.5083079847601));
#2027=CARTESIAN_POINT('Ctrl Pts',(-0.399818317157399,-27.499366687777,74.636297190396));
#2028=CARTESIAN_POINT('Ctrl Pts',(-0.500000000000001,-25.2844078893786,
72.3674969976051));
#2029=CARTESIAN_POINT('Ctrl Pts',(-0.499091243344456,-25.2564493788217,
72.9962011838788));
#2030=CARTESIAN_POINT('Ctrl Pts',(-0.500257687956283,-25.5916510707785,
73.8877714541995));
#2031=CARTESIAN_POINT('Ctrl Pts',(-0.480770761456823,-26.8484267782758,
74.2790421694751));
#2032=CARTESIAN_POINT('Ctrl Pts',(-0.466231881760885,-27.499366687777,74.3857935147729));
#2033=CARTESIAN_POINT('Ctrl Pts',(-0.500000000000001,-25.5688154062282,
72.3674969976051));
#2034=CARTESIAN_POINT('Ctrl Pts',(-0.504619092397871,-25.5444468543523,
72.9161886594155));
#2035=CARTESIAN_POINT('Ctrl Pts',(-0.519149422042775,-25.8272119303246,
73.6974603619785));
#2036=CARTESIAN_POINT('Ctrl Pts',(-0.511206656530311,-26.9255817251909,
74.0365384077136));
#2037=CARTESIAN_POINT('Ctrl Pts',(-0.500014975315816,-27.499366687777,74.1266565242883));
#2038=CARTESIAN_POINT('Ctrl Pts',(-0.500000000000001,-26.4019375113108,
72.3674969976051));
#2039=CARTESIAN_POINT('Ctrl Pts',(-0.51053358784159,-26.3880851158355,72.6803762179177));
#2040=CARTESIAN_POINT('Ctrl Pts',(-0.512852005686061,-26.5435465658272,
73.1260953835617));
#2041=CARTESIAN_POINT('Ctrl Pts',(-0.503419088939173,-27.1656688945276,
73.3195896116727));
#2042=CARTESIAN_POINT('Ctrl Pts',(-0.499968898208746,-27.499366687777,73.3674929074603));
#2043=CARTESIAN_POINT('Ctrl Pts',(-0.500000000000001,-26.9506520995439,
72.367496997605));
#2044=CARTESIAN_POINT('Ctrl Pts',(-0.501368284092761,-26.9437259017724,
72.5232476097265));
#2045=CARTESIAN_POINT('Ctrl Pts',(-0.502323691725204,-27.0487618494561,
72.7321962048507));
#2046=CARTESIAN_POINT('Ctrl Pts',(-0.500973600640135,-27.3416815915006,
72.8391260232519));
#2047=CARTESIAN_POINT('Ctrl Pts',(-0.500000000000001,-27.499366687777,72.8674969976051));
#2048=CARTESIAN_POINT('Ctrl Pts',(-0.500000000000001,-27.4993666877769,
72.367496997605));
#2049=CARTESIAN_POINT('Ctrl Pts',(-0.500000000000001,-27.4993666877769,
72.367496997605));
#2050=CARTESIAN_POINT('Ctrl Pts',(-0.500000000000001,-27.499366687777,72.3674969976051));
#2051=CARTESIAN_POINT('Ctrl Pts',(-0.500000000000001,-27.499366687777,72.3674969976051));
#2052=CARTESIAN_POINT('Ctrl Pts',(-0.500000000000001,-27.499366687777,72.3674969976051));
#2053=CARTESIAN_POINT('Ctrl Pts',(14.5,-27.4993666877769,72.367496997605));
#2054=CARTESIAN_POINT('Ctrl Pts',(14.5,-27.4993666877769,72.367496997605));
#2055=CARTESIAN_POINT('Ctrl Pts',(14.5,-27.499366687777,72.3674969976051));
#2056=CARTESIAN_POINT('Ctrl Pts',(14.5,-27.499366687777,72.3674969976051));
#2057=CARTESIAN_POINT('Ctrl Pts',(14.5,-27.499366687777,72.3674969976051));
#2058=CARTESIAN_POINT('Ctrl Pts',(14.5,-26.9506520857935,72.367496997605));
#2059=CARTESIAN_POINT('Ctrl Pts',(14.5013682839058,-26.9437258898132,72.5232476119152));
#2060=CARTESIAN_POINT('Ctrl Pts',(14.5023236836312,-27.0487618415019,72.7321962077175));
#2061=CARTESIAN_POINT('Ctrl Pts',(14.5009736005071,-27.3416815889471,72.8391260248092));
#2062=CARTESIAN_POINT('Ctrl Pts',(14.5,-27.499366687777,72.8674969976051));
#2063=CARTESIAN_POINT('Ctrl Pts',(14.5,-26.4019374838101,72.3674969976051));
#2064=CARTESIAN_POINT('Ctrl Pts',(14.5105335846129,-26.3880850918495,72.6803762222477));
#2065=CARTESIAN_POINT('Ctrl Pts',(14.5128520177073,-26.5435378876385,73.1261000813367));
#2066=CARTESIAN_POINT('Ctrl Pts',(14.5034189631409,-27.1656688889446,73.3195895968741));
#2067=CARTESIAN_POINT('Ctrl Pts',(14.4999687687489,-27.499366687777,73.3674928890722));
#2068=CARTESIAN_POINT('Ctrl Pts',(14.5,-25.5688153787275,72.367496997605));
#2069=CARTESIAN_POINT('Ctrl Pts',(14.5046190860311,-25.5444468332793,72.9161886612419));
#2070=CARTESIAN_POINT('Ctrl Pts',(14.5191495731504,-25.8271942823361,73.6974699293453));
#2071=CARTESIAN_POINT('Ctrl Pts',(14.511206558497,-26.925581723061,74.0365383801208));
#2072=CARTESIAN_POINT('Ctrl Pts',(14.5000148701983,-27.499366687777,74.1266564903483));
#2073=CARTESIAN_POINT('Ctrl Pts',(14.5,-25.2844078756283,72.367496997605));
#2074=CARTESIAN_POINT('Ctrl Pts',(14.4990912367549,-25.2564493726727,72.9962011810576));
#2075=CARTESIAN_POINT('Ctrl Pts',(14.500257894984,-25.5916311101991,73.8877822759206));
#2076=CARTESIAN_POINT('Ctrl Pts',(14.4807707740836,-26.848426780942,74.2790421395008));
#2077=CARTESIAN_POINT('Ctrl Pts',(14.4662318867457,-27.499366687777,74.3857934767323));
#2078=CARTESIAN_POINT('Ctrl Pts',(14.5,-25.000000372529,72.367496997605));
#2079=CARTESIAN_POINT('Ctrl Pts',(14.4871502391146,-24.9684519120662,73.075280764449));
#2080=CARTESIAN_POINT('Ctrl Pts',(14.4589654445789,-25.3773064165848,74.0619203193472));
#2081=CARTESIAN_POINT('Ctrl Pts',(14.4185646980634,-26.7811193092539,74.5083079397924));
#2082=CARTESIAN_POINT('Ctrl Pts',(14.399818331783,-27.499366687777,74.6362971352302));
#2083=CARTESIAN_POINT('Ctrl Pts',(14.5,-25.000000372529,72.367496997605));
#2084=CARTESIAN_POINT('Ctrl Pts',(14.498650775107,-24.9966877841804,72.4418142931237));
#2085=CARTESIAN_POINT('Ctrl Pts',(14.4958930117526,-24.9948935476028,72.5878257345129));
#2086=CARTESIAN_POINT('Ctrl Pts',(14.4915784205431,-25.006695458802,72.7989732056387));
#2087=CARTESIAN_POINT('Ctrl Pts',(14.4854639322547,-25.051890891227,73.0645069410503));
#2088=CARTESIAN_POINT('Ctrl Pts',(14.4771790916026,-25.160652490731,73.368043511564));
#2089=CARTESIAN_POINT('Ctrl Pts',(14.4682029210999,-25.3257211578393,73.6410059369033));
#2090=CARTESIAN_POINT('Ctrl Pts',(14.4584912749135,-25.5506924589852,73.8814418623345));
#2091=CARTESIAN_POINT('Ctrl Pts',(14.4480423453363,-25.8357136273343,74.0892713417999));
#2092=CARTESIAN_POINT('Ctrl Pts',(14.436905856683,-26.1767347432259,74.2666934390589));
#2093=CARTESIAN_POINT('Ctrl Pts',(14.425143256326,-26.5687510736131,74.416425671491));
#2094=CARTESIAN_POINT('Ctrl Pts',(14.4152777863241,-26.9194544783882,74.5160717928835));
#2095=CARTESIAN_POINT('Ctrl Pts',(14.4076395322546,-27.2019603222421,74.5802298772901));
#2096=CARTESIAN_POINT('Ctrl Pts',(14.4024428230622,-27.3988120547838,74.6183786478689));
#2097=CARTESIAN_POINT('Ctrl Pts',(14.399818331783,-27.499366687777,74.6362971352302));
#2098=CARTESIAN_POINT('Ctrl Pts',(14.5,-25.000000372529,72.367496997605));
#2099=CARTESIAN_POINT('Ctrl Pts',(14.4935751195573,-24.9842261422976,72.721388881027));
#2100=CARTESIAN_POINT('Ctrl Pts',(14.4792204306006,-25.0752502665125,73.3626170242445));
#2101=CARTESIAN_POINT('Ctrl Pts',(14.4473604513441,-25.7834392700665,74.186721096169));
#2102=CARTESIAN_POINT('Ctrl Pts',(14.4185646980634,-26.7811193092539,74.5083079397924));
#2103=CARTESIAN_POINT('Ctrl Pts',(14.399818331783,-27.499366687777,74.6362971352302));
#2104=CARTESIAN_POINT('Ctrl Pts',(14.5001304180722,-24.382573149835,72.367496997605));
#2105=CARTESIAN_POINT('Ctrl Pts',(14.4801032315227,-24.4065470405343,72.7880395709272));
#2106=CARTESIAN_POINT('Ctrl Pts',(14.4387063299115,-24.5765077557694,73.5586688143964));
#2107=CARTESIAN_POINT('Ctrl Pts',(14.3589908617363,-25.4560274316863,74.5826120306785));
#2108=CARTESIAN_POINT('Ctrl Pts',(14.2956405638963,-26.6347435960884,75.0092401041058));
#2109=CARTESIAN_POINT('Ctrl Pts',(14.2556395135105,-27.499366687777,75.1801216824241));
#2110=CARTESIAN_POINT('Ctrl Pts',(14.1077232314756,-23.1562377638622,72.367496997605));
#2111=CARTESIAN_POINT('Ctrl Pts',(14.0715143150243,-23.2499703996468,72.9058294487441));
#2112=CARTESIAN_POINT('Ctrl Pts',(13.9919046157414,-23.5827335763857,73.9131176027597));
#2113=CARTESIAN_POINT('Ctrl Pts',(13.8359784293918,-24.8504263578525,75.3102644900823));
#2114=CARTESIAN_POINT('Ctrl Pts',(13.7199626266103,-26.3920903675583,75.9297200137812));
#2115=CARTESIAN_POINT('Ctrl Pts',(13.654486884799,-27.499366687777,76.1787221177177));
#2116=CARTESIAN_POINT('Ctrl Pts',(12.2954179351765,-21.7826873365463,72.3674969976051));
#2117=CARTESIAN_POINT('Ctrl Pts',(12.2589649152502,-21.931595837266,73.0403863673894));
#2118=CARTESIAN_POINT('Ctrl Pts',(12.176763323642,-22.4279847278403,74.3024812288207));
#2119=CARTESIAN_POINT('Ctrl Pts',(12.0131510239394,-24.1553169583306,76.0392248449245));
#2120=CARTESIAN_POINT('Ctrl Pts',(11.8912817807705,-26.1387840313832,76.8004532719826));
#2121=CARTESIAN_POINT('Ctrl Pts',(11.8243369214607,-27.499366687777,77.110009270203));
#2122=CARTESIAN_POINT('Ctrl Pts',(10.6005219310021,-21.9912648797098,72.367496997605));
#2123=CARTESIAN_POINT('Ctrl Pts',(10.5795800511069,-22.090546641801,73.0571587395234));
#2124=CARTESIAN_POINT('Ctrl Pts',(10.5355947142638,-22.4888495687191,74.3064496596713));
#2125=CARTESIAN_POINT('Ctrl Pts',(10.4491253172524,-24.1192360781221,75.90841898616));
#2126=CARTESIAN_POINT('Ctrl Pts',(10.3787891845336,-26.1072526619743,76.5170465329351));
#2127=CARTESIAN_POINT('Ctrl Pts',(10.3345465772283,-27.499366687777,76.7578113747535));
#2128=CARTESIAN_POINT('Ctrl Pts',(9.83094749507259,-22.5065241060338,72.367496997605));
#2129=CARTESIAN_POINT('Ctrl Pts',(9.81989360702882,-22.5281518532956,73.0303259736564));
#2130=CARTESIAN_POINT('Ctrl Pts',(9.79556373968491,-22.7906011117694,74.2140871683053));
#2131=CARTESIAN_POINT('Ctrl Pts',(9.74303563774873,-24.2314669482807,75.6502361863761));
#2132=CARTESIAN_POINT('Ctrl Pts',(9.6965992654072,-26.1401865744859,76.1066866183764));
#2133=CARTESIAN_POINT('Ctrl Pts',(9.66656852240431,-27.499366687777,76.242055788013));
#2134=CARTESIAN_POINT('Origin',(7.11740753712099,-22.6446485074283,63.));
#2135=CARTESIAN_POINT('',(-1.,-27.499366687777,63.));
#2136=CARTESIAN_POINT('',(10.,-16.499366687777,63.));
#2137=CARTESIAN_POINT('Ctrl Pts',(-1.,-27.499366687777,63.));
#2138=CARTESIAN_POINT('Ctrl Pts',(-1.,-25.8964712454878,63.));
#2139=CARTESIAN_POINT('Ctrl Pts',(-1.0011280114295,-24.2940236100193,63.));
#2140=CARTESIAN_POINT('Ctrl Pts',(-1.00159165388058,-22.2941899856792,62.9999999999999));
#2141=CARTESIAN_POINT('Ctrl Pts',(-1.00141363219379,-21.8970405667809,62.9999999999999));
#2142=CARTESIAN_POINT('Ctrl Pts',(-1.00283990326157,-20.1913515811445,62.9999999999999));
#2143=CARTESIAN_POINT('Ctrl Pts',(0.0880742199608531,-17.5873111486776,
63.));
#2144=CARTESIAN_POINT('Ctrl Pts',(2.69215750920323,-16.4962584555721,63.));
#2145=CARTESIAN_POINT('Ctrl Pts',(5.00051053789402,-16.498304733126,63.));
#2146=CARTESIAN_POINT('Ctrl Pts',(6.18304083714541,-16.4981929573674,63.));
#2147=CARTESIAN_POINT('Ctrl Pts',(8.00027105341038,-16.4987442712583,63.));
#2148=CARTESIAN_POINT('Ctrl Pts',(9.,-16.499366687777,63.));
#2149=CARTESIAN_POINT('Ctrl Pts',(10.,-16.499366687777,63.));
#2150=CARTESIAN_POINT('',(15.,-21.499366687777,63.));
#2151=CARTESIAN_POINT('Origin',(9.36647330349685,-22.1328933842801,63.));
#2152=CARTESIAN_POINT('',(15.,-27.499366687777,63.));
#2153=CARTESIAN_POINT('',(15.,-27.499366687777,63.));
#2154=CARTESIAN_POINT('',(-1.,-27.499366687777,63.));
#2155=CARTESIAN_POINT('Origin',(7.09138701938729,-24.4818522897025,72.3674969976051));
#2156=CARTESIAN_POINT('',(-1.,-27.499366687777,72.367496997605));
#2157=CARTESIAN_POINT('',(9.33175071584825,-20.2381942803002,72.367496997605));
#2158=CARTESIAN_POINT('Ctrl Pts',(-1.,-27.499366687777,72.367496997605));
#2159=CARTESIAN_POINT('Ctrl Pts',(-1.,-26.332911244394,72.367496997605));
#2160=CARTESIAN_POINT('Ctrl Pts',(-1.00025539071134,-25.1661785785793,72.367496997605));
#2161=CARTESIAN_POINT('Ctrl Pts',(-1.00091343056847,-23.7103186508784,72.367496997605));
#2162=CARTESIAN_POINT('Ctrl Pts',(-0.944332781301138,-23.4427245076695,
72.367496997605));
#2163=CARTESIAN_POINT('Ctrl Pts',(-0.443310706347168,-22.4081571327564,
72.367496997605));
#2164=CARTESIAN_POINT('Ctrl Pts',(1.6822805145931,-21.4386611288658,72.367496997605));
#2165=CARTESIAN_POINT('Ctrl Pts',(3.5354487686272,-20.5155963798853,72.367496997605));
#2166=CARTESIAN_POINT('Ctrl Pts',(5.36900236351956,-20.0646232994508,72.367496997605));
#2167=CARTESIAN_POINT('Ctrl Pts',(6.24373360240453,-19.9985183770176,72.367496997605));
#2168=CARTESIAN_POINT('Ctrl Pts',(7.92361260766102,-19.9997699400764,72.367496997605));
#2169=CARTESIAN_POINT('Ctrl Pts',(8.68269544301896,-20.087789836869,72.367496997605));
#2170=CARTESIAN_POINT('Ctrl Pts',(9.33175071584825,-20.2381942803002,72.367496997605));
#2171=CARTESIAN_POINT('',(15.,-27.499366687777,72.367496997605));
#2172=CARTESIAN_POINT('',(-1.,-27.499366687777,72.367496997605));
#2173=CARTESIAN_POINT('',(14.6285884683931,-22.8842510487029,72.367496997605));
#2174=CARTESIAN_POINT('Ctrl Pts',(14.6285884683931,-22.8842510487029,72.367496997605));
#2175=CARTESIAN_POINT('Ctrl Pts',(14.8655786839547,-23.1905247525489,72.367496997605));
#2176=CARTESIAN_POINT('Ctrl Pts',(15.000365855877,-23.5563850748275,72.367496997605));
#2177=CARTESIAN_POINT('Ctrl Pts',(14.9989881656157,-25.1670136922503,72.367496997605));
#2178=CARTESIAN_POINT('Ctrl Pts',(15.,-26.332911244394,72.367496997605));
#2179=CARTESIAN_POINT('Ctrl Pts',(15.,-27.499366687777,72.367496997605));
#2180=CARTESIAN_POINT('Ctrl Pts',(9.33175071584825,-20.2381942803002,72.367496997605));
#2181=CARTESIAN_POINT('Ctrl Pts',(9.36313162819748,-20.245466124246,72.367496997605));
#2182=CARTESIAN_POINT('Ctrl Pts',(9.60332845670976,-20.3023808190654,72.367496997605));
#2183=CARTESIAN_POINT('Ctrl Pts',(10.0300763708604,-20.4213425451812,72.367496997605));
#2184=CARTESIAN_POINT('Ctrl Pts',(10.6035951733874,-20.6247755533438,72.367496997605));
#2185=CARTESIAN_POINT('Ctrl Pts',(11.2976090445725,-20.928738045411,72.367496997605));
#2186=CARTESIAN_POINT('Ctrl Pts',(12.1083175447147,-21.3141492713978,72.367496997605));
#2187=CARTESIAN_POINT('Ctrl Pts',(12.9291624520027,-21.7007886007668,72.367496997605));
#2188=CARTESIAN_POINT('Ctrl Pts',(13.6483459021134,-22.0637202290283,72.367496997605));
#2189=CARTESIAN_POINT('Ctrl Pts',(14.1427033949537,-22.3862278466245,72.367496997605));
#2190=CARTESIAN_POINT('Ctrl Pts',(14.4352957326023,-22.6516935711735,72.367496997605));
#2191=CARTESIAN_POINT('Ctrl Pts',(14.5833859406273,-22.8258336766219,72.367496997605));
#2192=CARTESIAN_POINT('Ctrl Pts',(14.6285884683931,-22.8842510487029,72.367496997605));
#2193=CARTESIAN_POINT('Ctrl Pts',(-1.,-27.499366687777,72.367496997605));
#2194=CARTESIAN_POINT('Ctrl Pts',(-1.,-27.499366687777,71.9214257120048));
#2195=CARTESIAN_POINT('Ctrl Pts',(-1.,-27.499366687777,71.1979404131483));
#2196=CARTESIAN_POINT('Ctrl Pts',(-1.,-27.499366687777,70.3057978419478));
#2197=CARTESIAN_POINT('Ctrl Pts',(-1.,-27.499366687777,69.4136552707473));
#2198=CARTESIAN_POINT('Ctrl Pts',(-1.,-27.499366687777,68.6600489285282));
#2199=CARTESIAN_POINT('Ctrl Pts',(-1.,-27.499366687777,67.7679063573277));
#2200=CARTESIAN_POINT('Ctrl Pts',(-1.,-27.499366687777,66.8757637861273));
#2201=CARTESIAN_POINT('Ctrl Pts',(-1.,-27.499366687777,66.076917229349));
#2202=CARTESIAN_POINT('Ctrl Pts',(-1.,-27.4993666877769,65.1847746581485));
#2203=CARTESIAN_POINT('Ctrl Pts',(-1.,-27.4993666877769,64.292632086948));
#2204=CARTESIAN_POINT('Ctrl Pts',(-1.,-27.499366687777,63.4460712856003));
#2205=CARTESIAN_POINT('Ctrl Pts',(-1.,-27.499366687777,63.));
#2206=CARTESIAN_POINT('Ctrl Pts',(-1.,-26.332911244394,72.367496997605));
#2207=CARTESIAN_POINT('Ctrl Pts',(-1.,-26.2916231087464,71.9418456340221));
#2208=CARTESIAN_POINT('Ctrl Pts',(-1.,-26.229663413364,71.2464946053784));
#2209=CARTESIAN_POINT('Ctrl Pts',(-1.,-26.1630530227974,70.3792924580475));
#2210=CARTESIAN_POINT('Ctrl Pts',(-1.,-26.1023970271019,69.5061607019776));
#2211=CARTESIAN_POINT('Ctrl Pts',(-1.,-26.0580322519071,68.7617694270823));
#2212=CARTESIAN_POINT('Ctrl Pts',(-1.,-26.0130768581385,67.8730024253811));
#2213=CARTESIAN_POINT('Ctrl Pts',(-1.,-25.9738484960805,66.978532231665));
#2214=CARTESIAN_POINT('Ctrl Pts',(-1.,-25.9472419945624,66.1691173824544));
#2215=CARTESIAN_POINT('Ctrl Pts',(-1.,-25.9235899276516,65.2591357324374));
#2216=CARTESIAN_POINT('Ctrl Pts',(-1.,-25.9054238803104,64.3436908992938));
#2217=CARTESIAN_POINT('Ctrl Pts',(-1.,-25.8978478922427,63.4653967144492));
#2218=CARTESIAN_POINT('Ctrl Pts',(-1.,-25.8964712454878,63.));
#2219=CARTESIAN_POINT('Ctrl Pts',(-1.00025539071134,-25.1661785785793,72.367496997605));
#2220=CARTESIAN_POINT('Ctrl Pts',(-1.00162421209859,-25.0785319861984,71.9668118796741));
#2221=CARTESIAN_POINT('Ctrl Pts',(-1.00291864756912,-24.9477319293578,71.3065967879448));
#2222=CARTESIAN_POINT('Ctrl Pts',(-1.00319334217897,-24.8085790811472,70.4716368504321));
#2223=CARTESIAN_POINT('Ctrl Pts',(-1.00285641449651,-24.6830470102946,69.6235824597991));
#2224=CARTESIAN_POINT('Ctrl Pts',(-1.00200359921965,-24.5928433928564,68.8917998806462));
#2225=CARTESIAN_POINT('Ctrl Pts',(-1.00078230952646,-24.5037046679398,68.0077321423867));
#2226=CARTESIAN_POINT('Ctrl Pts',(-0.999501285162412,-24.4277623535605,
67.1102418627792));
#2227=CARTESIAN_POINT('Ctrl Pts',(-0.998604066875582,-24.3788428523256,
66.286717447726));
#2228=CARTESIAN_POINT('Ctrl Pts',(-0.998144231779454,-24.3367239830345,
65.3534163530931));
#2229=CARTESIAN_POINT('Ctrl Pts',(-0.998209680345559,-24.3058459413962,
64.4078444059594));
#2230=CARTESIAN_POINT('Ctrl Pts',(-0.99974591417873,-24.2950028696623,63.4895459490358));
#2231=CARTESIAN_POINT('Ctrl Pts',(-1.0011280114295,-24.2940236100193,63.));
#2232=CARTESIAN_POINT('Ctrl Pts',(-1.00091343056847,-23.7103186508784,72.367496997605));
#2233=CARTESIAN_POINT('Ctrl Pts',(-1.00423622689927,-23.5654201678383,71.9987804930353));
#2234=CARTESIAN_POINT('Ctrl Pts',(-1.00733078649255,-23.3486459065327,71.383884172652));
#2235=CARTESIAN_POINT('Ctrl Pts',(-1.00787073237014,-23.1175759237116,70.5909871629002));
#2236=CARTESIAN_POINT('Ctrl Pts',(-1.00689443299364,-22.9092850119924,69.7758478717499));
#2237=CARTESIAN_POINT('Ctrl Pts',(-1.00466109794977,-22.7601642136679,69.0607766744073));
#2238=CARTESIAN_POINT('Ctrl Pts',(-1.00149229533803,-22.6144085484632,68.1829051412937));
#2239=CARTESIAN_POINT('Ctrl Pts',(-0.998175319220168,-22.4916564281158,
67.2813734204616));
#2240=CARTESIAN_POINT('Ctrl Pts',(-0.995824403065642,-22.414961165542,66.4391639929847));
#2241=CARTESIAN_POINT('Ctrl Pts',(-0.99454279723461,-22.3505582546186,65.4752881566794));
#2242=CARTESIAN_POINT('Ctrl Pts',(-0.994563217217826,-22.3052056296848,
64.4904228686788));
#2243=CARTESIAN_POINT('Ctrl Pts',(-0.998236630561653,-22.292851665377,63.520545019415));
#2244=CARTESIAN_POINT('Ctrl Pts',(-1.00159165388058,-22.2941899856792,62.9999999999999));
#2245=CARTESIAN_POINT('Ctrl Pts',(-0.944332781301138,-23.4427245076695,
72.367496997605));
#2246=CARTESIAN_POINT('Ctrl Pts',(-0.94805564640392,-23.2864876271939,72.0051681309212));
#2247=CARTESIAN_POINT('Ctrl Pts',(-0.953387024724239,-23.0519263641705,
71.3993426674717));
#2248=CARTESIAN_POINT('Ctrl Pts',(-0.958953981425781,-22.8006399472512,
70.614887511092));
#2249=CARTESIAN_POINT('Ctrl Pts',(-0.964055675872747,-22.573459355833,69.8063635221129));
#2250=CARTESIAN_POINT('Ctrl Pts',(-0.967933788741893,-22.4101163738227,
69.0946585635989));
#2251=CARTESIAN_POINT('Ctrl Pts',(-0.97236735319851,-22.249993713201,68.218033668369));
#2252=CARTESIAN_POINT('Ctrl Pts',(-0.976758819593546,-22.1147984198765,
67.3156860738387));
#2253=CARTESIAN_POINT('Ctrl Pts',(-0.980888216882437,-22.0300056501087,
66.4697135738621));
#2254=CARTESIAN_POINT('Ctrl Pts',(-0.985919673855657,-21.9587428625918,
65.4996943460208));
#2255=CARTESIAN_POINT('Ctrl Pts',(-0.991357600195159,-21.9085142078611,
64.5069435313521));
#2256=CARTESIAN_POINT('Ctrl Pts',(-0.997654659933813,-21.8951524746121,
63.5267426057228));
#2257=CARTESIAN_POINT('Ctrl Pts',(-1.00141363219379,-21.8970405667809,62.9999999999999));
#2258=CARTESIAN_POINT('Ctrl Pts',(-0.443310706347168,-22.4081571327564,
72.367496997605));
#2259=CARTESIAN_POINT('Ctrl Pts',(-0.448727864832237,-22.2036936998564,
72.0325301632424));
#2260=CARTESIAN_POINT('Ctrl Pts',(-0.472256804460479,-21.8893559437854,
71.4656086899098));
#2261=CARTESIAN_POINT('Ctrl Pts',(-0.52233541105085,-21.5411533885993,70.7174290494212));
#2262=CARTESIAN_POINT('Ctrl Pts',(-0.582172662094203,-21.2200325356636,
69.9373589270938));
#2263=CARTESIAN_POINT('Ctrl Pts',(-0.641792889168956,-20.9822710493159,
69.240152972483));
#2264=CARTESIAN_POINT('Ctrl Pts',(-0.715787257552172,-20.7437663667744,
68.3688853403733));
#2265=CARTESIAN_POINT('Ctrl Pts',(-0.790768685228995,-20.5382174929478,
67.4630056726621));
#2266=CARTESIAN_POINT('Ctrl Pts',(-0.853994894568219,-20.404636653072,66.6008122613682));
#2267=CARTESIAN_POINT('Ctrl Pts',(-0.916029586538493,-20.2906285946738,
65.6043671109407));
#2268=CARTESIAN_POINT('Ctrl Pts',(-0.969753180117831,-20.208463312987,64.5777342095012));
#2269=CARTESIAN_POINT('Ctrl Pts',(-0.997370205082595,-20.1867369869755,
63.5532831339627));
#2270=CARTESIAN_POINT('Ctrl Pts',(-1.00283990326157,-20.1913515811445,62.9999999999999));
#2271=CARTESIAN_POINT('Ctrl Pts',(1.6822805145931,-21.4386611288658,72.367496997605));
#2272=CARTESIAN_POINT('Ctrl Pts',(1.6743876276459,-21.1626589957635,72.0741045679506));
#2273=CARTESIAN_POINT('Ctrl Pts',(1.61432181922524,-20.7080787636783,71.5665388184344));
#2274=CARTESIAN_POINT('Ctrl Pts',(1.47272811534645,-20.158029716905,70.8740555788527));
#2275=CARTESIAN_POINT('Ctrl Pts',(1.29985507093335,-19.6252896873429,70.1378104293477));
#2276=CARTESIAN_POINT('Ctrl Pts',(1.12474226688177,-19.2030930005856,69.4630374202334));
#2277=CARTESIAN_POINT('Ctrl Pts',(0.90650774276437,-18.7564433135525,68.5999968542169));
#2278=CARTESIAN_POINT('Ctrl Pts',(0.685121205629983,-18.3538141524946,67.688561742109));
#2279=CARTESIAN_POINT('Ctrl Pts',(0.499456926067469,-18.0714977091759,66.8012073007851));
#2280=CARTESIAN_POINT('Ctrl Pts',(0.31962257650698,-17.8218305058631,65.7640513075644));
#2281=CARTESIAN_POINT('Ctrl Pts',(0.166452070670268,-17.6326283367557,64.6854111502291));
#2282=CARTESIAN_POINT('Ctrl Pts',(0.0960436580862053,-17.5766691086823,
63.5935717833544));
#2283=CARTESIAN_POINT('Ctrl Pts',(0.0880742199608531,-17.5873111486776,
63.));
#2284=CARTESIAN_POINT('Ctrl Pts',(3.5354487686272,-20.5155963798853,72.367496997605));
#2285=CARTESIAN_POINT('Ctrl Pts',(3.52788086598713,-20.1850628779467,72.106376848382));
#2286=CARTESIAN_POINT('Ctrl Pts',(3.49297088968461,-19.6580847664107,71.644810419585));
#2287=CARTESIAN_POINT('Ctrl Pts',(3.41758140983301,-19.0463513002072,70.9953808830579));
#2288=CARTESIAN_POINT('Ctrl Pts',(3.32720936804242,-18.4676910796185,70.2929075237729));
#2289=CARTESIAN_POINT('Ctrl Pts',(3.23693833927608,-18.0241734359459,69.6352524314433));
#2290=CARTESIAN_POINT('Ctrl Pts',(3.1248319949301,-17.5690040377386,68.7781490028043));
#2291=CARTESIAN_POINT('Ctrl Pts',(3.01121114048057,-17.1693575582911,67.8619190371462));
#2292=CARTESIAN_POINT('Ctrl Pts',(2.91548343873842,-16.9029285182811,66.9546923442603));
#2293=CARTESIAN_POINT('Ctrl Pts',(2.82174413738632,-16.6750245816123,65.88586275229));
#2294=CARTESIAN_POINT('Ctrl Pts',(2.74076688682526,-16.5107546092645,64.7670797749526));
#2295=CARTESIAN_POINT('Ctrl Pts',(2.69979881107822,-16.4765857096911,63.6239905589614));
#2296=CARTESIAN_POINT('Ctrl Pts',(2.69215750920323,-16.4962584555721,63.));
#2297=CARTESIAN_POINT('Ctrl Pts',(5.36900236351956,-20.0646232994508,72.367496997605));
#2298=CARTESIAN_POINT('Ctrl Pts',(5.36408174447999,-19.6988211109857,72.1269995443935));
#2299=CARTESIAN_POINT('Ctrl Pts',(5.34733524015647,-19.1429811768163,71.6945249014));
#2300=CARTESIAN_POINT('Ctrl Pts',(5.3141592015755,-18.5393415932632,71.0718887724475));
#2301=CARTESIAN_POINT('Ctrl Pts',(5.27517981678139,-17.9910048240218,70.3901909470076));
#2302=CARTESIAN_POINT('Ctrl Pts',(5.23685611913289,-17.595650002617,69.7427830480485));
#2303=CARTESIAN_POINT('Ctrl Pts',(5.18945475186444,-17.2127872081776,68.8888907057253));
#2304=CARTESIAN_POINT('Ctrl Pts',(5.14146427485739,-16.8943882869653,67.9692221561982));
#2305=CARTESIAN_POINT('Ctrl Pts',(5.10081552436144,-16.7051359497722,67.0493715776996));
#2306=CARTESIAN_POINT('Ctrl Pts',(5.0605146115037,-16.5563267620993,65.9607189644069));
#2307=CARTESIAN_POINT('Ctrl Pts',(5.02515184447905,-16.4637814737627,64.8170089788918));
#2308=CARTESIAN_POINT('Ctrl Pts',(5.00547888081298,-16.4696444229405,63.6424999728247));
#2309=CARTESIAN_POINT('Ctrl Pts',(5.00051053789402,-16.498304733126,63.));
#2310=CARTESIAN_POINT('Ctrl Pts',(6.24373360240453,-19.9985183770176,72.367496997605));
#2311=CARTESIAN_POINT('Ctrl Pts',(6.24074052701611,-19.6216854232947,72.1333369105638));
#2312=CARTESIAN_POINT('Ctrl Pts',(6.23596432520308,-19.0540292396812,71.7096639226461));
#2313=CARTESIAN_POINT('Ctrl Pts',(6.23018461627862,-18.4455776251997,71.0949331631284));
#2314=CARTESIAN_POINT('Ctrl Pts',(6.22445478428071,-17.8976027693214,70.4192518988959));
#2315=CARTESIAN_POINT('Ctrl Pts',(6.21966010928438,-17.5079800744517,69.7746771851703));
#2316=CARTESIAN_POINT('Ctrl Pts',(6.21399744659518,-17.1361881869301,68.9215054456692));
#2317=CARTESIAN_POINT('Ctrl Pts',(6.20833606388246,-16.8316100095461,68.000609173849));
#2318=CARTESIAN_POINT('Ctrl Pts',(6.20323870338693,-16.6571590186141,67.076913479672));
#2319=CARTESIAN_POINT('Ctrl Pts',(6.19749390251465,-16.5246314887136,65.9823597083576));
#2320=CARTESIAN_POINT('Ctrl Pts',(6.19169886731484,-16.4479620076717,64.8313207672639));
#2321=CARTESIAN_POINT('Ctrl Pts',(6.18606294163925,-16.4653018590231,63.6477637723467));
#2322=CARTESIAN_POINT('Ctrl Pts',(6.18304083714541,-16.4981929573674,63.));
#2323=CARTESIAN_POINT('Ctrl Pts',(7.92361260766102,-19.9997699400764,72.367496997605));
#2324=CARTESIAN_POINT('Ctrl Pts',(7.92727410620347,-19.6108403697084,72.1395585939683));
#2325=CARTESIAN_POINT('Ctrl Pts',(7.93319676815243,-19.0268325253414,71.7238707027776));
#2326=CARTESIAN_POINT('Ctrl Pts',(7.94047968546334,-18.4043479078479,71.1153441537475));
#2327=CARTESIAN_POINT('Ctrl Pts',(7.94775440551648,-17.8459644719708,70.4438397104771));
#2328=CARTESIAN_POINT('Ctrl Pts',(7.95389303929235,-17.4516586906713,69.8005876639161));
#2329=CARTESIAN_POINT('Ctrl Pts',(7.96116216414577,-17.0786240790914,68.9469575971014));
#2330=CARTESIAN_POINT('Ctrl Pts',(7.96843502905706,-16.7760054402534,68.0241687276354));
#2331=CARTESIAN_POINT('Ctrl Pts',(7.97496034546359,-16.6078909145306,67.0969752140881));
#2332=CARTESIAN_POINT('Ctrl Pts',(7.98226501656088,-16.48550427317,65.9975877182526));
#2333=CARTESIAN_POINT('Ctrl Pts',(7.98958608164818,-16.421730439887,64.8409095074089));
#2334=CARTESIAN_POINT('Ctrl Pts',(7.99657404288998,-16.4558639602464,63.6511183313903));
#2335=CARTESIAN_POINT('Ctrl Pts',(8.00027105341038,-16.4987442712583,63.));
#2336=CARTESIAN_POINT('Ctrl Pts',(8.68269544301896,-20.087789836869,72.367496997605));
#2337=CARTESIAN_POINT('Ctrl Pts',(8.69914127861318,-19.8041694015767,71.9912218138909));
#2338=CARTESIAN_POINT('Ctrl Pts',(8.72534434450362,-19.360068955889,71.3698353809282));
#2339=CARTESIAN_POINT('Ctrl Pts',(8.75682894326967,-18.8568173874437,70.5759546158247));
#2340=CARTESIAN_POINT('Ctrl Pts',(8.78784750750654,-18.3857451442362,69.7629510302851));
#2341=CARTESIAN_POINT('Ctrl Pts',(8.81353417629657,-18.0272601872232,69.053072861911));
#2342=CARTESIAN_POINT('Ctrl Pts',(8.84344392661431,-17.6531898238856,68.1840859208718));
#2343=CARTESIAN_POINT('Ctrl Pts',(8.87299253609491,-17.3188873980811,67.2926716968406));
#2344=CARTESIAN_POINT('Ctrl Pts',(8.89908912994315,-17.0777097299391,66.4591629752866));
#2345=CARTESIAN_POINT('Ctrl Pts',(8.92816453081357,-16.8486811744068,65.5010839678607));
#2346=CARTESIAN_POINT('Ctrl Pts',(8.95719542040766,-16.6560377295698,64.5181653505801));
#2347=CARTESIAN_POINT('Ctrl Pts',(8.98508211305357,-16.5407521086173,63.5344494630397));
#2348=CARTESIAN_POINT('Ctrl Pts',(9.,-16.499366687777,63.));
#2349=CARTESIAN_POINT('Ctrl Pts',(9.33175071584825,-20.2381942803002,72.367496997605));
#2350=CARTESIAN_POINT('Ctrl Pts',(9.36268853759487,-19.9484885283292,71.9788593442541));
#2351=CARTESIAN_POINT('Ctrl Pts',(9.4134470534352,-19.5026569515539,71.3298486454507));
#2352=CARTESIAN_POINT('Ctrl Pts',(9.47685318215876,-19.0063581845558,70.4957036581639));
#2353=CARTESIAN_POINT('Ctrl Pts',(9.54062918698089,-18.5450848273047,69.6420435937872));
#2354=CARTESIAN_POINT('Ctrl Pts',(9.59483484547782,-18.1962391323189,68.8997935601436));
#2355=CARTESIAN_POINT('Ctrl Pts',(9.65909001819327,-17.829301175905,68.0019380182809));
#2356=CARTESIAN_POINT('Ctrl Pts',(9.72334093595485,-17.4974880439301,67.0905821970504));
#2357=CARTESIAN_POINT('Ctrl Pts',(9.78075521795518,-17.2469025286799,66.2584596410568));
#2358=CARTESIAN_POINT('Ctrl Pts',(9.84467146947287,-16.9939990895496,65.3220347892827));
#2359=CARTESIAN_POINT('Ctrl Pts',(9.9083923142184,-16.7648988617031,64.3795760419096));
#2360=CARTESIAN_POINT('Ctrl Pts',(9.96846638630987,-16.5851936313606,63.4770379063601));
#2361=CARTESIAN_POINT('Ctrl Pts',(10.,-16.499366687777,63.));
#2362=CARTESIAN_POINT('',(9.64696713582804,-17.9002316968629,68.170677281383));
#2363=CARTESIAN_POINT('Ctrl Pts',(9.33175071584825,-20.2381942803002,72.367496997605));
#2364=CARTESIAN_POINT('Ctrl Pts',(9.38192892712271,-19.7683190399266,71.7371636005491));
#2365=CARTESIAN_POINT('Ctrl Pts',(9.48629601467442,-18.8886227609835,70.3884071688247));
#2366=CARTESIAN_POINT('Ctrl Pts',(9.59269093724034,-18.2009522780988,68.9326598913002));
#2367=CARTESIAN_POINT('Ctrl Pts',(9.64696713582804,-17.9002316968629,68.1706772813829));
#2368=CARTESIAN_POINT('',(9.90504912549835,-16.7850392285446,64.4258862572929));
#2369=CARTESIAN_POINT('Ctrl Pts',(9.64696713582805,-17.9002316968629,68.1706772813829));
#2370=CARTESIAN_POINT('Ctrl Pts',(9.70450162290405,-17.5814583699754,67.3629516159314));
#2371=CARTESIAN_POINT('Ctrl Pts',(9.79086990222407,-17.1874358113073,66.1177831488425));
#2372=CARTESIAN_POINT('Ctrl Pts',(9.87653189184564,-16.8794489756263,64.8508054155962));
#2373=CARTESIAN_POINT('Ctrl Pts',(9.90504912549835,-16.7850392285447,64.4258862572929));
#2374=CARTESIAN_POINT('Ctrl Pts',(9.90504912549835,-16.7850392285447,64.4258862572929));
#2375=CARTESIAN_POINT('Ctrl Pts',(9.93681205205956,-16.6798842229877,63.952604865977));
#2376=CARTESIAN_POINT('Ctrl Pts',(9.96846638630987,-16.5851936313606,63.4770379063601));
#2377=CARTESIAN_POINT('Ctrl Pts',(10.,-16.499366687777,63.));
#2378=CARTESIAN_POINT('',(-1.,-27.499366687777,72.367496997605));
#2379=CARTESIAN_POINT('Ctrl Pts',(9.33175071584825,-20.2381942803002,72.367496997605));
#2380=CARTESIAN_POINT('Ctrl Pts',(9.38192892712272,-19.7683190399266,71.7371636005491));
#2381=CARTESIAN_POINT('Ctrl Pts',(9.43516807338006,-19.3195733677481,71.0491436258751));
#2382=CARTESIAN_POINT('Ctrl Pts',(9.54056958861812,-18.5378321978472,69.6458096312296));
#2383=CARTESIAN_POINT('Ctrl Pts',(9.59819498919994,-18.1674942365769,68.8565330516238));
#2384=CARTESIAN_POINT('Ctrl Pts',(9.70784423886768,-17.566208950802,67.3147612383034));
#2385=CARTESIAN_POINT('Ctrl Pts',(9.7680609313888,-17.2937283898887,66.4457557671707));
#2386=CARTESIAN_POINT('Ctrl Pts',(9.88255297696559,-16.8484046039254,64.7653808795536));
#2387=CARTESIAN_POINT('Ctrl Pts',(9.94281342885113,-16.6550148372079,63.8651137304098));
#2388=CARTESIAN_POINT('Ctrl Pts',(10.,-16.499366687777,63.));
#2389=CARTESIAN_POINT('Ctrl Pts',(9.99619309987063,-20.3921643521021,72.367496997605));
#2390=CARTESIAN_POINT('Ctrl Pts',(10.0623248332433,-19.9471759935756,71.6899086171671));
#2391=CARTESIAN_POINT('Ctrl Pts',(10.1266452655862,-19.5114870837572,70.974513655739));
#2392=CARTESIAN_POINT('Ctrl Pts',(10.246400276529,-18.736889564538,69.5472926373704));
#2393=CARTESIAN_POINT('Ctrl Pts',(10.3078958719388,-18.3606004901016,68.7608762949266));
#2394=CARTESIAN_POINT('Ctrl Pts',(10.421457520408,-17.7371203280068,67.2396627736879));
#2395=CARTESIAN_POINT('Ctrl Pts',(10.4820071213581,-17.4465508380372,66.3899970932896));
#2396=CARTESIAN_POINT('Ctrl Pts',(10.5983383124474,-16.9647195758457,64.7443185951753));
#2397=CARTESIAN_POINT('Ctrl Pts',(10.6603862857549,-16.7511690028131,63.8606349891094));
#2398=CARTESIAN_POINT('Ctrl Pts',(10.7226067362972,-16.5806285124172,63.));
#2399=CARTESIAN_POINT('Ctrl Pts',(11.1003933804593,-20.8250040200817,72.367496997605));
#2400=CARTESIAN_POINT('Ctrl Pts',(11.1716445322748,-20.4407603311991,71.6352528390177));
#2401=CARTESIAN_POINT('Ctrl Pts',(11.2536873276414,-20.0422016064757,70.8872167905316));
#2402=CARTESIAN_POINT('Ctrl Pts',(11.4222910721723,-19.3023324913319,69.4302673590358));
#2403=CARTESIAN_POINT('Ctrl Pts',(11.5176346583239,-18.9246336262493,68.6459409052454));
#2404=CARTESIAN_POINT('Ctrl Pts',(11.698196944044,-18.2773421836058,67.1469886090581));
#2405=CARTESIAN_POINT('Ctrl Pts',(11.7965981698569,-17.9624947844957,66.3193328689396));
#2406=CARTESIAN_POINT('Ctrl Pts',(11.9739682990693,-17.4367803077119,64.7147021384702));
#2407=CARTESIAN_POINT('Ctrl Pts',(12.0615318622759,-17.2020246623835,63.8516775065087));
#2408=CARTESIAN_POINT('Ctrl Pts',(12.1344856547467,-17.0252754575727,63.));
#2409=CARTESIAN_POINT('Ctrl Pts',(12.8812105415244,-21.6848717552067,72.3674969976051));
#2410=CARTESIAN_POINT('Ctrl Pts',(12.9172033135821,-21.4161580993848,71.6277431898382));
#2411=CARTESIAN_POINT('Ctrl Pts',(12.9905281087522,-21.1203779516192,70.8715956800816));
#2412=CARTESIAN_POINT('Ctrl Pts',(13.177457422071,-20.5481155306306,69.4025259658097));
#2413=CARTESIAN_POINT('Ctrl Pts',(13.3014233110206,-20.2430652790549,68.6137060801296));
#2414=CARTESIAN_POINT('Ctrl Pts',(13.5499103463764,-19.7075545342052,67.1117330094655));
#2415=CARTESIAN_POINT('Ctrl Pts',(13.6924520099636,-19.4399458292495,66.2855682513947));
#2416=CARTESIAN_POINT('Ctrl Pts',(13.9411674035277,-18.9983503693065,64.6902316990976));
#2417=CARTESIAN_POINT('Ctrl Pts',(14.0583666707563,-18.8049550034552,63.8360019119573));
#2418=CARTESIAN_POINT('Ctrl Pts',(14.137640671133,-18.673081139944,63.));
#2419=CARTESIAN_POINT('Ctrl Pts',(14.1847548776555,-22.310663833702,72.367496997605));
#2420=CARTESIAN_POINT('Ctrl Pts',(14.2003148481638,-22.1066640868025,71.6552240341853));
#2421=CARTESIAN_POINT('Ctrl Pts',(14.2349692087341,-21.8991980902811,70.9117109981517));
#2422=CARTESIAN_POINT('Ctrl Pts',(14.327387550891,-21.5180119275641,69.4488492607151));
#2423=CARTESIAN_POINT('Ctrl Pts',(14.3904101650986,-21.3257216642228,68.6536104734903));
#2424=CARTESIAN_POINT('Ctrl Pts',(14.521666255923,-21.000627877207,67.1334421355731));
#2425=CARTESIAN_POINT('Ctrl Pts',(14.5997259586804,-20.8457796427801,66.2943163979626));
#2426=CARTESIAN_POINT('Ctrl Pts',(14.7447230758558,-20.5957132016723,64.6825191777085));
#2427=CARTESIAN_POINT('Ctrl Pts',(14.8186543837419,-20.4894147595312,63.8248050587063));
#2428=CARTESIAN_POINT('Ctrl Pts',(14.8781072630397,-20.4154565833311,63.));
#2429=CARTESIAN_POINT('Ctrl Pts',(14.6285884683931,-22.8842510487029,72.367496997605));
#2430=CARTESIAN_POINT('Ctrl Pts',(14.6574844231162,-22.6986041930053,71.6587778432195));
#2431=CARTESIAN_POINT('Ctrl Pts',(14.6875879473645,-22.5232049298273,70.9158009944945));
#2432=CARTESIAN_POINT('Ctrl Pts',(14.7465246281082,-22.2201560435436,69.450803191858));
#2433=CARTESIAN_POINT('Ctrl Pts',(14.7784022852978,-22.0782104292906,68.6527545067432));
#2434=CARTESIAN_POINT('Ctrl Pts',(14.838877618333,-21.8527581702512,67.12747454787));
#2435=CARTESIAN_POINT('Ctrl Pts',(14.8719923702951,-21.7544097585656,66.2858008732576));
#2436=CARTESIAN_POINT('Ctrl Pts',(14.9350680193458,-21.6024845934545,64.673490754574));
#2437=CARTESIAN_POINT('Ctrl Pts',(14.9683327789626,-21.54217469476,63.8180869467558));
#2438=CARTESIAN_POINT('Ctrl Pts',(15.,-21.499366687777,63.));
#2439=CARTESIAN_POINT('Ctrl Pts',(14.628588468393,-22.8842510487029,72.367496997605));
#2440=CARTESIAN_POINT('Ctrl Pts',(14.6586826332753,-22.6909060930245,71.6293898372211));
#2441=CARTESIAN_POINT('Ctrl Pts',(14.7195511590565,-22.3377626349011,70.1267214788481));
#2442=CARTESIAN_POINT('Ctrl Pts',(14.8117286802041,-21.93123041624,67.8180720031351));
#2443=CARTESIAN_POINT('Ctrl Pts',(14.9055020361814,-21.6560885115343,65.433780468735));
#2444=CARTESIAN_POINT('Ctrl Pts',(14.9683327789626,-21.54217469476,63.8180869467558));
#2445=CARTESIAN_POINT('Ctrl Pts',(15.,-21.499366687777,63.));
#2446=CARTESIAN_POINT('Ctrl Pts',(14.6285884683931,-22.8842510487029,72.367496997605));
#2447=CARTESIAN_POINT('Ctrl Pts',(14.6586826332753,-22.6909060930245,71.6293898372211));
#2448=CARTESIAN_POINT('Ctrl Pts',(14.7195511590565,-22.3377626349011,70.1267214788481));
#2449=CARTESIAN_POINT('Ctrl Pts',(14.8117286802041,-21.93123041624,67.818072003135));
#2450=CARTESIAN_POINT('Ctrl Pts',(14.9055020361814,-21.6560885115343,65.433780468735));
#2451=CARTESIAN_POINT('Ctrl Pts',(14.9683327789626,-21.54217469476,63.8180869467558));
#2452=CARTESIAN_POINT('Ctrl Pts',(15.,-21.499366687777,63.));
#2453=CARTESIAN_POINT('Ctrl Pts',(14.8655786839547,-23.1905247525489,72.367496997605));
#2454=CARTESIAN_POINT('Ctrl Pts',(14.879283121764,-23.0258065755628,71.6255702651993));
#2455=CARTESIAN_POINT('Ctrl Pts',(14.9043872539296,-22.7250128206079,70.1185251639215));
#2456=CARTESIAN_POINT('Ctrl Pts',(14.9371301637966,-22.3835783327924,67.8102082576356));
#2457=CARTESIAN_POINT('Ctrl Pts',(14.9678176953923,-22.1627701332347,65.4300436374702));
#2458=CARTESIAN_POINT('Ctrl Pts',(14.9887613374484,-22.0789710957189,63.8172485662408));
#2459=CARTESIAN_POINT('Ctrl Pts',(15.,-22.0502358159464,63.));
#2460=CARTESIAN_POINT('Ctrl Pts',(15.000365855877,-23.5563850748275,72.367496997605));
#2461=CARTESIAN_POINT('Ctrl Pts',(15.0044316357899,-23.4147389997069,71.6230769953237));
#2462=CARTESIAN_POINT('Ctrl Pts',(15.008845511122,-23.1563472477033,70.1129969343444));
#2463=CARTESIAN_POINT('Ctrl Pts',(15.0078483540288,-22.8661487327171,67.8045807737028));
#2464=CARTESIAN_POINT('Ctrl Pts',(15.0030203861564,-22.6846225926851,65.4270700758524));
#2465=CARTESIAN_POINT('Ctrl Pts',(15.0003491348693,-22.6208862538055,63.8164101857259));
#2466=CARTESIAN_POINT('Ctrl Pts',(15.,-22.6011049441159,63.));
#2467=CARTESIAN_POINT('Ctrl Pts',(14.9989881656157,-25.1670136922503,72.367496997605));
#2468=CARTESIAN_POINT('Ctrl Pts',(14.9835768044382,-25.0966444207061,71.6168507182578));
#2469=CARTESIAN_POINT('Ctrl Pts',(14.9777642258176,-24.952069259853,70.0986335359168));
#2470=CARTESIAN_POINT('Ctrl Pts',(15.0072089712555,-24.7621645206091,67.7889386087754));
#2471=CARTESIAN_POINT('Ctrl Pts',(15.0350943629125,-24.63305916353,65.4178833830155));
#2472=CARTESIAN_POINT('Ctrl Pts',(15.022367095839,-24.599986508305,63.8133663392947));
#2473=CARTESIAN_POINT('Ctrl Pts',(15.,-24.6011049441159,63.));
#2474=CARTESIAN_POINT('Ctrl Pts',(15.,-26.332911244394,72.367496997605));
#2475=CARTESIAN_POINT('Ctrl Pts',(15.0000529519439,-26.2903811641317,71.6177256238039));
#2476=CARTESIAN_POINT('Ctrl Pts',(15.0001530212538,-26.2152735810323,70.0991052289243));
#2477=CARTESIAN_POINT('Ctrl Pts',(15.000241624232,-26.1319114575974,67.7867332043894));
#2478=CARTESIAN_POINT('Ctrl Pts',(15.000221045599,-26.0758071145769,65.414294253316));
#2479=CARTESIAN_POINT('Ctrl Pts',(15.0000983044727,-26.0561011791773,63.8111608733783));
#2480=CARTESIAN_POINT('Ctrl Pts',(15.,-26.0502358159464,63.));
#2481=CARTESIAN_POINT('Ctrl Pts',(15.,-27.499366687777,72.367496997605));
#2482=CARTESIAN_POINT('Ctrl Pts',(15.,-27.499366687777,71.6140113944376));
#2483=CARTESIAN_POINT('Ctrl Pts',(15.,-27.499366687777,70.0905031761956));
#2484=CARTESIAN_POINT('Ctrl Pts',(15.,-27.499366687777,67.7769595844559));
#2485=CARTESIAN_POINT('Ctrl Pts',(15.,-27.499366687777,65.4079461884217));
#2486=CARTESIAN_POINT('Ctrl Pts',(15.,-27.499366687777,63.808955407462));
#2487=CARTESIAN_POINT('Ctrl Pts',(15.,-27.499366687777,63.));
#2488=CARTESIAN_POINT('',(15.,-27.499366687777,72.367496997605));
#2489=CARTESIAN_POINT('Ctrl Pts',(15.,-27.499366687777,72.367496997605));
#2490=CARTESIAN_POINT('Ctrl Pts',(15.,-27.499366687777,69.2449979984034));
#2491=CARTESIAN_POINT('Ctrl Pts',(15.,-27.499366687777,66.1224989992017));
#2492=CARTESIAN_POINT('Ctrl Pts',(15.,-27.499366687777,63.));
#2493=CARTESIAN_POINT('Ctrl Pts',(9.66666666666667,-27.499366687777,72.367496997605));
#2494=CARTESIAN_POINT('Ctrl Pts',(9.66666666666667,-27.499366687777,69.2449979984034));
#2495=CARTESIAN_POINT('Ctrl Pts',(9.66666666666667,-27.499366687777,66.1224989992017));
#2496=CARTESIAN_POINT('Ctrl Pts',(9.66666666666667,-27.499366687777,63.));
#2497=CARTESIAN_POINT('Ctrl Pts',(4.33333333333333,-27.499366687777,72.367496997605));
#2498=CARTESIAN_POINT('Ctrl Pts',(4.33333333333333,-27.499366687777,69.2449979984034));
#2499=CARTESIAN_POINT('Ctrl Pts',(4.33333333333333,-27.499366687777,66.1224989992017));
#2500=CARTESIAN_POINT('Ctrl Pts',(4.33333333333333,-27.499366687777,63.));
#2501=CARTESIAN_POINT('Ctrl Pts',(-1.,-27.499366687777,72.367496997605));
#2502=CARTESIAN_POINT('Ctrl Pts',(-1.,-27.499366687777,69.2449979984034));
#2503=CARTESIAN_POINT('Ctrl Pts',(-1.,-27.499366687777,66.1224989992017));
#2504=CARTESIAN_POINT('Ctrl Pts',(-1.,-27.499366687777,63.));
#2505=UNCERTAINTY_MEASURE_WITH_UNIT(LENGTH_MEASURE(0.01),#2509,
'DISTANCE_ACCURACY_VALUE',
'Maximum model space distance between geometric entities at asserted c
onnectivities');
#2506=UNCERTAINTY_MEASURE_WITH_UNIT(LENGTH_MEASURE(0.01),#2509,
'DISTANCE_ACCURACY_VALUE',
'Maximum model space distance between geometric entities at asserted c
onnectivities');
#2507=(
GEOMETRIC_REPRESENTATION_CONTEXT(3)
GLOBAL_UNCERTAINTY_ASSIGNED_CONTEXT((#2505))
GLOBAL_UNIT_ASSIGNED_CONTEXT((#2509,#2511,#2512))
REPRESENTATION_CONTEXT('','3D')
);
#2508=(
GEOMETRIC_REPRESENTATION_CONTEXT(3)
GLOBAL_UNCERTAINTY_ASSIGNED_CONTEXT((#2506))
GLOBAL_UNIT_ASSIGNED_CONTEXT((#2509,#2511,#2512))
REPRESENTATION_CONTEXT('','3D')
);
#2509=(
LENGTH_UNIT()
NAMED_UNIT(*)
SI_UNIT(.MILLI.,.METRE.)
);
#2510=(
LENGTH_UNIT()
NAMED_UNIT(*)
SI_UNIT($,.METRE.)
);
#2511=(
NAMED_UNIT(*)
PLANE_ANGLE_UNIT()
SI_UNIT($,.RADIAN.)
);
#2512=(
NAMED_UNIT(*)
SI_UNIT($,.STERADIAN.)
SOLID_ANGLE_UNIT()
);
#2513=SHAPE_DEFINITION_REPRESENTATION(#2514,#2515);
#2514=PRODUCT_DEFINITION_SHAPE('',$,#2517);
#2515=SHAPE_REPRESENTATION('',(#1074),#2507);
#2516=PRODUCT_DEFINITION_CONTEXT('part definition',#2521,'design');
#2517=PRODUCT_DEFINITION('2025-12-28-12-53-07-127','LegL',#2518,#2516);
#2518=PRODUCT_DEFINITION_FORMATION('',$,#2523);
#2519=PRODUCT_RELATED_PRODUCT_CATEGORY('LegL','LegL',(#2523));
#2520=APPLICATION_PROTOCOL_DEFINITION('international standard',
'automotive_design',2009,#2521);
#2521=APPLICATION_CONTEXT(
'Core Data for Automotive Mechanical Design Process');
#2522=PRODUCT_CONTEXT('part definition',#2521,'mechanical');
#2523=PRODUCT('2025-12-28-12-53-07-127','LegL',$,(#2522));
#2524=PRESENTATION_STYLE_ASSIGNMENT((#2527));
#2525=PRESENTATION_STYLE_ASSIGNMENT((#2528));
#2526=PRESENTATION_STYLE_ASSIGNMENT((#2529));
#2527=SURFACE_STYLE_USAGE(.BOTH.,#2530);
#2528=SURFACE_STYLE_USAGE(.BOTH.,#2531);
#2529=SURFACE_STYLE_USAGE(.BOTH.,#2532);
#2530=SURFACE_SIDE_STYLE('',(#2533));
#2531=SURFACE_SIDE_STYLE('',(#2534));
#2532=SURFACE_SIDE_STYLE('',(#2535));
#2533=SURFACE_STYLE_FILL_AREA(#2536);
#2534=SURFACE_STYLE_FILL_AREA(#2537);
#2535=SURFACE_STYLE_FILL_AREA(#2538);
#2536=FILL_AREA_STYLE('\X2\92FC\X0\ - \X2\30B530C630F3\X0\',(#2539));
#2537=FILL_AREA_STYLE(
'\X2\30CA30A430ED30F3\X0\ 12 (Formlabs Fuse 1 3D \X2\30D730EA30F330BF4F7F7528\X0\)',
(#2540));
#2538=FILL_AREA_STYLE('ABS(\X2\767D\X0\)',(#2541));
#2539=FILL_AREA_STYLE_COLOUR('\X2\92FC\X0\ - \X2\30B530C630F3\X0\',#2542);
#2540=FILL_AREA_STYLE_COLOUR(
'\X2\30CA30A430ED30F3\X0\ 12 (Formlabs Fuse 1 3D \X2\30D730EA30F330BF4F7F7528\X0\)',
#2543);
#2541=FILL_AREA_STYLE_COLOUR('ABS(\X2\767D\X0\)',#2544);
#2542=COLOUR_RGB('\X2\92FC\X0\ - \X2\30B530C630F3\X0\',0.627450980392157,
0.627450980392157,0.627450980392157);
#2543=COLOUR_RGB(
'\X2\30CA30A430ED30F3\X0\ 12 (Formlabs Fuse 1 3D \X2\30D730EA30F330BF4F7F7528\X0\)',
0.52156862745098,0.52156862745098,0.603921568627451);
#2544=COLOUR_RGB('ABS(\X2\767D\X0\)',0.964705882352941,0.964705882352941,
0.952941176470588);
ENDSEC;
END-ISO-10303-21;
