ISO-10303-21;
HEADER;
/* Generated by software containing ST-Developer
 * from STEP Tools, Inc. (www.steptools.com) 
 */

FILE_DESCRIPTION(
/* description */ (''),
/* implementation_level */ '2;1');

FILE_NAME(
/* name */ 'RearBracket.step',
/* time_stamp */ '2025-12-28T13:25:00+09:00',
/* author */ (''),
/* organization */ (''),
/* preprocessor_version */ 'ST-DEVELOPER v20.1',
/* originating_system */ 'Autodesk Translation Framework v14.21.0.0',
/* authorisation */ '');

FILE_SCHEMA (('AUTOMOTIVE_DESIGN { 1 0 10303 214 3 1 1 }'));
ENDSEC;

DATA;
#10=MECHANICAL_DESIGN_GEOMETRIC_PRESENTATION_REPRESENTATION('',(#27,#28,
#29),#2178);
#11=SHAPE_REPRESENTATION_RELATIONSHIP('SRR','None',#2185,#12);
#12=ADVANCED_BREP_SHAPE_REPRESENTATION('',(#30,#31,#32),#2177);
#13=TOROIDAL_SURFACE('',#1320,1.4999991953373,1.);
#14=B_SPLINE_CURVE_WITH_KNOTS('',3,(#1951,#1952,#1953,#1954,#1955,#1956,
#1957,#1958,#1959,#1960,#1961,#1962,#1963),.UNSPECIFIED.,.F.,.F.,(4,3,3,
3,4),(0.,0.0331559276128956,0.0663118552257911,0.110519758709652,0.154727662193513),
 .UNSPECIFIED.);
#15=B_SPLINE_CURVE_WITH_KNOTS('',3,(#1965,#1966,#1967,#1968),
 .UNSPECIFIED.,.F.,.F.,(4,4),(-0.970062449264423,-0.720062814887588),
 .UNSPECIFIED.);
#16=B_SPLINE_CURVE_WITH_KNOTS('',3,(#1970,#1971,#1972,#1973,#1974,#1975,
#1976),.UNSPECIFIED.,.F.,.F.,(4,1,1,1,4),(0.,0.285714285714286,0.571428571428571,
0.785714285714286,1.),.UNSPECIFIED.);
#17=B_SPLINE_CURVE_WITH_KNOTS('',3,(#1977,#1978,#1979,#1980),
 .UNSPECIFIED.,.F.,.F.,(4,4),(0.720062814887588,0.970062449264423),
 .UNSPECIFIED.);
#18=B_SPLINE_CURVE_WITH_KNOTS('',3,(#2032,#2033,#2034,#2035,#2036,#2037,
#2038),.UNSPECIFIED.,.F.,.F.,(4,1,1,1,4),(0.,0.285714285714286,0.571428571428571,
0.785714285714286,1.),.UNSPECIFIED.);
#19=B_SPLINE_CURVE_WITH_KNOTS('',3,(#2039,#2040,#2041,#2042,#2043,#2044,
#2045),.UNSPECIFIED.,.F.,.F.,(4,1,1,1,4),(0.249999634544576,0.384303400179527,
0.451455283080879,0.585759048883582,0.720062814686286),.UNSPECIFIED.);
#20=B_SPLINE_CURVE_WITH_KNOTS('',3,(#2046,#2047,#2048,#2049,#2050,#2051,
#2052),.UNSPECIFIED.,.F.,.F.,(4,1,1,1,4),(-0.720062814686286,-0.585759048883582,
-0.451455283080879,-0.384303400179527,-0.249999634544575),.UNSPECIFIED.);
#21=B_SPLINE_CURVE_WITH_KNOTS('',3,(#2083,#2084,#2085,#2086,#2087,#2088,
#2089,#2090,#2091,#2092,#2093,#2094,#2095),.UNSPECIFIED.,.F.,.F.,(4,3,3,
3,4),(0.,0.0331559276128824,0.0663118552257648,0.110519758709608,0.154727662193451),
 .UNSPECIFIED.);
#22=B_SPLINE_CURVE_WITH_KNOTS('',3,(#2096,#2097,#2098,#2099),
 .UNSPECIFIED.,.F.,.F.,(4,4),(-3.11071180330702E-16,0.249999634488659),
 .UNSPECIFIED.);
#23=B_SPLINE_CURVE_WITH_KNOTS('',3,(#2100,#2101,#2102,#2103),
 .UNSPECIFIED.,.F.,.F.,(4,4),(-0.249999634488659,3.11071180330702E-16),
 .UNSPECIFIED.);
#24=B_SPLINE_SURFACE_WITH_KNOTS('',3,3,((#1921,#1922,#1923,#1924),(#1925,
#1926,#1927,#1928),(#1929,#1930,#1931,#1932),(#1933,#1934,#1935,#1936),
(#1937,#1938,#1939,#1940),(#1941,#1942,#1943,#1944),(#1945,#1946,#1947,
#1948)),.UNSPECIFIED.,.F.,.F.,.F.,(4,1,1,1,4),(4,4),(0.,0.285714285714286,
0.571428571428571,0.785714285714286,1.),(0.720062814719836,0.970062449264423),
 .UNSPECIFIED.);
#25=B_SPLINE_SURFACE_WITH_KNOTS('',3,3,((#1981,#1982,#1983,#1984,#1985,
#1986,#1987),(#1988,#1989,#1990,#1991,#1992,#1993,#1994),(#1995,#1996,#1997,
#1998,#1999,#2000,#2001),(#2002,#2003,#2004,#2005,#2006,#2007,#2008),(#2009,
#2010,#2011,#2012,#2013,#2014,#2015),(#2016,#2017,#2018,#2019,#2020,#2021,
#2022),(#2023,#2024,#2025,#2026,#2027,#2028,#2029)),.UNSPECIFIED.,.F.,.F.,
 .F.,(4,1,1,1,4),(4,1,1,1,4),(0.,0.285714285714286,0.571428571428571,0.785714285714286,
1.),(0.249999634376823,0.384303400179527,0.451455283080879,0.585759048883582,
0.720062814686286),.UNSPECIFIED.);
#26=B_SPLINE_SURFACE_WITH_KNOTS('',3,3,((#2053,#2054,#2055,#2056),(#2057,
#2058,#2059,#2060),(#2061,#2062,#2063,#2064),(#2065,#2066,#2067,#2068),
(#2069,#2070,#2071,#2072),(#2073,#2074,#2075,#2076),(#2077,#2078,#2079,
#2080)),.UNSPECIFIED.,.F.,.F.,.F.,(4,1,1,1,4),(4,4),(0.,0.285714285714286,
0.571428571428571,0.785714285714286,1.),(-0.249999634488659,3.11071180330702E-16),
 .UNSPECIFIED.);
#27=STYLED_ITEM('',(#2195),#30);
#28=STYLED_ITEM('',(#2195),#31);
#29=STYLED_ITEM('',(#2195),#32);
#30=MANIFOLD_SOLID_BREP('bracket',#1213);
#31=MANIFOLD_SOLID_BREP('mount1',#1214);
#32=MANIFOLD_SOLID_BREP('mount2',#1215);
#33=FACE_BOUND('',#184,.T.);
#34=FACE_BOUND('',#189,.T.);
#35=FACE_BOUND('',#197,.T.);
#36=FACE_BOUND('',#202,.T.);
#37=FACE_BOUND('',#209,.T.);
#38=FACE_BOUND('',#210,.T.);
#39=FACE_BOUND('',#213,.T.);
#40=FACE_BOUND('',#214,.T.);
#41=FACE_BOUND('',#217,.T.);
#42=FACE_BOUND('',#218,.T.);
#43=FACE_BOUND('',#220,.T.);
#44=FACE_BOUND('',#221,.T.);
#45=FACE_BOUND('',#245,.T.);
#46=FACE_BOUND('',#247,.T.);
#47=FACE_BOUND('',#257,.T.);
#48=FACE_BOUND('',#259,.T.);
#49=CIRCLE('',#1231,1.8);
#50=CIRCLE('',#1232,1.8);
#51=CIRCLE('',#1235,8.5);
#52=CIRCLE('',#1236,1.1);
#53=CIRCLE('',#1238,1.8);
#54=CIRCLE('',#1239,1.8);
#55=CIRCLE('',#1243,8.5);
#56=CIRCLE('',#1244,1.);
#57=CIRCLE('',#1246,1.);
#58=CIRCLE('',#1247,1.);
#59=CIRCLE('',#1250,8.5);
#60=CIRCLE('',#1251,8.5);
#61=CIRCLE('',#1255,1.8);
#62=CIRCLE('',#1256,1.8);
#63=CIRCLE('',#1258,8.5);
#64=CIRCLE('',#1259,1.1);
#65=CIRCLE('',#1262,1.8);
#66=CIRCLE('',#1263,1.8);
#67=CIRCLE('',#1266,8.5);
#68=CIRCLE('',#1267,1.);
#69=CIRCLE('',#1269,8.5);
#70=CIRCLE('',#1271,1.);
#71=CIRCLE('',#1272,1.);
#72=CIRCLE('',#1275,8.5);
#73=CIRCLE('',#1277,8.5);
#74=CIRCLE('',#1278,8.50000000000003);
#75=CIRCLE('',#1280,1.);
#76=CIRCLE('',#1281,1.1);
#77=CIRCLE('',#1284,1.00000000000001);
#78=CIRCLE('',#1285,1.1);
#79=CIRCLE('',#1288,1.);
#80=CIRCLE('',#1289,1.1);
#81=CIRCLE('',#1291,1.);
#82=CIRCLE('',#1292,1.1);
#83=CIRCLE('',#1309,2.5);
#84=CIRCLE('',#1312,0.85);
#85=CIRCLE('',#1313,0.85);
#86=CIRCLE('',#1318,1.);
#87=CIRCLE('',#1319,0.999998390674595);
#88=CIRCLE('',#1321,1.);
#89=CIRCLE('',#1322,1.4999991953373);
#90=CIRCLE('',#1323,2.4999991953373);
#91=CIRCLE('',#1325,1.);
#92=CIRCLE('',#1328,2.4999991953373);
#93=CIRCLE('',#1331,0.85);
#94=CIRCLE('',#1332,0.85);
#95=CYLINDRICAL_SURFACE('',#1230,1.8);
#96=CYLINDRICAL_SURFACE('',#1237,1.8);
#97=CYLINDRICAL_SURFACE('',#1249,8.5);
#98=CYLINDRICAL_SURFACE('',#1254,1.8);
#99=CYLINDRICAL_SURFACE('',#1261,1.8);
#100=CYLINDRICAL_SURFACE('',#1274,8.5);
#101=CYLINDRICAL_SURFACE('',#1276,8.5);
#102=CYLINDRICAL_SURFACE('',#1293,1.1);
#103=CYLINDRICAL_SURFACE('',#1294,1.1);
#104=CYLINDRICAL_SURFACE('',#1295,1.1);
#105=CYLINDRICAL_SURFACE('',#1296,1.);
#106=CYLINDRICAL_SURFACE('',#1297,1.);
#107=CYLINDRICAL_SURFACE('',#1298,1.);
#108=CYLINDRICAL_SURFACE('',#1299,1.);
#109=CYLINDRICAL_SURFACE('',#1300,1.);
#110=CYLINDRICAL_SURFACE('',#1308,2.5);
#111=CYLINDRICAL_SURFACE('',#1311,0.85);
#112=CYLINDRICAL_SURFACE('',#1317,1.);
#113=CYLINDRICAL_SURFACE('',#1324,1.);
#114=CYLINDRICAL_SURFACE('',#1327,2.4999991953373);
#115=CYLINDRICAL_SURFACE('',#1330,0.85);
#116=FACE_OUTER_BOUND('',#180,.T.);
#117=FACE_OUTER_BOUND('',#181,.T.);
#118=FACE_OUTER_BOUND('',#182,.T.);
#119=FACE_OUTER_BOUND('',#183,.T.);
#120=FACE_OUTER_BOUND('',#185,.T.);
#121=FACE_OUTER_BOUND('',#186,.T.);
#122=FACE_OUTER_BOUND('',#187,.T.);
#123=FACE_OUTER_BOUND('',#188,.T.);
#124=FACE_OUTER_BOUND('',#190,.T.);
#125=FACE_OUTER_BOUND('',#191,.T.);
#126=FACE_OUTER_BOUND('',#192,.T.);
#127=FACE_OUTER_BOUND('',#193,.T.);
#128=FACE_OUTER_BOUND('',#194,.T.);
#129=FACE_OUTER_BOUND('',#195,.T.);
#130=FACE_OUTER_BOUND('',#196,.T.);
#131=FACE_OUTER_BOUND('',#198,.T.);
#132=FACE_OUTER_BOUND('',#199,.T.);
#133=FACE_OUTER_BOUND('',#200,.T.);
#134=FACE_OUTER_BOUND('',#201,.T.);
#135=FACE_OUTER_BOUND('',#203,.T.);
#136=FACE_OUTER_BOUND('',#204,.T.);
#137=FACE_OUTER_BOUND('',#205,.T.);
#138=FACE_OUTER_BOUND('',#206,.T.);
#139=FACE_OUTER_BOUND('',#207,.T.);
#140=FACE_OUTER_BOUND('',#208,.T.);
#141=FACE_OUTER_BOUND('',#211,.T.);
#142=FACE_OUTER_BOUND('',#212,.T.);
#143=FACE_OUTER_BOUND('',#215,.T.);
#144=FACE_OUTER_BOUND('',#216,.T.);
#145=FACE_OUTER_BOUND('',#219,.T.);
#146=FACE_OUTER_BOUND('',#222,.T.);
#147=FACE_OUTER_BOUND('',#223,.T.);
#148=FACE_OUTER_BOUND('',#224,.T.);
#149=FACE_OUTER_BOUND('',#225,.T.);
#150=FACE_OUTER_BOUND('',#226,.T.);
#151=FACE_OUTER_BOUND('',#227,.T.);
#152=FACE_OUTER_BOUND('',#228,.T.);
#153=FACE_OUTER_BOUND('',#229,.T.);
#154=FACE_OUTER_BOUND('',#230,.T.);
#155=FACE_OUTER_BOUND('',#231,.T.);
#156=FACE_OUTER_BOUND('',#232,.T.);
#157=FACE_OUTER_BOUND('',#233,.T.);
#158=FACE_OUTER_BOUND('',#234,.T.);
#159=FACE_OUTER_BOUND('',#235,.T.);
#160=FACE_OUTER_BOUND('',#236,.T.);
#161=FACE_OUTER_BOUND('',#237,.T.);
#162=FACE_OUTER_BOUND('',#238,.T.);
#163=FACE_OUTER_BOUND('',#239,.T.);
#164=FACE_OUTER_BOUND('',#240,.T.);
#165=FACE_OUTER_BOUND('',#241,.T.);
#166=FACE_OUTER_BOUND('',#242,.T.);
#167=FACE_OUTER_BOUND('',#243,.T.);
#168=FACE_OUTER_BOUND('',#244,.T.);
#169=FACE_OUTER_BOUND('',#246,.T.);
#170=FACE_OUTER_BOUND('',#248,.T.);
#171=FACE_OUTER_BOUND('',#249,.T.);
#172=FACE_OUTER_BOUND('',#250,.T.);
#173=FACE_OUTER_BOUND('',#251,.T.);
#174=FACE_OUTER_BOUND('',#252,.T.);
#175=FACE_OUTER_BOUND('',#253,.T.);
#176=FACE_OUTER_BOUND('',#254,.T.);
#177=FACE_OUTER_BOUND('',#255,.T.);
#178=FACE_OUTER_BOUND('',#256,.T.);
#179=FACE_OUTER_BOUND('',#258,.T.);
#180=EDGE_LOOP('',(#770,#771,#772,#773));
#181=EDGE_LOOP('',(#774,#775,#776,#777));
#182=EDGE_LOOP('',(#778,#779,#780,#781));
#183=EDGE_LOOP('',(#782,#783,#784,#785,#786,#787));
#184=EDGE_LOOP('',(#788));
#185=EDGE_LOOP('',(#789,#790,#791,#792));
#186=EDGE_LOOP('',(#793,#794,#795,#796));
#187=EDGE_LOOP('',(#797,#798,#799,#800));
#188=EDGE_LOOP('',(#801,#802,#803,#804,#805,#806));
#189=EDGE_LOOP('',(#807));
#190=EDGE_LOOP('',(#808,#809,#810,#811,#812,#813,#814,#815,#816,#817,#818,
#819,#820,#821,#822,#823,#824,#825));
#191=EDGE_LOOP('',(#826,#827,#828,#829));
#192=EDGE_LOOP('',(#830,#831,#832,#833,#834,#835,#836,#837));
#193=EDGE_LOOP('',(#838,#839,#840,#841));
#194=EDGE_LOOP('',(#842,#843,#844,#845));
#195=EDGE_LOOP('',(#846,#847,#848,#849));
#196=EDGE_LOOP('',(#850,#851,#852,#853,#854,#855));
#197=EDGE_LOOP('',(#856));
#198=EDGE_LOOP('',(#857,#858,#859,#860));
#199=EDGE_LOOP('',(#861,#862,#863,#864));
#200=EDGE_LOOP('',(#865,#866,#867,#868));
#201=EDGE_LOOP('',(#869,#870,#871,#872,#873,#874));
#202=EDGE_LOOP('',(#875));
#203=EDGE_LOOP('',(#876,#877,#878,#879,#880,#881,#882,#883,#884,#885));
#204=EDGE_LOOP('',(#886,#887,#888,#889,#890,#891,#892,#893,#894,#895,#896,
#897,#898,#899,#900,#901,#902,#903));
#205=EDGE_LOOP('',(#904,#905,#906,#907));
#206=EDGE_LOOP('',(#908,#909,#910,#911,#912,#913,#914,#915));
#207=EDGE_LOOP('',(#916,#917,#918,#919));
#208=EDGE_LOOP('',(#920,#921,#922,#923,#924,#925));
#209=EDGE_LOOP('',(#926));
#210=EDGE_LOOP('',(#927));
#211=EDGE_LOOP('',(#928,#929,#930,#931));
#212=EDGE_LOOP('',(#932,#933,#934,#935,#936,#937));
#213=EDGE_LOOP('',(#938));
#214=EDGE_LOOP('',(#939));
#215=EDGE_LOOP('',(#940,#941,#942,#943,#944,#945,#946,#947,#948,#949));
#216=EDGE_LOOP('',(#950,#951,#952,#953,#954,#955));
#217=EDGE_LOOP('',(#956));
#218=EDGE_LOOP('',(#957));
#219=EDGE_LOOP('',(#958,#959,#960,#961,#962,#963));
#220=EDGE_LOOP('',(#964));
#221=EDGE_LOOP('',(#965));
#222=EDGE_LOOP('',(#966,#967,#968,#969));
#223=EDGE_LOOP('',(#970,#971,#972,#973));
#224=EDGE_LOOP('',(#974,#975,#976,#977));
#225=EDGE_LOOP('',(#978,#979,#980,#981));
#226=EDGE_LOOP('',(#982,#983,#984,#985));
#227=EDGE_LOOP('',(#986,#987,#988,#989));
#228=EDGE_LOOP('',(#990,#991,#992,#993));
#229=EDGE_LOOP('',(#994,#995,#996,#997));
#230=EDGE_LOOP('',(#998,#999,#1000,#1001));
#231=EDGE_LOOP('',(#1002,#1003,#1004,#1005));
#232=EDGE_LOOP('',(#1006,#1007,#1008,#1009));
#233=EDGE_LOOP('',(#1010,#1011,#1012,#1013));
#234=EDGE_LOOP('',(#1014,#1015,#1016,#1017));
#235=EDGE_LOOP('',(#1018,#1019,#1020,#1021));
#236=EDGE_LOOP('',(#1022,#1023,#1024,#1025));
#237=EDGE_LOOP('',(#1026,#1027,#1028,#1029));
#238=EDGE_LOOP('',(#1030,#1031,#1032,#1033));
#239=EDGE_LOOP('',(#1034,#1035,#1036,#1037));
#240=EDGE_LOOP('',(#1038,#1039,#1040,#1041));
#241=EDGE_LOOP('',(#1042,#1043,#1044,#1045));
#242=EDGE_LOOP('',(#1046,#1047,#1048,#1049));
#243=EDGE_LOOP('',(#1050,#1051,#1052,#1053,#1054,#1055));
#244=EDGE_LOOP('',(#1056,#1057,#1058,#1059));
#245=EDGE_LOOP('',(#1060));
#246=EDGE_LOOP('',(#1061,#1062,#1063,#1064));
#247=EDGE_LOOP('',(#1065));
#248=EDGE_LOOP('',(#1066,#1067,#1068,#1069));
#249=EDGE_LOOP('',(#1070,#1071,#1072,#1073));
#250=EDGE_LOOP('',(#1074,#1075,#1076,#1077));
#251=EDGE_LOOP('',(#1078,#1079,#1080,#1081));
#252=EDGE_LOOP('',(#1082,#1083,#1084,#1085));
#253=EDGE_LOOP('',(#1086,#1087,#1088,#1089));
#254=EDGE_LOOP('',(#1090,#1091,#1092,#1093));
#255=EDGE_LOOP('',(#1094,#1095,#1096,#1097,#1098,#1099));
#256=EDGE_LOOP('',(#1100,#1101,#1102,#1103));
#257=EDGE_LOOP('',(#1104));
#258=EDGE_LOOP('',(#1105,#1106,#1107,#1108));
#259=EDGE_LOOP('',(#1109));
#260=LINE('',#1670,#374);
#261=LINE('',#1672,#375);
#262=LINE('',#1674,#376);
#263=LINE('',#1675,#377);
#264=LINE('',#1680,#378);
#265=LINE('',#1684,#379);
#266=LINE('',#1686,#380);
#267=LINE('',#1687,#381);
#268=LINE('',#1690,#382);
#269=LINE('',#1693,#383);
#270=LINE('',#1701,#384);
#271=LINE('',#1704,#385);
#272=LINE('',#1707,#386);
#273=LINE('',#1709,#387);
#274=LINE('',#1710,#388);
#275=LINE('',#1713,#389);
#276=LINE('',#1715,#390);
#277=LINE('',#1716,#391);
#278=LINE('',#1719,#392);
#279=LINE('',#1721,#393);
#280=LINE('',#1727,#394);
#281=LINE('',#1729,#395);
#282=LINE('',#1731,#396);
#283=LINE('',#1733,#397);
#284=LINE('',#1735,#398);
#285=LINE('',#1737,#399);
#286=LINE('',#1739,#400);
#287=LINE('',#1741,#401);
#288=LINE('',#1743,#402);
#289=LINE('',#1745,#403);
#290=LINE('',#1747,#404);
#291=LINE('',#1749,#405);
#292=LINE('',#1753,#406);
#293=LINE('',#1756,#407);
#294=LINE('',#1759,#408);
#295=LINE('',#1760,#409);
#296=LINE('',#1764,#410);
#297=LINE('',#1768,#411);
#298=LINE('',#1770,#412);
#299=LINE('',#1771,#413);
#300=LINE('',#1775,#414);
#301=LINE('',#1777,#415);
#302=LINE('',#1779,#416);
#303=LINE('',#1780,#417);
#304=LINE('',#1786,#418);
#305=LINE('',#1793,#419);
#306=LINE('',#1795,#420);
#307=LINE('',#1797,#421);
#308=LINE('',#1798,#422);
#309=LINE('',#1803,#423);
#310=LINE('',#1807,#424);
#311=LINE('',#1809,#425);
#312=LINE('',#1810,#426);
#313=LINE('',#1814,#427);
#314=LINE('',#1815,#428);
#315=LINE('',#1822,#429);
#316=LINE('',#1823,#430);
#317=LINE('',#1826,#431);
#318=LINE('',#1830,#432);
#319=LINE('',#1833,#433);
#320=LINE('',#1835,#434);
#321=LINE('',#1837,#435);
#322=LINE('',#1839,#436);
#323=LINE('',#1841,#437);
#324=LINE('',#1843,#438);
#325=LINE('',#1845,#439);
#326=LINE('',#1847,#440);
#327=LINE('',#1848,#441);
#328=LINE('',#1851,#442);
#329=LINE('',#1852,#443);
#330=LINE('',#1855,#444);
#331=LINE('',#1862,#445);
#332=LINE('',#1865,#446);
#333=LINE('',#1867,#447);
#334=LINE('',#1868,#448);
#335=LINE('',#1869,#449);
#336=LINE('',#1875,#450);
#337=LINE('',#1877,#451);
#338=LINE('',#1878,#452);
#339=LINE('',#1884,#453);
#340=LINE('',#1886,#454);
#341=LINE('',#1887,#455);
#342=LINE('',#1893,#456);
#343=LINE('',#1894,#457);
#344=LINE('',#1900,#458);
#345=LINE('',#1902,#459);
#346=LINE('',#1904,#460);
#347=LINE('',#1906,#461);
#348=LINE('',#1908,#462);
#349=LINE('',#1910,#463);
#350=LINE('',#1912,#464);
#351=LINE('',#1914,#465);
#352=LINE('',#2106,#466);
#353=LINE('',#2108,#467);
#354=LINE('',#2109,#468);
#355=LINE('',#2112,#469);
#356=LINE('',#2116,#470);
#357=LINE('',#2117,#471);
#358=LINE('',#2122,#472);
#359=LINE('',#2125,#473);
#360=LINE('',#2126,#474);
#361=LINE('',#2134,#475);
#362=LINE('',#2137,#476);
#363=LINE('',#2148,#477);
#364=LINE('',#2149,#478);
#365=LINE('',#2152,#479);
#366=LINE('',#2154,#480);
#367=LINE('',#2155,#481);
#368=LINE('',#2158,#482);
#369=LINE('',#2162,#483);
#370=LINE('',#2163,#484);
#371=LINE('',#2168,#485);
#372=LINE('',#2171,#486);
#373=LINE('',#2172,#487);
#374=VECTOR('',#1340,10.);
#375=VECTOR('',#1341,10.);
#376=VECTOR('',#1342,10.);
#377=VECTOR('',#1343,10.);
#378=VECTOR('',#1348,10.);
#379=VECTOR('',#1353,10.);
#380=VECTOR('',#1354,10.);
#381=VECTOR('',#1355,10.);
#382=VECTOR('',#1358,10.);
#383=VECTOR('',#1361,10.);
#384=VECTOR('',#1368,10.);
#385=VECTOR('',#1371,10.);
#386=VECTOR('',#1374,10.);
#387=VECTOR('',#1375,10.);
#388=VECTOR('',#1376,10.);
#389=VECTOR('',#1379,10.);
#390=VECTOR('',#1380,10.);
#391=VECTOR('',#1381,10.);
#392=VECTOR('',#1384,10.);
#393=VECTOR('',#1385,10.);
#394=VECTOR('',#1392,10.);
#395=VECTOR('',#1393,10.);
#396=VECTOR('',#1394,10.);
#397=VECTOR('',#1395,10.);
#398=VECTOR('',#1396,10.);
#399=VECTOR('',#1397,10.);
#400=VECTOR('',#1398,10.);
#401=VECTOR('',#1399,10.);
#402=VECTOR('',#1400,10.);
#403=VECTOR('',#1401,10.);
#404=VECTOR('',#1402,10.);
#405=VECTOR('',#1403,10.);
#406=VECTOR('',#1406,10.);
#407=VECTOR('',#1409,10.);
#408=VECTOR('',#1412,10.);
#409=VECTOR('',#1413,10.);
#410=VECTOR('',#1418,10.);
#411=VECTOR('',#1423,10.);
#412=VECTOR('',#1424,10.);
#413=VECTOR('',#1425,10.);
#414=VECTOR('',#1428,10.);
#415=VECTOR('',#1429,10.);
#416=VECTOR('',#1430,10.);
#417=VECTOR('',#1431,10.);
#418=VECTOR('',#1440,10.);
#419=VECTOR('',#1447,10.);
#420=VECTOR('',#1448,10.);
#421=VECTOR('',#1449,10.);
#422=VECTOR('',#1450,10.);
#423=VECTOR('',#1455,10.);
#424=VECTOR('',#1460,10.);
#425=VECTOR('',#1461,10.);
#426=VECTOR('',#1462,10.);
#427=VECTOR('',#1465,10.);
#428=VECTOR('',#1466,10.);
#429=VECTOR('',#1475,10.);
#430=VECTOR('',#1476,10.);
#431=VECTOR('',#1479,10.);
#432=VECTOR('',#1482,10.);
#433=VECTOR('',#1485,10.);
#434=VECTOR('',#1486,10.);
#435=VECTOR('',#1487,10.);
#436=VECTOR('',#1488,10.);
#437=VECTOR('',#1489,10.);
#438=VECTOR('',#1490,10.);
#439=VECTOR('',#1491,10.);
#440=VECTOR('',#1492,10.);
#441=VECTOR('',#1493,10.);
#442=VECTOR('',#1496,10.);
#443=VECTOR('',#1497,10.);
#444=VECTOR('',#1500,10.);
#445=VECTOR('',#1507,10.);
#446=VECTOR('',#1510,10.);
#447=VECTOR('',#1513,10.);
#448=VECTOR('',#1514,10.);
#449=VECTOR('',#1515,10.);
#450=VECTOR('',#1522,10.);
#451=VECTOR('',#1525,10.);
#452=VECTOR('',#1526,10.);
#453=VECTOR('',#1533,10.);
#454=VECTOR('',#1536,10.);
#455=VECTOR('',#1537,10.);
#456=VECTOR('',#1544,10.);
#457=VECTOR('',#1545,10.);
#458=VECTOR('',#1552,1.1);
#459=VECTOR('',#1555,1.1);
#460=VECTOR('',#1558,1.1);
#461=VECTOR('',#1561,1.);
#462=VECTOR('',#1564,1.);
#463=VECTOR('',#1567,1.);
#464=VECTOR('',#1570,10.);
#465=VECTOR('',#1573,10.);
#466=VECTOR('',#1588,10.);
#467=VECTOR('',#1589,10.);
#468=VECTOR('',#1590,10.);
#469=VECTOR('',#1593,10.);
#470=VECTOR('',#1598,10.);
#471=VECTOR('',#1599,10.);
#472=VECTOR('',#1604,0.85);
#473=VECTOR('',#1609,10.);
#474=VECTOR('',#1610,10.);
#475=VECTOR('',#1619,10.);
#476=VECTOR('',#1622,10.);
#477=VECTOR('',#1635,10.);
#478=VECTOR('',#1636,10.);
#479=VECTOR('',#1639,10.);
#480=VECTOR('',#1640,10.);
#481=VECTOR('',#1641,10.);
#482=VECTOR('',#1644,10.);
#483=VECTOR('',#1649,10.);
#484=VECTOR('',#1650,10.);
#485=VECTOR('',#1655,0.85);
#486=VECTOR('',#1660,10.);
#487=VECTOR('',#1661,10.);
#488=VERTEX_POINT('',#1668);
#489=VERTEX_POINT('',#1669);
#490=VERTEX_POINT('',#1671);
#491=VERTEX_POINT('',#1673);
#492=VERTEX_POINT('',#1677);
#493=VERTEX_POINT('',#1679);
#494=VERTEX_POINT('',#1683);
#495=VERTEX_POINT('',#1685);
#496=VERTEX_POINT('',#1689);
#497=VERTEX_POINT('',#1691);
#498=VERTEX_POINT('',#1694);
#499=VERTEX_POINT('',#1697);
#500=VERTEX_POINT('',#1698);
#501=VERTEX_POINT('',#1700);
#502=VERTEX_POINT('',#1702);
#503=VERTEX_POINT('',#1706);
#504=VERTEX_POINT('',#1708);
#505=VERTEX_POINT('',#1712);
#506=VERTEX_POINT('',#1714);
#507=VERTEX_POINT('',#1718);
#508=VERTEX_POINT('',#1720);
#509=VERTEX_POINT('',#1723);
#510=VERTEX_POINT('',#1726);
#511=VERTEX_POINT('',#1728);
#512=VERTEX_POINT('',#1730);
#513=VERTEX_POINT('',#1732);
#514=VERTEX_POINT('',#1734);
#515=VERTEX_POINT('',#1736);
#516=VERTEX_POINT('',#1738);
#517=VERTEX_POINT('',#1740);
#518=VERTEX_POINT('',#1742);
#519=VERTEX_POINT('',#1744);
#520=VERTEX_POINT('',#1746);
#521=VERTEX_POINT('',#1748);
#522=VERTEX_POINT('',#1750);
#523=VERTEX_POINT('',#1752);
#524=VERTEX_POINT('',#1754);
#525=VERTEX_POINT('',#1758);
#526=VERTEX_POINT('',#1763);
#527=VERTEX_POINT('',#1767);
#528=VERTEX_POINT('',#1769);
#529=VERTEX_POINT('',#1773);
#530=VERTEX_POINT('',#1774);
#531=VERTEX_POINT('',#1776);
#532=VERTEX_POINT('',#1778);
#533=VERTEX_POINT('',#1785);
#534=VERTEX_POINT('',#1788);
#535=VERTEX_POINT('',#1791);
#536=VERTEX_POINT('',#1792);
#537=VERTEX_POINT('',#1794);
#538=VERTEX_POINT('',#1796);
#539=VERTEX_POINT('',#1800);
#540=VERTEX_POINT('',#1802);
#541=VERTEX_POINT('',#1806);
#542=VERTEX_POINT('',#1808);
#543=VERTEX_POINT('',#1812);
#544=VERTEX_POINT('',#1813);
#545=VERTEX_POINT('',#1817);
#546=VERTEX_POINT('',#1821);
#547=VERTEX_POINT('',#1825);
#548=VERTEX_POINT('',#1827);
#549=VERTEX_POINT('',#1829);
#550=VERTEX_POINT('',#1832);
#551=VERTEX_POINT('',#1834);
#552=VERTEX_POINT('',#1836);
#553=VERTEX_POINT('',#1838);
#554=VERTEX_POINT('',#1840);
#555=VERTEX_POINT('',#1842);
#556=VERTEX_POINT('',#1844);
#557=VERTEX_POINT('',#1846);
#558=VERTEX_POINT('',#1850);
#559=VERTEX_POINT('',#1854);
#560=VERTEX_POINT('',#1858);
#561=VERTEX_POINT('',#1859);
#562=VERTEX_POINT('',#1861);
#563=VERTEX_POINT('',#1863);
#564=VERTEX_POINT('',#1870);
#565=VERTEX_POINT('',#1872);
#566=VERTEX_POINT('',#1879);
#567=VERTEX_POINT('',#1881);
#568=VERTEX_POINT('',#1888);
#569=VERTEX_POINT('',#1890);
#570=VERTEX_POINT('',#1895);
#571=VERTEX_POINT('',#1897);
#572=VERTEX_POINT('',#1949);
#573=VERTEX_POINT('',#1950);
#574=VERTEX_POINT('',#1964);
#575=VERTEX_POINT('',#1969);
#576=VERTEX_POINT('',#2030);
#577=VERTEX_POINT('',#2031);
#578=VERTEX_POINT('',#2081);
#579=VERTEX_POINT('',#2082);
#580=VERTEX_POINT('',#2105);
#581=VERTEX_POINT('',#2107);
#582=VERTEX_POINT('',#2111);
#583=VERTEX_POINT('',#2115);
#584=VERTEX_POINT('',#2119);
#585=VERTEX_POINT('',#2121);
#586=VERTEX_POINT('',#2130);
#587=VERTEX_POINT('',#2131);
#588=VERTEX_POINT('',#2133);
#589=VERTEX_POINT('',#2135);
#590=VERTEX_POINT('',#2139);
#591=VERTEX_POINT('',#2140);
#592=VERTEX_POINT('',#2145);
#593=VERTEX_POINT('',#2146);
#594=VERTEX_POINT('',#2151);
#595=VERTEX_POINT('',#2153);
#596=VERTEX_POINT('',#2157);
#597=VERTEX_POINT('',#2161);
#598=VERTEX_POINT('',#2165);
#599=VERTEX_POINT('',#2167);
#600=EDGE_CURVE('',#488,#489,#260,.T.);
#601=EDGE_CURVE('',#488,#490,#261,.T.);
#602=EDGE_CURVE('',#490,#491,#262,.T.);
#603=EDGE_CURVE('',#489,#491,#263,.T.);
#604=EDGE_CURVE('',#492,#488,#49,.T.);
#605=EDGE_CURVE('',#492,#493,#264,.T.);
#606=EDGE_CURVE('',#493,#490,#50,.T.);
#607=EDGE_CURVE('',#494,#492,#265,.T.);
#608=EDGE_CURVE('',#495,#494,#266,.T.);
#609=EDGE_CURVE('',#495,#493,#267,.T.);
#610=EDGE_CURVE('',#491,#496,#268,.T.);
#611=EDGE_CURVE('',#497,#495,#51,.T.);
#612=EDGE_CURVE('',#496,#497,#269,.T.);
#613=EDGE_CURVE('',#498,#498,#52,.T.);
#614=EDGE_CURVE('',#499,#500,#53,.T.);
#615=EDGE_CURVE('',#499,#501,#270,.T.);
#616=EDGE_CURVE('',#501,#502,#54,.T.);
#617=EDGE_CURVE('',#500,#502,#271,.T.);
#618=EDGE_CURVE('',#503,#499,#272,.T.);
#619=EDGE_CURVE('',#504,#503,#273,.T.);
#620=EDGE_CURVE('',#504,#501,#274,.T.);
#621=EDGE_CURVE('',#500,#505,#275,.T.);
#622=EDGE_CURVE('',#502,#506,#276,.T.);
#623=EDGE_CURVE('',#505,#506,#277,.T.);
#624=EDGE_CURVE('',#507,#504,#278,.T.);
#625=EDGE_CURVE('',#508,#507,#279,.T.);
#626=EDGE_CURVE('',#506,#508,#55,.T.);
#627=EDGE_CURVE('',#509,#509,#56,.T.);
#628=EDGE_CURVE('',#496,#510,#280,.T.);
#629=EDGE_CURVE('',#510,#511,#281,.T.);
#630=EDGE_CURVE('',#511,#512,#282,.T.);
#631=EDGE_CURVE('',#512,#513,#283,.T.);
#632=EDGE_CURVE('',#513,#514,#284,.T.);
#633=EDGE_CURVE('',#514,#515,#285,.T.);
#634=EDGE_CURVE('',#515,#516,#286,.T.);
#635=EDGE_CURVE('',#516,#517,#287,.T.);
#636=EDGE_CURVE('',#517,#518,#288,.T.);
#637=EDGE_CURVE('',#518,#519,#289,.T.);
#638=EDGE_CURVE('',#519,#520,#290,.T.);
#639=EDGE_CURVE('',#520,#521,#291,.T.);
#640=EDGE_CURVE('',#522,#521,#57,.T.);
#641=EDGE_CURVE('',#522,#523,#292,.T.);
#642=EDGE_CURVE('',#524,#523,#58,.T.);
#643=EDGE_CURVE('',#524,#489,#293,.T.);
#644=EDGE_CURVE('',#497,#525,#294,.T.);
#645=EDGE_CURVE('',#525,#510,#295,.T.);
#646=EDGE_CURVE('',#505,#494,#59,.T.);
#647=EDGE_CURVE('',#526,#508,#296,.T.);
#648=EDGE_CURVE('',#525,#526,#60,.T.);
#649=EDGE_CURVE('',#520,#527,#297,.T.);
#650=EDGE_CURVE('',#519,#528,#298,.T.);
#651=EDGE_CURVE('',#527,#528,#299,.T.);
#652=EDGE_CURVE('',#529,#530,#300,.T.);
#653=EDGE_CURVE('',#529,#531,#301,.T.);
#654=EDGE_CURVE('',#531,#532,#302,.T.);
#655=EDGE_CURVE('',#530,#532,#303,.T.);
#656=EDGE_CURVE('',#527,#529,#61,.T.);
#657=EDGE_CURVE('',#528,#531,#62,.T.);
#658=EDGE_CURVE('',#533,#518,#304,.T.);
#659=EDGE_CURVE('',#532,#533,#63,.T.);
#660=EDGE_CURVE('',#534,#534,#64,.T.);
#661=EDGE_CURVE('',#535,#536,#305,.T.);
#662=EDGE_CURVE('',#535,#537,#306,.T.);
#663=EDGE_CURVE('',#537,#538,#307,.T.);
#664=EDGE_CURVE('',#536,#538,#308,.T.);
#665=EDGE_CURVE('',#539,#535,#65,.T.);
#666=EDGE_CURVE('',#539,#540,#309,.T.);
#667=EDGE_CURVE('',#540,#537,#66,.T.);
#668=EDGE_CURVE('',#541,#539,#310,.T.);
#669=EDGE_CURVE('',#542,#541,#311,.T.);
#670=EDGE_CURVE('',#542,#540,#312,.T.);
#671=EDGE_CURVE('',#543,#544,#313,.T.);
#672=EDGE_CURVE('',#538,#543,#314,.T.);
#673=EDGE_CURVE('',#544,#542,#67,.T.);
#674=EDGE_CURVE('',#545,#545,#68,.T.);
#675=EDGE_CURVE('',#530,#541,#69,.T.);
#676=EDGE_CURVE('',#536,#546,#315,.T.);
#677=EDGE_CURVE('',#521,#546,#316,.T.);
#678=EDGE_CURVE('',#503,#547,#317,.T.);
#679=EDGE_CURVE('',#548,#547,#70,.T.);
#680=EDGE_CURVE('',#549,#548,#318,.T.);
#681=EDGE_CURVE('',#546,#549,#71,.T.);
#682=EDGE_CURVE('',#550,#543,#319,.T.);
#683=EDGE_CURVE('',#551,#550,#320,.T.);
#684=EDGE_CURVE('',#552,#551,#321,.T.);
#685=EDGE_CURVE('',#552,#553,#322,.T.);
#686=EDGE_CURVE('',#554,#553,#323,.T.);
#687=EDGE_CURVE('',#555,#554,#324,.T.);
#688=EDGE_CURVE('',#555,#556,#325,.T.);
#689=EDGE_CURVE('',#556,#557,#326,.T.);
#690=EDGE_CURVE('',#557,#507,#327,.T.);
#691=EDGE_CURVE('',#544,#558,#328,.T.);
#692=EDGE_CURVE('',#550,#558,#329,.T.);
#693=EDGE_CURVE('',#559,#533,#330,.T.);
#694=EDGE_CURVE('',#558,#559,#72,.T.);
#695=EDGE_CURVE('',#560,#561,#73,.T.);
#696=EDGE_CURVE('',#562,#560,#331,.T.);
#697=EDGE_CURVE('',#563,#562,#74,.T.);
#698=EDGE_CURVE('',#561,#563,#332,.T.);
#699=EDGE_CURVE('',#553,#561,#333,.T.);
#700=EDGE_CURVE('',#552,#515,#334,.T.);
#701=EDGE_CURVE('',#560,#514,#335,.T.);
#702=EDGE_CURVE('',#564,#564,#75,.T.);
#703=EDGE_CURVE('',#565,#565,#76,.T.);
#704=EDGE_CURVE('',#554,#563,#336,.T.);
#705=EDGE_CURVE('',#562,#513,#337,.T.);
#706=EDGE_CURVE('',#555,#512,#338,.T.);
#707=EDGE_CURVE('',#566,#566,#77,.T.);
#708=EDGE_CURVE('',#567,#567,#78,.T.);
#709=EDGE_CURVE('',#547,#524,#339,.T.);
#710=EDGE_CURVE('',#557,#526,#340,.T.);
#711=EDGE_CURVE('',#556,#511,#341,.T.);
#712=EDGE_CURVE('',#568,#568,#79,.T.);
#713=EDGE_CURVE('',#569,#569,#80,.T.);
#714=EDGE_CURVE('',#559,#517,#342,.T.);
#715=EDGE_CURVE('',#551,#516,#343,.T.);
#716=EDGE_CURVE('',#570,#570,#81,.T.);
#717=EDGE_CURVE('',#571,#571,#82,.T.);
#718=EDGE_CURVE('',#569,#498,#344,.T.);
#719=EDGE_CURVE('',#534,#571,#345,.T.);
#720=EDGE_CURVE('',#565,#567,#346,.T.);
#721=EDGE_CURVE('',#568,#509,#347,.T.);
#722=EDGE_CURVE('',#545,#570,#348,.T.);
#723=EDGE_CURVE('',#564,#566,#349,.T.);
#724=EDGE_CURVE('',#523,#548,#350,.T.);
#725=EDGE_CURVE('',#549,#522,#351,.T.);
#726=EDGE_CURVE('',#572,#573,#14,.T.);
#727=EDGE_CURVE('',#573,#574,#15,.T.);
#728=EDGE_CURVE('',#574,#575,#16,.T.);
#729=EDGE_CURVE('',#575,#572,#17,.T.);
#730=EDGE_CURVE('',#576,#577,#18,.T.);
#731=EDGE_CURVE('',#577,#575,#19,.T.);
#732=EDGE_CURVE('',#574,#576,#20,.T.);
#733=EDGE_CURVE('',#578,#579,#21,.T.);
#734=EDGE_CURVE('',#579,#577,#22,.T.);
#735=EDGE_CURVE('',#576,#578,#23,.T.);
#736=EDGE_CURVE('',#576,#580,#352,.T.);
#737=EDGE_CURVE('',#581,#580,#353,.T.);
#738=EDGE_CURVE('',#578,#581,#354,.T.);
#739=EDGE_CURVE('',#574,#582,#355,.T.);
#740=EDGE_CURVE('',#580,#582,#83,.T.);
#741=EDGE_CURVE('',#573,#583,#356,.T.);
#742=EDGE_CURVE('',#582,#583,#357,.T.);
#743=EDGE_CURVE('',#584,#584,#84,.T.);
#744=EDGE_CURVE('',#584,#585,#358,.T.);
#745=EDGE_CURVE('',#585,#585,#85,.T.);
#746=EDGE_CURVE('',#583,#581,#359,.T.);
#747=EDGE_CURVE('',#579,#572,#360,.T.);
#748=EDGE_CURVE('',#586,#587,#86,.T.);
#749=EDGE_CURVE('',#587,#588,#361,.T.);
#750=EDGE_CURVE('',#588,#589,#87,.T.);
#751=EDGE_CURVE('',#589,#586,#362,.T.);
#752=EDGE_CURVE('',#590,#591,#88,.T.);
#753=EDGE_CURVE('',#591,#589,#89,.T.);
#754=EDGE_CURVE('',#588,#590,#90,.T.);
#755=EDGE_CURVE('',#592,#593,#91,.T.);
#756=EDGE_CURVE('',#593,#591,#363,.T.);
#757=EDGE_CURVE('',#590,#592,#364,.T.);
#758=EDGE_CURVE('',#590,#594,#365,.T.);
#759=EDGE_CURVE('',#595,#594,#366,.T.);
#760=EDGE_CURVE('',#592,#595,#367,.T.);
#761=EDGE_CURVE('',#588,#596,#368,.T.);
#762=EDGE_CURVE('',#594,#596,#92,.T.);
#763=EDGE_CURVE('',#587,#597,#369,.T.);
#764=EDGE_CURVE('',#596,#597,#370,.T.);
#765=EDGE_CURVE('',#598,#598,#93,.T.);
#766=EDGE_CURVE('',#598,#599,#371,.T.);
#767=EDGE_CURVE('',#599,#599,#94,.T.);
#768=EDGE_CURVE('',#597,#595,#372,.T.);
#769=EDGE_CURVE('',#586,#593,#373,.T.);
#770=ORIENTED_EDGE('',*,*,#600,.F.);
#771=ORIENTED_EDGE('',*,*,#601,.T.);
#772=ORIENTED_EDGE('',*,*,#602,.T.);
#773=ORIENTED_EDGE('',*,*,#603,.F.);
#774=ORIENTED_EDGE('',*,*,#604,.F.);
#775=ORIENTED_EDGE('',*,*,#605,.T.);
#776=ORIENTED_EDGE('',*,*,#606,.T.);
#777=ORIENTED_EDGE('',*,*,#601,.F.);
#778=ORIENTED_EDGE('',*,*,#607,.F.);
#779=ORIENTED_EDGE('',*,*,#608,.F.);
#780=ORIENTED_EDGE('',*,*,#609,.T.);
#781=ORIENTED_EDGE('',*,*,#605,.F.);
#782=ORIENTED_EDGE('',*,*,#610,.F.);
#783=ORIENTED_EDGE('',*,*,#602,.F.);
#784=ORIENTED_EDGE('',*,*,#606,.F.);
#785=ORIENTED_EDGE('',*,*,#609,.F.);
#786=ORIENTED_EDGE('',*,*,#611,.F.);
#787=ORIENTED_EDGE('',*,*,#612,.F.);
#788=ORIENTED_EDGE('',*,*,#613,.F.);
#789=ORIENTED_EDGE('',*,*,#614,.F.);
#790=ORIENTED_EDGE('',*,*,#615,.T.);
#791=ORIENTED_EDGE('',*,*,#616,.T.);
#792=ORIENTED_EDGE('',*,*,#617,.F.);
#793=ORIENTED_EDGE('',*,*,#618,.F.);
#794=ORIENTED_EDGE('',*,*,#619,.F.);
#795=ORIENTED_EDGE('',*,*,#620,.T.);
#796=ORIENTED_EDGE('',*,*,#615,.F.);
#797=ORIENTED_EDGE('',*,*,#621,.F.);
#798=ORIENTED_EDGE('',*,*,#617,.T.);
#799=ORIENTED_EDGE('',*,*,#622,.T.);
#800=ORIENTED_EDGE('',*,*,#623,.F.);
#801=ORIENTED_EDGE('',*,*,#622,.F.);
#802=ORIENTED_EDGE('',*,*,#616,.F.);
#803=ORIENTED_EDGE('',*,*,#620,.F.);
#804=ORIENTED_EDGE('',*,*,#624,.F.);
#805=ORIENTED_EDGE('',*,*,#625,.F.);
#806=ORIENTED_EDGE('',*,*,#626,.F.);
#807=ORIENTED_EDGE('',*,*,#627,.F.);
#808=ORIENTED_EDGE('',*,*,#603,.T.);
#809=ORIENTED_EDGE('',*,*,#610,.T.);
#810=ORIENTED_EDGE('',*,*,#628,.T.);
#811=ORIENTED_EDGE('',*,*,#629,.T.);
#812=ORIENTED_EDGE('',*,*,#630,.T.);
#813=ORIENTED_EDGE('',*,*,#631,.T.);
#814=ORIENTED_EDGE('',*,*,#632,.T.);
#815=ORIENTED_EDGE('',*,*,#633,.T.);
#816=ORIENTED_EDGE('',*,*,#634,.T.);
#817=ORIENTED_EDGE('',*,*,#635,.T.);
#818=ORIENTED_EDGE('',*,*,#636,.T.);
#819=ORIENTED_EDGE('',*,*,#637,.T.);
#820=ORIENTED_EDGE('',*,*,#638,.T.);
#821=ORIENTED_EDGE('',*,*,#639,.T.);
#822=ORIENTED_EDGE('',*,*,#640,.F.);
#823=ORIENTED_EDGE('',*,*,#641,.T.);
#824=ORIENTED_EDGE('',*,*,#642,.F.);
#825=ORIENTED_EDGE('',*,*,#643,.T.);
#826=ORIENTED_EDGE('',*,*,#612,.T.);
#827=ORIENTED_EDGE('',*,*,#644,.T.);
#828=ORIENTED_EDGE('',*,*,#645,.T.);
#829=ORIENTED_EDGE('',*,*,#628,.F.);
#830=ORIENTED_EDGE('',*,*,#611,.T.);
#831=ORIENTED_EDGE('',*,*,#608,.T.);
#832=ORIENTED_EDGE('',*,*,#646,.F.);
#833=ORIENTED_EDGE('',*,*,#623,.T.);
#834=ORIENTED_EDGE('',*,*,#626,.T.);
#835=ORIENTED_EDGE('',*,*,#647,.F.);
#836=ORIENTED_EDGE('',*,*,#648,.F.);
#837=ORIENTED_EDGE('',*,*,#644,.F.);
#838=ORIENTED_EDGE('',*,*,#649,.F.);
#839=ORIENTED_EDGE('',*,*,#638,.F.);
#840=ORIENTED_EDGE('',*,*,#650,.T.);
#841=ORIENTED_EDGE('',*,*,#651,.F.);
#842=ORIENTED_EDGE('',*,*,#652,.F.);
#843=ORIENTED_EDGE('',*,*,#653,.T.);
#844=ORIENTED_EDGE('',*,*,#654,.T.);
#845=ORIENTED_EDGE('',*,*,#655,.F.);
#846=ORIENTED_EDGE('',*,*,#656,.F.);
#847=ORIENTED_EDGE('',*,*,#651,.T.);
#848=ORIENTED_EDGE('',*,*,#657,.T.);
#849=ORIENTED_EDGE('',*,*,#653,.F.);
#850=ORIENTED_EDGE('',*,*,#657,.F.);
#851=ORIENTED_EDGE('',*,*,#650,.F.);
#852=ORIENTED_EDGE('',*,*,#637,.F.);
#853=ORIENTED_EDGE('',*,*,#658,.F.);
#854=ORIENTED_EDGE('',*,*,#659,.F.);
#855=ORIENTED_EDGE('',*,*,#654,.F.);
#856=ORIENTED_EDGE('',*,*,#660,.F.);
#857=ORIENTED_EDGE('',*,*,#661,.F.);
#858=ORIENTED_EDGE('',*,*,#662,.T.);
#859=ORIENTED_EDGE('',*,*,#663,.T.);
#860=ORIENTED_EDGE('',*,*,#664,.F.);
#861=ORIENTED_EDGE('',*,*,#665,.F.);
#862=ORIENTED_EDGE('',*,*,#666,.T.);
#863=ORIENTED_EDGE('',*,*,#667,.T.);
#864=ORIENTED_EDGE('',*,*,#662,.F.);
#865=ORIENTED_EDGE('',*,*,#668,.F.);
#866=ORIENTED_EDGE('',*,*,#669,.F.);
#867=ORIENTED_EDGE('',*,*,#670,.T.);
#868=ORIENTED_EDGE('',*,*,#666,.F.);
#869=ORIENTED_EDGE('',*,*,#671,.F.);
#870=ORIENTED_EDGE('',*,*,#672,.F.);
#871=ORIENTED_EDGE('',*,*,#663,.F.);
#872=ORIENTED_EDGE('',*,*,#667,.F.);
#873=ORIENTED_EDGE('',*,*,#670,.F.);
#874=ORIENTED_EDGE('',*,*,#673,.F.);
#875=ORIENTED_EDGE('',*,*,#674,.F.);
#876=ORIENTED_EDGE('',*,*,#649,.T.);
#877=ORIENTED_EDGE('',*,*,#656,.T.);
#878=ORIENTED_EDGE('',*,*,#652,.T.);
#879=ORIENTED_EDGE('',*,*,#675,.T.);
#880=ORIENTED_EDGE('',*,*,#668,.T.);
#881=ORIENTED_EDGE('',*,*,#665,.T.);
#882=ORIENTED_EDGE('',*,*,#661,.T.);
#883=ORIENTED_EDGE('',*,*,#676,.T.);
#884=ORIENTED_EDGE('',*,*,#677,.F.);
#885=ORIENTED_EDGE('',*,*,#639,.F.);
#886=ORIENTED_EDGE('',*,*,#619,.T.);
#887=ORIENTED_EDGE('',*,*,#678,.T.);
#888=ORIENTED_EDGE('',*,*,#679,.F.);
#889=ORIENTED_EDGE('',*,*,#680,.F.);
#890=ORIENTED_EDGE('',*,*,#681,.F.);
#891=ORIENTED_EDGE('',*,*,#676,.F.);
#892=ORIENTED_EDGE('',*,*,#664,.T.);
#893=ORIENTED_EDGE('',*,*,#672,.T.);
#894=ORIENTED_EDGE('',*,*,#682,.F.);
#895=ORIENTED_EDGE('',*,*,#683,.F.);
#896=ORIENTED_EDGE('',*,*,#684,.F.);
#897=ORIENTED_EDGE('',*,*,#685,.T.);
#898=ORIENTED_EDGE('',*,*,#686,.F.);
#899=ORIENTED_EDGE('',*,*,#687,.F.);
#900=ORIENTED_EDGE('',*,*,#688,.T.);
#901=ORIENTED_EDGE('',*,*,#689,.T.);
#902=ORIENTED_EDGE('',*,*,#690,.T.);
#903=ORIENTED_EDGE('',*,*,#624,.T.);
#904=ORIENTED_EDGE('',*,*,#671,.T.);
#905=ORIENTED_EDGE('',*,*,#691,.T.);
#906=ORIENTED_EDGE('',*,*,#692,.F.);
#907=ORIENTED_EDGE('',*,*,#682,.T.);
#908=ORIENTED_EDGE('',*,*,#655,.T.);
#909=ORIENTED_EDGE('',*,*,#659,.T.);
#910=ORIENTED_EDGE('',*,*,#693,.F.);
#911=ORIENTED_EDGE('',*,*,#694,.F.);
#912=ORIENTED_EDGE('',*,*,#691,.F.);
#913=ORIENTED_EDGE('',*,*,#673,.T.);
#914=ORIENTED_EDGE('',*,*,#669,.T.);
#915=ORIENTED_EDGE('',*,*,#675,.F.);
#916=ORIENTED_EDGE('',*,*,#695,.F.);
#917=ORIENTED_EDGE('',*,*,#696,.F.);
#918=ORIENTED_EDGE('',*,*,#697,.F.);
#919=ORIENTED_EDGE('',*,*,#698,.F.);
#920=ORIENTED_EDGE('',*,*,#695,.T.);
#921=ORIENTED_EDGE('',*,*,#699,.F.);
#922=ORIENTED_EDGE('',*,*,#685,.F.);
#923=ORIENTED_EDGE('',*,*,#700,.T.);
#924=ORIENTED_EDGE('',*,*,#633,.F.);
#925=ORIENTED_EDGE('',*,*,#701,.F.);
#926=ORIENTED_EDGE('',*,*,#702,.T.);
#927=ORIENTED_EDGE('',*,*,#703,.T.);
#928=ORIENTED_EDGE('',*,*,#698,.T.);
#929=ORIENTED_EDGE('',*,*,#704,.F.);
#930=ORIENTED_EDGE('',*,*,#686,.T.);
#931=ORIENTED_EDGE('',*,*,#699,.T.);
#932=ORIENTED_EDGE('',*,*,#697,.T.);
#933=ORIENTED_EDGE('',*,*,#705,.T.);
#934=ORIENTED_EDGE('',*,*,#631,.F.);
#935=ORIENTED_EDGE('',*,*,#706,.F.);
#936=ORIENTED_EDGE('',*,*,#687,.T.);
#937=ORIENTED_EDGE('',*,*,#704,.T.);
#938=ORIENTED_EDGE('',*,*,#707,.T.);
#939=ORIENTED_EDGE('',*,*,#708,.T.);
#940=ORIENTED_EDGE('',*,*,#600,.T.);
#941=ORIENTED_EDGE('',*,*,#643,.F.);
#942=ORIENTED_EDGE('',*,*,#709,.F.);
#943=ORIENTED_EDGE('',*,*,#678,.F.);
#944=ORIENTED_EDGE('',*,*,#618,.T.);
#945=ORIENTED_EDGE('',*,*,#614,.T.);
#946=ORIENTED_EDGE('',*,*,#621,.T.);
#947=ORIENTED_EDGE('',*,*,#646,.T.);
#948=ORIENTED_EDGE('',*,*,#607,.T.);
#949=ORIENTED_EDGE('',*,*,#604,.T.);
#950=ORIENTED_EDGE('',*,*,#648,.T.);
#951=ORIENTED_EDGE('',*,*,#710,.F.);
#952=ORIENTED_EDGE('',*,*,#689,.F.);
#953=ORIENTED_EDGE('',*,*,#711,.T.);
#954=ORIENTED_EDGE('',*,*,#629,.F.);
#955=ORIENTED_EDGE('',*,*,#645,.F.);
#956=ORIENTED_EDGE('',*,*,#712,.T.);
#957=ORIENTED_EDGE('',*,*,#713,.T.);
#958=ORIENTED_EDGE('',*,*,#694,.T.);
#959=ORIENTED_EDGE('',*,*,#714,.T.);
#960=ORIENTED_EDGE('',*,*,#635,.F.);
#961=ORIENTED_EDGE('',*,*,#715,.F.);
#962=ORIENTED_EDGE('',*,*,#683,.T.);
#963=ORIENTED_EDGE('',*,*,#692,.T.);
#964=ORIENTED_EDGE('',*,*,#716,.T.);
#965=ORIENTED_EDGE('',*,*,#717,.T.);
#966=ORIENTED_EDGE('',*,*,#713,.F.);
#967=ORIENTED_EDGE('',*,*,#718,.T.);
#968=ORIENTED_EDGE('',*,*,#613,.T.);
#969=ORIENTED_EDGE('',*,*,#718,.F.);
#970=ORIENTED_EDGE('',*,*,#660,.T.);
#971=ORIENTED_EDGE('',*,*,#719,.T.);
#972=ORIENTED_EDGE('',*,*,#717,.F.);
#973=ORIENTED_EDGE('',*,*,#719,.F.);
#974=ORIENTED_EDGE('',*,*,#703,.F.);
#975=ORIENTED_EDGE('',*,*,#720,.T.);
#976=ORIENTED_EDGE('',*,*,#708,.F.);
#977=ORIENTED_EDGE('',*,*,#720,.F.);
#978=ORIENTED_EDGE('',*,*,#712,.F.);
#979=ORIENTED_EDGE('',*,*,#721,.T.);
#980=ORIENTED_EDGE('',*,*,#627,.T.);
#981=ORIENTED_EDGE('',*,*,#721,.F.);
#982=ORIENTED_EDGE('',*,*,#674,.T.);
#983=ORIENTED_EDGE('',*,*,#722,.T.);
#984=ORIENTED_EDGE('',*,*,#716,.F.);
#985=ORIENTED_EDGE('',*,*,#722,.F.);
#986=ORIENTED_EDGE('',*,*,#702,.F.);
#987=ORIENTED_EDGE('',*,*,#723,.T.);
#988=ORIENTED_EDGE('',*,*,#707,.F.);
#989=ORIENTED_EDGE('',*,*,#723,.F.);
#990=ORIENTED_EDGE('',*,*,#642,.T.);
#991=ORIENTED_EDGE('',*,*,#724,.T.);
#992=ORIENTED_EDGE('',*,*,#679,.T.);
#993=ORIENTED_EDGE('',*,*,#709,.T.);
#994=ORIENTED_EDGE('',*,*,#640,.T.);
#995=ORIENTED_EDGE('',*,*,#677,.T.);
#996=ORIENTED_EDGE('',*,*,#681,.T.);
#997=ORIENTED_EDGE('',*,*,#725,.T.);
#998=ORIENTED_EDGE('',*,*,#696,.T.);
#999=ORIENTED_EDGE('',*,*,#701,.T.);
#1000=ORIENTED_EDGE('',*,*,#632,.F.);
#1001=ORIENTED_EDGE('',*,*,#705,.F.);
#1002=ORIENTED_EDGE('',*,*,#688,.F.);
#1003=ORIENTED_EDGE('',*,*,#706,.T.);
#1004=ORIENTED_EDGE('',*,*,#630,.F.);
#1005=ORIENTED_EDGE('',*,*,#711,.F.);
#1006=ORIENTED_EDGE('',*,*,#625,.T.);
#1007=ORIENTED_EDGE('',*,*,#690,.F.);
#1008=ORIENTED_EDGE('',*,*,#710,.T.);
#1009=ORIENTED_EDGE('',*,*,#647,.T.);
#1010=ORIENTED_EDGE('',*,*,#724,.F.);
#1011=ORIENTED_EDGE('',*,*,#641,.F.);
#1012=ORIENTED_EDGE('',*,*,#725,.F.);
#1013=ORIENTED_EDGE('',*,*,#680,.T.);
#1014=ORIENTED_EDGE('',*,*,#658,.T.);
#1015=ORIENTED_EDGE('',*,*,#636,.F.);
#1016=ORIENTED_EDGE('',*,*,#714,.F.);
#1017=ORIENTED_EDGE('',*,*,#693,.T.);
#1018=ORIENTED_EDGE('',*,*,#684,.T.);
#1019=ORIENTED_EDGE('',*,*,#715,.T.);
#1020=ORIENTED_EDGE('',*,*,#634,.F.);
#1021=ORIENTED_EDGE('',*,*,#700,.F.);
#1022=ORIENTED_EDGE('',*,*,#726,.T.);
#1023=ORIENTED_EDGE('',*,*,#727,.T.);
#1024=ORIENTED_EDGE('',*,*,#728,.T.);
#1025=ORIENTED_EDGE('',*,*,#729,.T.);
#1026=ORIENTED_EDGE('',*,*,#730,.T.);
#1027=ORIENTED_EDGE('',*,*,#731,.T.);
#1028=ORIENTED_EDGE('',*,*,#728,.F.);
#1029=ORIENTED_EDGE('',*,*,#732,.T.);
#1030=ORIENTED_EDGE('',*,*,#733,.T.);
#1031=ORIENTED_EDGE('',*,*,#734,.T.);
#1032=ORIENTED_EDGE('',*,*,#730,.F.);
#1033=ORIENTED_EDGE('',*,*,#735,.T.);
#1034=ORIENTED_EDGE('',*,*,#735,.F.);
#1035=ORIENTED_EDGE('',*,*,#736,.T.);
#1036=ORIENTED_EDGE('',*,*,#737,.F.);
#1037=ORIENTED_EDGE('',*,*,#738,.F.);
#1038=ORIENTED_EDGE('',*,*,#732,.F.);
#1039=ORIENTED_EDGE('',*,*,#739,.T.);
#1040=ORIENTED_EDGE('',*,*,#740,.F.);
#1041=ORIENTED_EDGE('',*,*,#736,.F.);
#1042=ORIENTED_EDGE('',*,*,#727,.F.);
#1043=ORIENTED_EDGE('',*,*,#741,.T.);
#1044=ORIENTED_EDGE('',*,*,#742,.F.);
#1045=ORIENTED_EDGE('',*,*,#739,.F.);
#1046=ORIENTED_EDGE('',*,*,#743,.F.);
#1047=ORIENTED_EDGE('',*,*,#744,.T.);
#1048=ORIENTED_EDGE('',*,*,#745,.T.);
#1049=ORIENTED_EDGE('',*,*,#744,.F.);
#1050=ORIENTED_EDGE('',*,*,#733,.F.);
#1051=ORIENTED_EDGE('',*,*,#738,.T.);
#1052=ORIENTED_EDGE('',*,*,#746,.F.);
#1053=ORIENTED_EDGE('',*,*,#741,.F.);
#1054=ORIENTED_EDGE('',*,*,#726,.F.);
#1055=ORIENTED_EDGE('',*,*,#747,.F.);
#1056=ORIENTED_EDGE('',*,*,#742,.T.);
#1057=ORIENTED_EDGE('',*,*,#746,.T.);
#1058=ORIENTED_EDGE('',*,*,#737,.T.);
#1059=ORIENTED_EDGE('',*,*,#740,.T.);
#1060=ORIENTED_EDGE('',*,*,#743,.T.);
#1061=ORIENTED_EDGE('',*,*,#734,.F.);
#1062=ORIENTED_EDGE('',*,*,#747,.T.);
#1063=ORIENTED_EDGE('',*,*,#729,.F.);
#1064=ORIENTED_EDGE('',*,*,#731,.F.);
#1065=ORIENTED_EDGE('',*,*,#745,.F.);
#1066=ORIENTED_EDGE('',*,*,#748,.T.);
#1067=ORIENTED_EDGE('',*,*,#749,.T.);
#1068=ORIENTED_EDGE('',*,*,#750,.T.);
#1069=ORIENTED_EDGE('',*,*,#751,.T.);
#1070=ORIENTED_EDGE('',*,*,#752,.T.);
#1071=ORIENTED_EDGE('',*,*,#753,.T.);
#1072=ORIENTED_EDGE('',*,*,#750,.F.);
#1073=ORIENTED_EDGE('',*,*,#754,.T.);
#1074=ORIENTED_EDGE('',*,*,#755,.T.);
#1075=ORIENTED_EDGE('',*,*,#756,.T.);
#1076=ORIENTED_EDGE('',*,*,#752,.F.);
#1077=ORIENTED_EDGE('',*,*,#757,.T.);
#1078=ORIENTED_EDGE('',*,*,#757,.F.);
#1079=ORIENTED_EDGE('',*,*,#758,.T.);
#1080=ORIENTED_EDGE('',*,*,#759,.F.);
#1081=ORIENTED_EDGE('',*,*,#760,.F.);
#1082=ORIENTED_EDGE('',*,*,#754,.F.);
#1083=ORIENTED_EDGE('',*,*,#761,.T.);
#1084=ORIENTED_EDGE('',*,*,#762,.F.);
#1085=ORIENTED_EDGE('',*,*,#758,.F.);
#1086=ORIENTED_EDGE('',*,*,#749,.F.);
#1087=ORIENTED_EDGE('',*,*,#763,.T.);
#1088=ORIENTED_EDGE('',*,*,#764,.F.);
#1089=ORIENTED_EDGE('',*,*,#761,.F.);
#1090=ORIENTED_EDGE('',*,*,#765,.F.);
#1091=ORIENTED_EDGE('',*,*,#766,.T.);
#1092=ORIENTED_EDGE('',*,*,#767,.T.);
#1093=ORIENTED_EDGE('',*,*,#766,.F.);
#1094=ORIENTED_EDGE('',*,*,#755,.F.);
#1095=ORIENTED_EDGE('',*,*,#760,.T.);
#1096=ORIENTED_EDGE('',*,*,#768,.F.);
#1097=ORIENTED_EDGE('',*,*,#763,.F.);
#1098=ORIENTED_EDGE('',*,*,#748,.F.);
#1099=ORIENTED_EDGE('',*,*,#769,.T.);
#1100=ORIENTED_EDGE('',*,*,#762,.T.);
#1101=ORIENTED_EDGE('',*,*,#764,.T.);
#1102=ORIENTED_EDGE('',*,*,#768,.T.);
#1103=ORIENTED_EDGE('',*,*,#759,.T.);
#1104=ORIENTED_EDGE('',*,*,#765,.T.);
#1105=ORIENTED_EDGE('',*,*,#756,.F.);
#1106=ORIENTED_EDGE('',*,*,#769,.F.);
#1107=ORIENTED_EDGE('',*,*,#751,.F.);
#1108=ORIENTED_EDGE('',*,*,#753,.F.);
#1109=ORIENTED_EDGE('',*,*,#767,.F.);
#1110=PLANE('',#1229);
#1111=PLANE('',#1233);
#1112=PLANE('',#1234);
#1113=PLANE('',#1240);
#1114=PLANE('',#1241);
#1115=PLANE('',#1242);
#1116=PLANE('',#1245);
#1117=PLANE('',#1248);
#1118=PLANE('',#1252);
#1119=PLANE('',#1253);
#1120=PLANE('',#1257);
#1121=PLANE('',#1260);
#1122=PLANE('',#1264);
#1123=PLANE('',#1265);
#1124=PLANE('',#1268);
#1125=PLANE('',#1270);
#1126=PLANE('',#1273);
#1127=PLANE('',#1279);
#1128=PLANE('',#1282);
#1129=PLANE('',#1283);
#1130=PLANE('',#1286);
#1131=PLANE('',#1287);
#1132=PLANE('',#1290);
#1133=PLANE('',#1301);
#1134=PLANE('',#1302);
#1135=PLANE('',#1303);
#1136=PLANE('',#1304);
#1137=PLANE('',#1305);
#1138=PLANE('',#1306);
#1139=PLANE('',#1307);
#1140=PLANE('',#1310);
#1141=PLANE('',#1314);
#1142=PLANE('',#1315);
#1143=PLANE('',#1316);
#1144=PLANE('',#1326);
#1145=PLANE('',#1329);
#1146=PLANE('',#1333);
#1147=PLANE('',#1334);
#1148=PLANE('',#1335);
#1149=ADVANCED_FACE('',(#116),#1110,.F.);
#1150=ADVANCED_FACE('',(#117),#95,.F.);
#1151=ADVANCED_FACE('',(#118),#1111,.F.);
#1152=ADVANCED_FACE('',(#119,#33),#1112,.T.);
#1153=ADVANCED_FACE('',(#120),#96,.F.);
#1154=ADVANCED_FACE('',(#121),#1113,.F.);
#1155=ADVANCED_FACE('',(#122),#1114,.F.);
#1156=ADVANCED_FACE('',(#123,#34),#1115,.T.);
#1157=ADVANCED_FACE('',(#124),#1116,.T.);
#1158=ADVANCED_FACE('',(#125),#1117,.T.);
#1159=ADVANCED_FACE('',(#126),#97,.F.);
#1160=ADVANCED_FACE('',(#127),#1118,.F.);
#1161=ADVANCED_FACE('',(#128),#1119,.F.);
#1162=ADVANCED_FACE('',(#129),#98,.F.);
#1163=ADVANCED_FACE('',(#130,#35),#1120,.T.);
#1164=ADVANCED_FACE('',(#131),#1121,.F.);
#1165=ADVANCED_FACE('',(#132),#99,.F.);
#1166=ADVANCED_FACE('',(#133),#1122,.F.);
#1167=ADVANCED_FACE('',(#134,#36),#1123,.T.);
#1168=ADVANCED_FACE('',(#135),#1124,.T.);
#1169=ADVANCED_FACE('',(#136),#1125,.F.);
#1170=ADVANCED_FACE('',(#137),#1126,.T.);
#1171=ADVANCED_FACE('',(#138),#100,.F.);
#1172=ADVANCED_FACE('',(#139),#101,.F.);
#1173=ADVANCED_FACE('',(#140,#37,#38),#1127,.T.);
#1174=ADVANCED_FACE('',(#141),#1128,.T.);
#1175=ADVANCED_FACE('',(#142,#39,#40),#1129,.T.);
#1176=ADVANCED_FACE('',(#143),#1130,.T.);
#1177=ADVANCED_FACE('',(#144,#41,#42),#1131,.T.);
#1178=ADVANCED_FACE('',(#145,#43,#44),#1132,.T.);
#1179=ADVANCED_FACE('',(#146),#102,.F.);
#1180=ADVANCED_FACE('',(#147),#103,.F.);
#1181=ADVANCED_FACE('',(#148),#104,.F.);
#1182=ADVANCED_FACE('',(#149),#105,.F.);
#1183=ADVANCED_FACE('',(#150),#106,.F.);
#1184=ADVANCED_FACE('',(#151),#107,.F.);
#1185=ADVANCED_FACE('',(#152),#108,.T.);
#1186=ADVANCED_FACE('',(#153),#109,.T.);
#1187=ADVANCED_FACE('',(#154),#1133,.T.);
#1188=ADVANCED_FACE('',(#155),#1134,.T.);
#1189=ADVANCED_FACE('',(#156),#1135,.T.);
#1190=ADVANCED_FACE('',(#157),#1136,.T.);
#1191=ADVANCED_FACE('',(#158),#1137,.T.);
#1192=ADVANCED_FACE('',(#159),#1138,.T.);
#1193=ADVANCED_FACE('',(#160),#24,.T.);
#1194=ADVANCED_FACE('',(#161),#25,.T.);
#1195=ADVANCED_FACE('',(#162),#26,.T.);
#1196=ADVANCED_FACE('',(#163),#1139,.T.);
#1197=ADVANCED_FACE('',(#164),#110,.T.);
#1198=ADVANCED_FACE('',(#165),#1140,.T.);
#1199=ADVANCED_FACE('',(#166),#111,.F.);
#1200=ADVANCED_FACE('',(#167),#1141,.T.);
#1201=ADVANCED_FACE('',(#168,#45),#1142,.T.);
#1202=ADVANCED_FACE('',(#169,#46),#1143,.F.);
#1203=ADVANCED_FACE('',(#170),#112,.T.);
#1204=ADVANCED_FACE('',(#171),#13,.T.);
#1205=ADVANCED_FACE('',(#172),#113,.T.);
#1206=ADVANCED_FACE('',(#173),#1144,.T.);
#1207=ADVANCED_FACE('',(#174),#114,.T.);
#1208=ADVANCED_FACE('',(#175),#1145,.T.);
#1209=ADVANCED_FACE('',(#176),#115,.F.);
#1210=ADVANCED_FACE('',(#177),#1146,.T.);
#1211=ADVANCED_FACE('',(#178,#47),#1147,.T.);
#1212=ADVANCED_FACE('',(#179,#48),#1148,.F.);
#1213=CLOSED_SHELL('',(#1149,#1150,#1151,#1152,#1153,#1154,#1155,#1156,
#1157,#1158,#1159,#1160,#1161,#1162,#1163,#1164,#1165,#1166,#1167,#1168,
#1169,#1170,#1171,#1172,#1173,#1174,#1175,#1176,#1177,#1178,#1179,#1180,
#1181,#1182,#1183,#1184,#1185,#1186,#1187,#1188,#1189,#1190,#1191,#1192));
#1214=CLOSED_SHELL('',(#1193,#1194,#1195,#1196,#1197,#1198,#1199,#1200,
#1201,#1202));
#1215=CLOSED_SHELL('',(#1203,#1204,#1205,#1206,#1207,#1208,#1209,#1210,
#1211,#1212));
#1216=DERIVED_UNIT_ELEMENT(#1218,1.);
#1217=DERIVED_UNIT_ELEMENT(#2180,-3.);
#1218=(
MASS_UNIT()
NAMED_UNIT(*)
SI_UNIT(.KILO.,.GRAM.)
);
#1219=DERIVED_UNIT((#1216,#1217));
#1220=MEASURE_REPRESENTATION_ITEM('density measure',
POSITIVE_RATIO_MEASURE(7850.),#1219);
#1221=PROPERTY_DEFINITION_REPRESENTATION(#1226,#1223);
#1222=PROPERTY_DEFINITION_REPRESENTATION(#1227,#1224);
#1223=REPRESENTATION('material name',(#1225),#2177);
#1224=REPRESENTATION('density',(#1220),#2177);
#1225=DESCRIPTIVE_REPRESENTATION_ITEM('\X2\92FC\X0\','\X2\92FC\X0\');
#1226=PROPERTY_DEFINITION('material property','material name',#2187);
#1227=PROPERTY_DEFINITION('material property','density of part',#2187);
#1228=AXIS2_PLACEMENT_3D('',#1666,#1336,#1337);
#1229=AXIS2_PLACEMENT_3D('',#1667,#1338,#1339);
#1230=AXIS2_PLACEMENT_3D('',#1676,#1344,#1345);
#1231=AXIS2_PLACEMENT_3D('',#1678,#1346,#1347);
#1232=AXIS2_PLACEMENT_3D('',#1681,#1349,#1350);
#1233=AXIS2_PLACEMENT_3D('',#1682,#1351,#1352);
#1234=AXIS2_PLACEMENT_3D('',#1688,#1356,#1357);
#1235=AXIS2_PLACEMENT_3D('',#1692,#1359,#1360);
#1236=AXIS2_PLACEMENT_3D('',#1695,#1362,#1363);
#1237=AXIS2_PLACEMENT_3D('',#1696,#1364,#1365);
#1238=AXIS2_PLACEMENT_3D('',#1699,#1366,#1367);
#1239=AXIS2_PLACEMENT_3D('',#1703,#1369,#1370);
#1240=AXIS2_PLACEMENT_3D('',#1705,#1372,#1373);
#1241=AXIS2_PLACEMENT_3D('',#1711,#1377,#1378);
#1242=AXIS2_PLACEMENT_3D('',#1717,#1382,#1383);
#1243=AXIS2_PLACEMENT_3D('',#1722,#1386,#1387);
#1244=AXIS2_PLACEMENT_3D('',#1724,#1388,#1389);
#1245=AXIS2_PLACEMENT_3D('',#1725,#1390,#1391);
#1246=AXIS2_PLACEMENT_3D('',#1751,#1404,#1405);
#1247=AXIS2_PLACEMENT_3D('',#1755,#1407,#1408);
#1248=AXIS2_PLACEMENT_3D('',#1757,#1410,#1411);
#1249=AXIS2_PLACEMENT_3D('',#1761,#1414,#1415);
#1250=AXIS2_PLACEMENT_3D('',#1762,#1416,#1417);
#1251=AXIS2_PLACEMENT_3D('',#1765,#1419,#1420);
#1252=AXIS2_PLACEMENT_3D('',#1766,#1421,#1422);
#1253=AXIS2_PLACEMENT_3D('',#1772,#1426,#1427);
#1254=AXIS2_PLACEMENT_3D('',#1781,#1432,#1433);
#1255=AXIS2_PLACEMENT_3D('',#1782,#1434,#1435);
#1256=AXIS2_PLACEMENT_3D('',#1783,#1436,#1437);
#1257=AXIS2_PLACEMENT_3D('',#1784,#1438,#1439);
#1258=AXIS2_PLACEMENT_3D('',#1787,#1441,#1442);
#1259=AXIS2_PLACEMENT_3D('',#1789,#1443,#1444);
#1260=AXIS2_PLACEMENT_3D('',#1790,#1445,#1446);
#1261=AXIS2_PLACEMENT_3D('',#1799,#1451,#1452);
#1262=AXIS2_PLACEMENT_3D('',#1801,#1453,#1454);
#1263=AXIS2_PLACEMENT_3D('',#1804,#1456,#1457);
#1264=AXIS2_PLACEMENT_3D('',#1805,#1458,#1459);
#1265=AXIS2_PLACEMENT_3D('',#1811,#1463,#1464);
#1266=AXIS2_PLACEMENT_3D('',#1816,#1467,#1468);
#1267=AXIS2_PLACEMENT_3D('',#1818,#1469,#1470);
#1268=AXIS2_PLACEMENT_3D('',#1819,#1471,#1472);
#1269=AXIS2_PLACEMENT_3D('',#1820,#1473,#1474);
#1270=AXIS2_PLACEMENT_3D('',#1824,#1477,#1478);
#1271=AXIS2_PLACEMENT_3D('',#1828,#1480,#1481);
#1272=AXIS2_PLACEMENT_3D('',#1831,#1483,#1484);
#1273=AXIS2_PLACEMENT_3D('',#1849,#1494,#1495);
#1274=AXIS2_PLACEMENT_3D('',#1853,#1498,#1499);
#1275=AXIS2_PLACEMENT_3D('',#1856,#1501,#1502);
#1276=AXIS2_PLACEMENT_3D('',#1857,#1503,#1504);
#1277=AXIS2_PLACEMENT_3D('',#1860,#1505,#1506);
#1278=AXIS2_PLACEMENT_3D('',#1864,#1508,#1509);
#1279=AXIS2_PLACEMENT_3D('',#1866,#1511,#1512);
#1280=AXIS2_PLACEMENT_3D('',#1871,#1516,#1517);
#1281=AXIS2_PLACEMENT_3D('',#1873,#1518,#1519);
#1282=AXIS2_PLACEMENT_3D('',#1874,#1520,#1521);
#1283=AXIS2_PLACEMENT_3D('',#1876,#1523,#1524);
#1284=AXIS2_PLACEMENT_3D('',#1880,#1527,#1528);
#1285=AXIS2_PLACEMENT_3D('',#1882,#1529,#1530);
#1286=AXIS2_PLACEMENT_3D('',#1883,#1531,#1532);
#1287=AXIS2_PLACEMENT_3D('',#1885,#1534,#1535);
#1288=AXIS2_PLACEMENT_3D('',#1889,#1538,#1539);
#1289=AXIS2_PLACEMENT_3D('',#1891,#1540,#1541);
#1290=AXIS2_PLACEMENT_3D('',#1892,#1542,#1543);
#1291=AXIS2_PLACEMENT_3D('',#1896,#1546,#1547);
#1292=AXIS2_PLACEMENT_3D('',#1898,#1548,#1549);
#1293=AXIS2_PLACEMENT_3D('',#1899,#1550,#1551);
#1294=AXIS2_PLACEMENT_3D('',#1901,#1553,#1554);
#1295=AXIS2_PLACEMENT_3D('',#1903,#1556,#1557);
#1296=AXIS2_PLACEMENT_3D('',#1905,#1559,#1560);
#1297=AXIS2_PLACEMENT_3D('',#1907,#1562,#1563);
#1298=AXIS2_PLACEMENT_3D('',#1909,#1565,#1566);
#1299=AXIS2_PLACEMENT_3D('',#1911,#1568,#1569);
#1300=AXIS2_PLACEMENT_3D('',#1913,#1571,#1572);
#1301=AXIS2_PLACEMENT_3D('',#1915,#1574,#1575);
#1302=AXIS2_PLACEMENT_3D('',#1916,#1576,#1577);
#1303=AXIS2_PLACEMENT_3D('',#1917,#1578,#1579);
#1304=AXIS2_PLACEMENT_3D('',#1918,#1580,#1581);
#1305=AXIS2_PLACEMENT_3D('',#1919,#1582,#1583);
#1306=AXIS2_PLACEMENT_3D('',#1920,#1584,#1585);
#1307=AXIS2_PLACEMENT_3D('',#2104,#1586,#1587);
#1308=AXIS2_PLACEMENT_3D('',#2110,#1591,#1592);
#1309=AXIS2_PLACEMENT_3D('',#2113,#1594,#1595);
#1310=AXIS2_PLACEMENT_3D('',#2114,#1596,#1597);
#1311=AXIS2_PLACEMENT_3D('',#2118,#1600,#1601);
#1312=AXIS2_PLACEMENT_3D('',#2120,#1602,#1603);
#1313=AXIS2_PLACEMENT_3D('',#2123,#1605,#1606);
#1314=AXIS2_PLACEMENT_3D('',#2124,#1607,#1608);
#1315=AXIS2_PLACEMENT_3D('',#2127,#1611,#1612);
#1316=AXIS2_PLACEMENT_3D('',#2128,#1613,#1614);
#1317=AXIS2_PLACEMENT_3D('',#2129,#1615,#1616);
#1318=AXIS2_PLACEMENT_3D('',#2132,#1617,#1618);
#1319=AXIS2_PLACEMENT_3D('',#2136,#1620,#1621);
#1320=AXIS2_PLACEMENT_3D('',#2138,#1623,#1624);
#1321=AXIS2_PLACEMENT_3D('',#2141,#1625,#1626);
#1322=AXIS2_PLACEMENT_3D('',#2142,#1627,#1628);
#1323=AXIS2_PLACEMENT_3D('',#2143,#1629,#1630);
#1324=AXIS2_PLACEMENT_3D('',#2144,#1631,#1632);
#1325=AXIS2_PLACEMENT_3D('',#2147,#1633,#1634);
#1326=AXIS2_PLACEMENT_3D('',#2150,#1637,#1638);
#1327=AXIS2_PLACEMENT_3D('',#2156,#1642,#1643);
#1328=AXIS2_PLACEMENT_3D('',#2159,#1645,#1646);
#1329=AXIS2_PLACEMENT_3D('',#2160,#1647,#1648);
#1330=AXIS2_PLACEMENT_3D('',#2164,#1651,#1652);
#1331=AXIS2_PLACEMENT_3D('',#2166,#1653,#1654);
#1332=AXIS2_PLACEMENT_3D('',#2169,#1656,#1657);
#1333=AXIS2_PLACEMENT_3D('',#2170,#1658,#1659);
#1334=AXIS2_PLACEMENT_3D('',#2173,#1662,#1663);
#1335=AXIS2_PLACEMENT_3D('',#2174,#1664,#1665);
#1336=DIRECTION('axis',(0.,0.,1.));
#1337=DIRECTION('refdir',(1.,0.,0.));
#1338=DIRECTION('center_axis',(0.,0.,-1.));
#1339=DIRECTION('ref_axis',(0.,1.,0.));
#1340=DIRECTION('',(0.,1.,0.));
#1341=DIRECTION('',(1.,0.,0.));
#1342=DIRECTION('',(0.,1.,0.));
#1343=DIRECTION('',(1.,0.,0.));
#1344=DIRECTION('center_axis',(1.,0.,0.));
#1345=DIRECTION('ref_axis',(0.,0.,1.));
#1346=DIRECTION('center_axis',(1.,0.,0.));
#1347=DIRECTION('ref_axis',(0.,0.,1.));
#1348=DIRECTION('',(1.,0.,0.));
#1349=DIRECTION('center_axis',(1.,0.,0.));
#1350=DIRECTION('ref_axis',(0.,0.,1.));
#1351=DIRECTION('center_axis',(0.,-1.,0.));
#1352=DIRECTION('ref_axis',(0.,0.,-1.));
#1353=DIRECTION('',(0.,0.,-1.));
#1354=DIRECTION('',(-1.,0.,0.));
#1355=DIRECTION('',(0.,0.,-1.));
#1356=DIRECTION('center_axis',(-1.,0.,0.));
#1357=DIRECTION('ref_axis',(0.,0.,1.));
#1358=DIRECTION('',(0.,0.,1.));
#1359=DIRECTION('center_axis',(-1.,0.,0.));
#1360=DIRECTION('ref_axis',(0.,-0.762440082165631,-0.647058823529412));
#1361=DIRECTION('',(0.,-1.,0.));
#1362=DIRECTION('center_axis',(-1.,0.,0.));
#1363=DIRECTION('ref_axis',(0.,0.,-1.));
#1364=DIRECTION('center_axis',(1.,0.,0.));
#1365=DIRECTION('ref_axis',(0.,0.,1.));
#1366=DIRECTION('center_axis',(1.,0.,0.));
#1367=DIRECTION('ref_axis',(0.,0.,1.));
#1368=DIRECTION('',(1.,0.,0.));
#1369=DIRECTION('center_axis',(1.,0.,0.));
#1370=DIRECTION('ref_axis',(0.,0.,1.));
#1371=DIRECTION('',(1.,0.,0.));
#1372=DIRECTION('center_axis',(0.,0.,-1.));
#1373=DIRECTION('ref_axis',(0.,1.,0.));
#1374=DIRECTION('',(0.,1.,0.));
#1375=DIRECTION('',(-1.,0.,0.));
#1376=DIRECTION('',(0.,1.,0.));
#1377=DIRECTION('center_axis',(0.,1.,0.));
#1378=DIRECTION('ref_axis',(0.,0.,1.));
#1379=DIRECTION('',(0.,0.,1.));
#1380=DIRECTION('',(0.,0.,1.));
#1381=DIRECTION('',(1.,0.,0.));
#1382=DIRECTION('center_axis',(-1.,0.,0.));
#1383=DIRECTION('ref_axis',(0.,0.,1.));
#1384=DIRECTION('',(0.,0.,-1.));
#1385=DIRECTION('',(0.,-1.,0.));
#1386=DIRECTION('center_axis',(-1.,0.,0.));
#1387=DIRECTION('ref_axis',(0.,-0.762440082165631,-0.647058823529412));
#1388=DIRECTION('center_axis',(-1.,0.,0.));
#1389=DIRECTION('ref_axis',(0.,0.,-1.));
#1390=DIRECTION('center_axis',(0.,1.,0.));
#1391=DIRECTION('ref_axis',(0.,0.,1.));
#1392=DIRECTION('',(1.,0.,0.));
#1393=DIRECTION('',(0.,0.,-1.));
#1394=DIRECTION('',(1.,0.,1.93082265152201E-16));
#1395=DIRECTION('',(1.04308128384689E-7,0.,0.999999999999994));
#1396=DIRECTION('',(1.,0.,-8.88178419700126E-16));
#1397=DIRECTION('',(1.2490009027033E-15,0.,-1.));
#1398=DIRECTION('',(1.,0.,0.));
#1399=DIRECTION('',(0.,0.,1.));
#1400=DIRECTION('',(1.,0.,0.));
#1401=DIRECTION('',(0.,0.,-1.));
#1402=DIRECTION('',(1.,0.,0.));
#1403=DIRECTION('',(0.,0.,-1.));
#1404=DIRECTION('center_axis',(0.,-1.,0.));
#1405=DIRECTION('ref_axis',(0.707106781186544,0.,-0.707106781186551));
#1406=DIRECTION('',(-1.,0.,0.));
#1407=DIRECTION('center_axis',(0.,-1.,0.));
#1408=DIRECTION('ref_axis',(-0.707106781186548,0.,-0.707106781186548));
#1409=DIRECTION('',(0.,0.,1.));
#1410=DIRECTION('center_axis',(0.,0.,1.));
#1411=DIRECTION('ref_axis',(1.,0.,0.));
#1412=DIRECTION('',(1.,0.,0.));
#1413=DIRECTION('',(0.,1.,0.));
#1414=DIRECTION('center_axis',(-1.,0.,0.));
#1415=DIRECTION('ref_axis',(0.,-0.762440082165631,-0.647058823529412));
#1416=DIRECTION('center_axis',(1.,0.,0.));
#1417=DIRECTION('ref_axis',(0.,-0.762440082165631,-0.647058823529412));
#1418=DIRECTION('',(-1.,0.,0.));
#1419=DIRECTION('center_axis',(-1.,0.,0.));
#1420=DIRECTION('ref_axis',(0.,-0.762440082165631,-0.647058823529412));
#1421=DIRECTION('center_axis',(0.,0.,-1.));
#1422=DIRECTION('ref_axis',(0.,-1.,0.));
#1423=DIRECTION('',(0.,-1.,0.));
#1424=DIRECTION('',(0.,-1.,0.));
#1425=DIRECTION('',(-1.,0.,0.));
#1426=DIRECTION('center_axis',(0.,-1.,0.));
#1427=DIRECTION('ref_axis',(0.,0.,1.));
#1428=DIRECTION('',(0.,0.,1.));
#1429=DIRECTION('',(-1.,0.,0.));
#1430=DIRECTION('',(0.,0.,1.));
#1431=DIRECTION('',(-1.,0.,0.));
#1432=DIRECTION('center_axis',(-1.,0.,0.));
#1433=DIRECTION('ref_axis',(0.,0.,-1.));
#1434=DIRECTION('center_axis',(-1.,0.,0.));
#1435=DIRECTION('ref_axis',(0.,0.,-1.));
#1436=DIRECTION('center_axis',(-1.,0.,0.));
#1437=DIRECTION('ref_axis',(0.,0.,-1.));
#1438=DIRECTION('center_axis',(1.,0.,0.));
#1439=DIRECTION('ref_axis',(0.,0.,-1.));
#1440=DIRECTION('',(0.,1.,0.));
#1441=DIRECTION('center_axis',(1.,0.,0.));
#1442=DIRECTION('ref_axis',(0.,-0.762440082165631,-0.647058823529412));
#1443=DIRECTION('center_axis',(1.,0.,0.));
#1444=DIRECTION('ref_axis',(0.,0.,-1.));
#1445=DIRECTION('center_axis',(0.,0.,-1.));
#1446=DIRECTION('ref_axis',(0.,-1.,0.));
#1447=DIRECTION('',(0.,-1.,0.));
#1448=DIRECTION('',(-1.,0.,0.));
#1449=DIRECTION('',(0.,-1.,0.));
#1450=DIRECTION('',(-1.,0.,0.));
#1451=DIRECTION('center_axis',(-1.,0.,0.));
#1452=DIRECTION('ref_axis',(0.,0.,-1.));
#1453=DIRECTION('center_axis',(-1.,0.,0.));
#1454=DIRECTION('ref_axis',(0.,0.,-1.));
#1455=DIRECTION('',(-1.,0.,0.));
#1456=DIRECTION('center_axis',(-1.,0.,0.));
#1457=DIRECTION('ref_axis',(0.,0.,-1.));
#1458=DIRECTION('center_axis',(0.,1.,0.));
#1459=DIRECTION('ref_axis',(0.,0.,-1.));
#1460=DIRECTION('',(0.,0.,-1.));
#1461=DIRECTION('',(1.,0.,0.));
#1462=DIRECTION('',(0.,0.,-1.));
#1463=DIRECTION('center_axis',(1.,0.,0.));
#1464=DIRECTION('ref_axis',(0.,0.,-1.));
#1465=DIRECTION('',(0.,1.,0.));
#1466=DIRECTION('',(0.,0.,1.));
#1467=DIRECTION('center_axis',(1.,0.,0.));
#1468=DIRECTION('ref_axis',(0.,-0.762440082165631,-0.647058823529412));
#1469=DIRECTION('center_axis',(1.,0.,0.));
#1470=DIRECTION('ref_axis',(0.,0.,-1.));
#1471=DIRECTION('center_axis',(1.,0.,0.));
#1472=DIRECTION('ref_axis',(0.,0.,-1.));
#1473=DIRECTION('center_axis',(-1.,0.,0.));
#1474=DIRECTION('ref_axis',(0.,-0.762440082165631,-0.647058823529412));
#1475=DIRECTION('',(0.,0.,-1.));
#1476=DIRECTION('',(0.,-1.,0.));
#1477=DIRECTION('center_axis',(0.,1.,0.));
#1478=DIRECTION('ref_axis',(1.,0.,0.));
#1479=DIRECTION('',(0.,0.,-1.));
#1480=DIRECTION('center_axis',(0.,1.,0.));
#1481=DIRECTION('ref_axis',(-0.707106781186548,0.,-0.707106781186548));
#1482=DIRECTION('',(-1.,0.,0.));
#1483=DIRECTION('center_axis',(0.,1.,0.));
#1484=DIRECTION('ref_axis',(0.707106781186544,0.,-0.707106781186551));
#1485=DIRECTION('',(1.,0.,0.));
#1486=DIRECTION('',(0.,0.,1.));
#1487=DIRECTION('',(1.,0.,0.));
#1488=DIRECTION('',(-1.2490009027033E-15,0.,1.));
#1489=DIRECTION('',(1.,0.,-8.88178419700126E-16));
#1490=DIRECTION('',(1.04308128384689E-7,0.,0.999999999999994));
#1491=DIRECTION('',(-1.,0.,-1.93082265152201E-16));
#1492=DIRECTION('',(0.,0.,1.));
#1493=DIRECTION('',(-1.,0.,0.));
#1494=DIRECTION('center_axis',(0.,0.,1.));
#1495=DIRECTION('ref_axis',(1.,0.,0.));
#1496=DIRECTION('',(-1.,0.,0.));
#1497=DIRECTION('',(0.,1.,0.));
#1498=DIRECTION('center_axis',(-1.,0.,0.));
#1499=DIRECTION('ref_axis',(0.,-0.762440082165631,-0.647058823529412));
#1500=DIRECTION('',(1.,0.,0.));
#1501=DIRECTION('center_axis',(1.,0.,0.));
#1502=DIRECTION('ref_axis',(0.,-0.762440082165631,-0.647058823529412));
#1503=DIRECTION('center_axis',(-1.,0.,0.));
#1504=DIRECTION('ref_axis',(0.,-0.762440082165631,-0.647058823529412));
#1505=DIRECTION('center_axis',(-1.,0.,-1.2490009027033E-15));
#1506=DIRECTION('ref_axis',(0.,-0.762440082165631,-0.647058823529412));
#1507=DIRECTION('',(1.,0.,0.));
#1508=DIRECTION('center_axis',(0.999999999999995,0.,-1.04308128384689E-7));
#1509=DIRECTION('ref_axis',(7.95286979761654E-8,-0.647058823529409,0.762440082165628));
#1510=DIRECTION('',(-1.,0.,0.));
#1511=DIRECTION('center_axis',(1.,0.,1.2490009027033E-15));
#1512=DIRECTION('ref_axis',(1.2490009027033E-15,0.,-1.));
#1513=DIRECTION('',(0.,1.,0.));
#1514=DIRECTION('',(0.,1.,0.));
#1515=DIRECTION('',(0.,1.,0.));
#1516=DIRECTION('center_axis',(-1.,0.,-1.2490009027033E-15));
#1517=DIRECTION('ref_axis',(0.,0.,-1.));
#1518=DIRECTION('center_axis',(-1.,0.,-1.2490009027033E-15));
#1519=DIRECTION('ref_axis',(0.,0.,-1.));
#1520=DIRECTION('center_axis',(8.88178419700126E-16,0.,1.));
#1521=DIRECTION('ref_axis',(1.,0.,-8.88178419700126E-16));
#1522=DIRECTION('',(0.,1.,0.));
#1523=DIRECTION('center_axis',(-0.999999999999995,0.,1.04308128384689E-7));
#1524=DIRECTION('ref_axis',(1.04308128384689E-7,0.,0.999999999999994));
#1525=DIRECTION('',(0.,1.,0.));
#1526=DIRECTION('',(0.,1.,0.));
#1527=DIRECTION('center_axis',(0.999999999999995,0.,-1.04308128384689E-7));
#1528=DIRECTION('ref_axis',(-1.04308128384689E-7,0.,-0.999999999999995));
#1529=DIRECTION('center_axis',(0.999999999999995,0.,-1.04308128384689E-7));
#1530=DIRECTION('ref_axis',(-1.04308128384689E-7,0.,-0.999999999999995));
#1531=DIRECTION('center_axis',(-1.,0.,0.));
#1532=DIRECTION('ref_axis',(0.,0.,1.));
#1533=DIRECTION('',(0.,1.,0.));
#1534=DIRECTION('center_axis',(1.,0.,0.));
#1535=DIRECTION('ref_axis',(0.,0.,-1.));
#1536=DIRECTION('',(0.,1.,0.));
#1537=DIRECTION('',(0.,1.,0.));
#1538=DIRECTION('center_axis',(-1.,0.,0.));
#1539=DIRECTION('ref_axis',(0.,0.,-1.));
#1540=DIRECTION('center_axis',(-1.,0.,0.));
#1541=DIRECTION('ref_axis',(0.,0.,-1.));
#1542=DIRECTION('center_axis',(-1.,0.,0.));
#1543=DIRECTION('ref_axis',(0.,0.,1.));
#1544=DIRECTION('',(0.,1.,0.));
#1545=DIRECTION('',(0.,1.,0.));
#1546=DIRECTION('center_axis',(1.,0.,0.));
#1547=DIRECTION('ref_axis',(0.,0.,-1.));
#1548=DIRECTION('center_axis',(1.,0.,0.));
#1549=DIRECTION('ref_axis',(0.,0.,-1.));
#1550=DIRECTION('center_axis',(-1.,0.,0.));
#1551=DIRECTION('ref_axis',(0.,0.,-1.));
#1552=DIRECTION('',(-1.,0.,0.));
#1553=DIRECTION('center_axis',(-1.,0.,0.));
#1554=DIRECTION('ref_axis',(0.,0.,-1.));
#1555=DIRECTION('',(-1.,0.,0.));
#1556=DIRECTION('center_axis',(-1.,0.,0.));
#1557=DIRECTION('ref_axis',(0.,0.,-1.));
#1558=DIRECTION('',(-1.,0.,0.));
#1559=DIRECTION('center_axis',(-1.,0.,0.));
#1560=DIRECTION('ref_axis',(0.,0.,-1.));
#1561=DIRECTION('',(-1.,0.,0.));
#1562=DIRECTION('center_axis',(-1.,0.,0.));
#1563=DIRECTION('ref_axis',(0.,0.,-1.));
#1564=DIRECTION('',(-1.,0.,0.));
#1565=DIRECTION('center_axis',(-1.,0.,0.));
#1566=DIRECTION('ref_axis',(0.,0.,-1.));
#1567=DIRECTION('',(-1.,0.,0.));
#1568=DIRECTION('center_axis',(0.,1.,0.));
#1569=DIRECTION('ref_axis',(-0.707106781186548,0.,-0.707106781186548));
#1570=DIRECTION('',(0.,-1.,0.));
#1571=DIRECTION('center_axis',(0.,1.,0.));
#1572=DIRECTION('ref_axis',(0.707106781186544,0.,-0.707106781186551));
#1573=DIRECTION('',(0.,1.,0.));
#1574=DIRECTION('center_axis',(8.88178419700126E-16,0.,1.));
#1575=DIRECTION('ref_axis',(1.,0.,-8.88178419700126E-16));
#1576=DIRECTION('center_axis',(-1.93082265152201E-16,0.,1.));
#1577=DIRECTION('ref_axis',(1.,0.,1.93082265152201E-16));
#1578=DIRECTION('center_axis',(0.,0.,1.));
#1579=DIRECTION('ref_axis',(1.,0.,0.));
#1580=DIRECTION('center_axis',(0.,0.,-1.));
#1581=DIRECTION('ref_axis',(-1.,0.,0.));
#1582=DIRECTION('center_axis',(0.,0.,1.));
#1583=DIRECTION('ref_axis',(1.,0.,0.));
#1584=DIRECTION('center_axis',(0.,0.,1.));
#1585=DIRECTION('ref_axis',(1.,0.,0.));
#1586=DIRECTION('center_axis',(1.,0.,0.));
#1587=DIRECTION('ref_axis',(0.,0.,-1.));
#1588=DIRECTION('',(0.,1.,0.));
#1589=DIRECTION('',(0.,0.,-1.));
#1590=DIRECTION('',(0.,1.,0.));
#1591=DIRECTION('center_axis',(0.,1.,0.));
#1592=DIRECTION('ref_axis',(2.23844115635684E-10,0.,-1.));
#1593=DIRECTION('',(0.,1.,0.));
#1594=DIRECTION('center_axis',(0.,1.,0.));
#1595=DIRECTION('ref_axis',(1.,0.,0.));
#1596=DIRECTION('center_axis',(-1.,0.,0.));
#1597=DIRECTION('ref_axis',(0.,0.,1.));
#1598=DIRECTION('',(0.,1.,0.));
#1599=DIRECTION('',(0.,0.,1.));
#1600=DIRECTION('center_axis',(0.,1.,0.));
#1601=DIRECTION('ref_axis',(1.,0.,0.));
#1602=DIRECTION('center_axis',(0.,-1.,0.));
#1603=DIRECTION('ref_axis',(1.,0.,0.));
#1604=DIRECTION('',(0.,-1.,0.));
#1605=DIRECTION('center_axis',(0.,-1.,0.));
#1606=DIRECTION('ref_axis',(1.,0.,0.));
#1607=DIRECTION('center_axis',(0.,0.,1.));
#1608=DIRECTION('ref_axis',(1.,0.,0.));
#1609=DIRECTION('',(1.,0.,0.));
#1610=DIRECTION('',(-1.,0.,0.));
#1611=DIRECTION('center_axis',(0.,1.,0.));
#1612=DIRECTION('ref_axis',(1.,0.,0.));
#1613=DIRECTION('center_axis',(0.,1.,0.));
#1614=DIRECTION('ref_axis',(1.,0.,0.));
#1615=DIRECTION('center_axis',(0.,0.,1.));
#1616=DIRECTION('ref_axis',(-0.707106781186546,-0.707106781186549,0.));
#1617=DIRECTION('center_axis',(0.,0.,-1.));
#1618=DIRECTION('ref_axis',(-0.707106781186546,-0.707106781186549,0.));
#1619=DIRECTION('',(0.,0.,-1.));
#1620=DIRECTION('center_axis',(0.,0.,1.));
#1621=DIRECTION('ref_axis',(-1.,0.,0.));
#1622=DIRECTION('',(0.,0.,1.));
#1623=DIRECTION('center_axis',(0.,1.,0.));
#1624=DIRECTION('ref_axis',(0.,0.,-1.));
#1625=DIRECTION('center_axis',(0.,0.,-1.));
#1626=DIRECTION('ref_axis',(1.,0.,0.));
#1627=DIRECTION('center_axis',(0.,1.,0.));
#1628=DIRECTION('ref_axis',(0.,0.,-1.));
#1629=DIRECTION('center_axis',(0.,-1.,0.));
#1630=DIRECTION('ref_axis',(0.,0.,-1.));
#1631=DIRECTION('center_axis',(0.,0.,1.));
#1632=DIRECTION('ref_axis',(0.707106781186549,-0.707106781186546,0.));
#1633=DIRECTION('center_axis',(0.,0.,-1.));
#1634=DIRECTION('ref_axis',(0.707106781186549,-0.707106781186546,0.));
#1635=DIRECTION('',(0.,0.,-1.));
#1636=DIRECTION('',(0.,0.,1.));
#1637=DIRECTION('center_axis',(1.,0.,0.));
#1638=DIRECTION('ref_axis',(0.,0.,-1.));
#1639=DIRECTION('',(0.,1.,0.));
#1640=DIRECTION('',(0.,0.,-1.));
#1641=DIRECTION('',(0.,1.,0.));
#1642=DIRECTION('center_axis',(0.,1.,0.));
#1643=DIRECTION('ref_axis',(1.,0.,0.));
#1644=DIRECTION('',(0.,1.,0.));
#1645=DIRECTION('center_axis',(0.,1.,0.));
#1646=DIRECTION('ref_axis',(1.,0.,0.));
#1647=DIRECTION('center_axis',(-1.,0.,0.));
#1648=DIRECTION('ref_axis',(0.,0.,1.));
#1649=DIRECTION('',(0.,1.,0.));
#1650=DIRECTION('',(0.,0.,1.));
#1651=DIRECTION('center_axis',(0.,1.,0.));
#1652=DIRECTION('ref_axis',(1.,0.,0.));
#1653=DIRECTION('center_axis',(0.,-1.,0.));
#1654=DIRECTION('ref_axis',(1.,0.,0.));
#1655=DIRECTION('',(0.,-1.,0.));
#1656=DIRECTION('center_axis',(0.,-1.,0.));
#1657=DIRECTION('ref_axis',(1.,0.,0.));
#1658=DIRECTION('center_axis',(0.,0.,1.));
#1659=DIRECTION('ref_axis',(1.,0.,0.));
#1660=DIRECTION('',(1.,0.,0.));
#1661=DIRECTION('',(1.,0.,0.));
#1662=DIRECTION('center_axis',(0.,1.,0.));
#1663=DIRECTION('ref_axis',(1.,0.,0.));
#1664=DIRECTION('center_axis',(0.,1.,0.));
#1665=DIRECTION('ref_axis',(1.,0.,0.));
#1666=CARTESIAN_POINT('',(0.,0.,0.));
#1667=CARTESIAN_POINT('Origin',(-30.8000004172325,18.,-24.3));
#1668=CARTESIAN_POINT('',(-30.8000004172325,18.,-24.3));
#1669=CARTESIAN_POINT('',(-30.8000004172325,20.,-24.3));
#1670=CARTESIAN_POINT('',(-30.8000004172325,9.,-24.3));
#1671=CARTESIAN_POINT('',(-29.3000004172325,18.,-24.3));
#1672=CARTESIAN_POINT('',(-30.8000004172325,18.,-24.3));
#1673=CARTESIAN_POINT('',(-29.3000004172325,20.,-24.3));
#1674=CARTESIAN_POINT('',(-29.3000004172325,20.,-24.3));
#1675=CARTESIAN_POINT('',(-15.4000002086163,20.,-24.3));
#1676=CARTESIAN_POINT('Origin',(-30.8000004172325,18.,-22.5));
#1677=CARTESIAN_POINT('',(-30.8000004172325,16.2,-22.5));
#1678=CARTESIAN_POINT('Origin',(-30.8000004172325,18.,-22.5));
#1679=CARTESIAN_POINT('',(-29.3000004172325,16.2,-22.5));
#1680=CARTESIAN_POINT('',(-30.8000004172325,16.2,-22.5));
#1681=CARTESIAN_POINT('Origin',(-29.3000004172325,18.,-22.5));
#1682=CARTESIAN_POINT('Origin',(-30.8000004172325,16.2,-20.8146367040427));
#1683=CARTESIAN_POINT('',(-30.8000004172325,16.2,-20.8146367040427));
#1684=CARTESIAN_POINT('',(-30.8000004172325,16.2,-24.1573183520213));
#1685=CARTESIAN_POINT('',(-29.3000004172325,16.2,-20.8146367040427));
#1686=CARTESIAN_POINT('',(30.8000004172325,16.2,-20.8146367040427));
#1687=CARTESIAN_POINT('',(-29.3000004172325,16.2,-20.496205664573));
#1688=CARTESIAN_POINT('Origin',(-29.3000004172325,18.1,-22.4));
#1689=CARTESIAN_POINT('',(-29.3000004172325,20.,-20.5));
#1690=CARTESIAN_POINT('',(-29.3000004172325,20.,-23.2));
#1691=CARTESIAN_POINT('',(-29.3000004172325,16.4807406984079,-20.5));
#1692=CARTESIAN_POINT('Origin',(-29.3000004172325,10.,-15.));
#1693=CARTESIAN_POINT('',(-29.3000004172325,9.05,-20.5));
#1694=CARTESIAN_POINT('',(-29.3000004172325,18.,-21.4));
#1695=CARTESIAN_POINT('Origin',(-29.3000004172325,18.,-22.5));
#1696=CARTESIAN_POINT('Origin',(-30.8000004172325,2.,-22.5));
#1697=CARTESIAN_POINT('',(-30.8000004172325,2.,-24.3));
#1698=CARTESIAN_POINT('',(-30.8000004172325,3.8,-22.5));
#1699=CARTESIAN_POINT('Origin',(-30.8000004172325,2.,-22.5));
#1700=CARTESIAN_POINT('',(-29.3000004172325,2.,-24.3));
#1701=CARTESIAN_POINT('',(-30.8000004172325,2.,-24.3));
#1702=CARTESIAN_POINT('',(-29.3000004172325,3.8,-22.5));
#1703=CARTESIAN_POINT('Origin',(-29.3000004172325,2.,-22.5));
#1704=CARTESIAN_POINT('',(-30.8000004172325,3.8,-22.5));
#1705=CARTESIAN_POINT('Origin',(-30.8000004172325,0.,-24.3));
#1706=CARTESIAN_POINT('',(-30.8000004172325,0.,-24.3));
#1707=CARTESIAN_POINT('',(-30.8000004172325,0.,-24.3));
#1708=CARTESIAN_POINT('',(-29.3000004172325,0.,-24.3));
#1709=CARTESIAN_POINT('',(-15.4000002086163,0.,-24.3));
#1710=CARTESIAN_POINT('',(-29.3000004172325,0.,-24.3));
#1711=CARTESIAN_POINT('Origin',(-30.8000004172325,3.8,-22.5));
#1712=CARTESIAN_POINT('',(-30.8000004172325,3.8,-20.8146367040427));
#1713=CARTESIAN_POINT('',(-30.8000004172325,3.8,-25.));
#1714=CARTESIAN_POINT('',(-29.3000004172325,3.8,-20.8146367040427));
#1715=CARTESIAN_POINT('',(-29.3000004172325,3.8,-20.496205664573));
#1716=CARTESIAN_POINT('',(30.8000004172325,3.8,-20.8146367040427));
#1717=CARTESIAN_POINT('Origin',(-29.3000004172325,1.9,-22.4));
#1718=CARTESIAN_POINT('',(-29.3000004172325,0.,-20.5));
#1719=CARTESIAN_POINT('',(-29.3000004172325,0.,-23.2));
#1720=CARTESIAN_POINT('',(-29.3000004172325,3.51925930159213,-20.5));
#1721=CARTESIAN_POINT('',(-29.3000004172325,0.95,-20.5));
#1722=CARTESIAN_POINT('Origin',(-29.3000004172325,10.,-15.));
#1723=CARTESIAN_POINT('',(-29.3000004172325,2.,-21.5));
#1724=CARTESIAN_POINT('Origin',(-29.3000004172325,2.,-22.5));
#1725=CARTESIAN_POINT('Origin',(0.,20.,-24.));
#1726=CARTESIAN_POINT('',(-28.0000004172325,20.,-20.5));
#1727=CARTESIAN_POINT('',(-28.0000004172325,20.,-20.5));
#1728=CARTESIAN_POINT('',(-28.0000004172325,20.,-24.5));
#1729=CARTESIAN_POINT('',(-28.0000004172325,20.,-24.5));
#1730=CARTESIAN_POINT('',(-5.00000041723251,20.,-24.5));
#1731=CARTESIAN_POINT('',(-5.00000041723251,20.,-24.5));
#1732=CARTESIAN_POINT('',(-5.,20.,-20.5));
#1733=CARTESIAN_POINT('',(-5.00000041723251,20.,-24.5));
#1734=CARTESIAN_POINT('',(5.,20.,-20.5));
#1735=CARTESIAN_POINT('',(-5.,20.,-20.5));
#1736=CARTESIAN_POINT('',(5.,20.,-24.5));
#1737=CARTESIAN_POINT('',(5.,20.,-24.5));
#1738=CARTESIAN_POINT('',(28.0000004172325,20.,-24.5));
#1739=CARTESIAN_POINT('',(5.,20.,-24.5));
#1740=CARTESIAN_POINT('',(28.0000004172325,20.,-20.5));
#1741=CARTESIAN_POINT('',(28.0000004172325,20.,-24.5));
#1742=CARTESIAN_POINT('',(29.3000004172325,20.,-20.5));
#1743=CARTESIAN_POINT('',(28.0000004172325,20.,-20.5));
#1744=CARTESIAN_POINT('',(29.3000004172325,20.,-24.3));
#1745=CARTESIAN_POINT('',(29.3000004172325,20.,-23.2));
#1746=CARTESIAN_POINT('',(30.8000004172325,20.,-24.3));
#1747=CARTESIAN_POINT('',(15.4000002086163,20.,-24.3));
#1748=CARTESIAN_POINT('',(30.8000004172325,20.,-26.5));
#1749=CARTESIAN_POINT('',(30.8000004172325,20.,-20.5));
#1750=CARTESIAN_POINT('',(29.8000004172325,20.,-27.5));
#1751=CARTESIAN_POINT('Origin',(29.8000004172325,20.,-26.5));
#1752=CARTESIAN_POINT('',(-29.8000004172325,20.,-27.5));
#1753=CARTESIAN_POINT('',(30.8000004172325,20.,-27.5));
#1754=CARTESIAN_POINT('',(-30.8000004172325,20.,-26.5));
#1755=CARTESIAN_POINT('Origin',(-29.8000004172325,20.,-26.5));
#1756=CARTESIAN_POINT('',(-30.8000004172325,20.,-20.5));
#1757=CARTESIAN_POINT('Origin',(-30.8000004172325,0.,-20.5));
#1758=CARTESIAN_POINT('',(-28.0000004172325,16.4807406984079,-20.5));
#1759=CARTESIAN_POINT('',(30.8000004172325,16.4807406984079,-20.5));
#1760=CARTESIAN_POINT('',(-28.0000004172325,0.,-20.5));
#1761=CARTESIAN_POINT('Origin',(30.8000004172325,10.,-15.));
#1762=CARTESIAN_POINT('Origin',(-30.8000004172325,10.,-15.));
#1763=CARTESIAN_POINT('',(-28.0000004172325,3.51925930159214,-20.5));
#1764=CARTESIAN_POINT('',(30.8000004172325,3.51925930159214,-20.5));
#1765=CARTESIAN_POINT('Origin',(-28.0000004172325,10.,-15.));
#1766=CARTESIAN_POINT('Origin',(30.8000004172325,20.,-24.3));
#1767=CARTESIAN_POINT('',(30.8000004172325,18.,-24.3));
#1768=CARTESIAN_POINT('',(30.8000004172325,10.,-24.3));
#1769=CARTESIAN_POINT('',(29.3000004172325,18.,-24.3));
#1770=CARTESIAN_POINT('',(29.3000004172325,20.,-24.3));
#1771=CARTESIAN_POINT('',(30.8000004172325,18.,-24.3));
#1772=CARTESIAN_POINT('Origin',(30.8000004172325,16.2,-22.5));
#1773=CARTESIAN_POINT('',(30.8000004172325,16.2,-22.5));
#1774=CARTESIAN_POINT('',(30.8000004172325,16.2,-20.8146367040426));
#1775=CARTESIAN_POINT('',(30.8000004172325,16.2,-21.5));
#1776=CARTESIAN_POINT('',(29.3000004172325,16.2,-22.5));
#1777=CARTESIAN_POINT('',(30.8000004172325,16.2,-22.5));
#1778=CARTESIAN_POINT('',(29.3000004172325,16.2,-20.8146367040426));
#1779=CARTESIAN_POINT('',(29.3000004172325,16.2,-20.496205664573));
#1780=CARTESIAN_POINT('',(30.8000004172325,16.2,-20.8146367040427));
#1781=CARTESIAN_POINT('Origin',(30.8000004172325,18.,-22.5));
#1782=CARTESIAN_POINT('Origin',(30.8000004172325,18.,-22.5));
#1783=CARTESIAN_POINT('Origin',(29.3000004172325,18.,-22.5));
#1784=CARTESIAN_POINT('Origin',(29.3000004172325,18.1,-22.4));
#1785=CARTESIAN_POINT('',(29.3000004172325,16.4807406984079,-20.5));
#1786=CARTESIAN_POINT('',(29.3000004172325,9.05,-20.5));
#1787=CARTESIAN_POINT('Origin',(29.3000004172325,10.,-15.));
#1788=CARTESIAN_POINT('',(29.3000004172325,18.,-21.4));
#1789=CARTESIAN_POINT('Origin',(29.3000004172325,18.,-22.5));
#1790=CARTESIAN_POINT('Origin',(30.8000004172325,2.,-24.3));
#1791=CARTESIAN_POINT('',(30.8000004172325,2.,-24.3));
#1792=CARTESIAN_POINT('',(30.8000004172325,0.,-24.3));
#1793=CARTESIAN_POINT('',(30.8000004172325,1.,-24.3));
#1794=CARTESIAN_POINT('',(29.3000004172325,2.,-24.3));
#1795=CARTESIAN_POINT('',(30.8000004172325,2.,-24.3));
#1796=CARTESIAN_POINT('',(29.3000004172325,0.,-24.3));
#1797=CARTESIAN_POINT('',(29.3000004172325,0.,-24.3));
#1798=CARTESIAN_POINT('',(15.4000002086163,0.,-24.3));
#1799=CARTESIAN_POINT('Origin',(30.8000004172325,2.,-22.5));
#1800=CARTESIAN_POINT('',(30.8000004172325,3.8,-22.5));
#1801=CARTESIAN_POINT('Origin',(30.8000004172325,2.,-22.5));
#1802=CARTESIAN_POINT('',(29.3000004172325,3.8,-22.5));
#1803=CARTESIAN_POINT('',(30.8000004172325,3.8,-22.5));
#1804=CARTESIAN_POINT('Origin',(29.3000004172325,2.,-22.5));
#1805=CARTESIAN_POINT('Origin',(30.8000004172325,3.8,-20.8146367040427));
#1806=CARTESIAN_POINT('',(30.8000004172325,3.8,-20.8146367040427));
#1807=CARTESIAN_POINT('',(30.8000004172325,3.8,-20.6573183520213));
#1808=CARTESIAN_POINT('',(29.3000004172325,3.8,-20.8146367040427));
#1809=CARTESIAN_POINT('',(30.8000004172325,3.8,-20.8146367040427));
#1810=CARTESIAN_POINT('',(29.3000004172325,3.8,-20.496205664573));
#1811=CARTESIAN_POINT('Origin',(29.3000004172325,1.9,-22.4));
#1812=CARTESIAN_POINT('',(29.3000004172325,0.,-20.5));
#1813=CARTESIAN_POINT('',(29.3000004172325,3.51925930159214,-20.5));
#1814=CARTESIAN_POINT('',(29.3000004172325,0.95,-20.5));
#1815=CARTESIAN_POINT('',(29.3000004172325,0.,-23.2));
#1816=CARTESIAN_POINT('Origin',(29.3000004172325,10.,-15.));
#1817=CARTESIAN_POINT('',(29.3000004172325,2.,-21.5));
#1818=CARTESIAN_POINT('Origin',(29.3000004172325,2.,-22.5));
#1819=CARTESIAN_POINT('Origin',(30.8000004172325,0.,-20.5));
#1820=CARTESIAN_POINT('Origin',(30.8000004172325,10.,-15.));
#1821=CARTESIAN_POINT('',(30.8000004172325,0.,-26.5));
#1822=CARTESIAN_POINT('',(30.8000004172325,0.,-20.5));
#1823=CARTESIAN_POINT('',(30.8000004172325,0.,-26.5));
#1824=CARTESIAN_POINT('Origin',(0.,0.,-24.));
#1825=CARTESIAN_POINT('',(-30.8000004172325,0.,-26.5));
#1826=CARTESIAN_POINT('',(-30.8000004172325,0.,-20.5));
#1827=CARTESIAN_POINT('',(-29.8000004172325,0.,-27.5));
#1828=CARTESIAN_POINT('Origin',(-29.8000004172325,0.,-26.5));
#1829=CARTESIAN_POINT('',(29.8000004172325,0.,-27.5));
#1830=CARTESIAN_POINT('',(30.8000004172325,0.,-27.5));
#1831=CARTESIAN_POINT('Origin',(29.8000004172325,0.,-26.5));
#1832=CARTESIAN_POINT('',(28.0000004172325,0.,-20.5));
#1833=CARTESIAN_POINT('',(28.0000004172325,0.,-20.5));
#1834=CARTESIAN_POINT('',(28.0000004172325,0.,-24.5));
#1835=CARTESIAN_POINT('',(28.0000004172325,0.,-24.5));
#1836=CARTESIAN_POINT('',(5.,0.,-24.5));
#1837=CARTESIAN_POINT('',(5.,0.,-24.5));
#1838=CARTESIAN_POINT('',(5.,0.,-20.5));
#1839=CARTESIAN_POINT('',(5.,0.,-24.5));
#1840=CARTESIAN_POINT('',(-5.,0.,-20.5));
#1841=CARTESIAN_POINT('',(-5.,0.,-20.5));
#1842=CARTESIAN_POINT('',(-5.00000041723251,0.,-24.5));
#1843=CARTESIAN_POINT('',(-5.00000041723251,0.,-24.5));
#1844=CARTESIAN_POINT('',(-28.0000004172325,0.,-24.5));
#1845=CARTESIAN_POINT('',(-5.00000041723251,0.,-24.5));
#1846=CARTESIAN_POINT('',(-28.0000004172325,0.,-20.5));
#1847=CARTESIAN_POINT('',(-28.0000004172325,0.,-24.5));
#1848=CARTESIAN_POINT('',(-28.0000004172325,0.,-20.5));
#1849=CARTESIAN_POINT('Origin',(28.0000004172325,0.,-20.5));
#1850=CARTESIAN_POINT('',(28.0000004172325,3.51925930159214,-20.5));
#1851=CARTESIAN_POINT('',(30.8000004172325,3.51925930159214,-20.5));
#1852=CARTESIAN_POINT('',(28.0000004172325,0.,-20.5));
#1853=CARTESIAN_POINT('Origin',(30.8000004172325,10.,-15.));
#1854=CARTESIAN_POINT('',(28.0000004172325,16.4807406984079,-20.5));
#1855=CARTESIAN_POINT('',(30.8000004172325,16.4807406984079,-20.5));
#1856=CARTESIAN_POINT('Origin',(28.0000004172325,10.,-15.));
#1857=CARTESIAN_POINT('Origin',(30.8000004172325,10.,-15.));
#1858=CARTESIAN_POINT('',(5.,16.4807406984079,-20.5));
#1859=CARTESIAN_POINT('',(5.,3.51925930159214,-20.5));
#1860=CARTESIAN_POINT('Origin',(5.,10.,-15.));
#1861=CARTESIAN_POINT('',(-5.,16.4807406984079,-20.5));
#1862=CARTESIAN_POINT('',(30.8000004172325,16.4807406984078,-20.5));
#1863=CARTESIAN_POINT('',(-5.,3.51925930159214,-20.5));
#1864=CARTESIAN_POINT('Origin',(-4.99999942630529,10.,-15.));
#1865=CARTESIAN_POINT('',(30.8000004172325,3.51925930159216,-20.5));
#1866=CARTESIAN_POINT('Origin',(5.,0.,-20.5));
#1867=CARTESIAN_POINT('',(5.,0.,-20.5));
#1868=CARTESIAN_POINT('',(5.,0.,-24.5));
#1869=CARTESIAN_POINT('',(5.,0.,-20.5));
#1870=CARTESIAN_POINT('',(5.,2.,-21.5));
#1871=CARTESIAN_POINT('Origin',(5.,2.,-22.5));
#1872=CARTESIAN_POINT('',(5.,18.,-21.4));
#1873=CARTESIAN_POINT('Origin',(5.,18.,-22.5));
#1874=CARTESIAN_POINT('Origin',(-5.,0.,-20.5));
#1875=CARTESIAN_POINT('',(-5.,0.,-20.5));
#1876=CARTESIAN_POINT('Origin',(-5.00000041723251,0.,-24.5));
#1877=CARTESIAN_POINT('',(-5.,0.,-20.5));
#1878=CARTESIAN_POINT('',(-5.00000041723251,0.,-24.5));
#1879=CARTESIAN_POINT('',(-5.00000010430812,2.,-21.5));
#1880=CARTESIAN_POINT('Origin',(-5.00000020861625,2.,-22.5));
#1881=CARTESIAN_POINT('',(-5.00000009387731,18.,-21.4));
#1882=CARTESIAN_POINT('Origin',(-5.00000020861625,18.,-22.5));
#1883=CARTESIAN_POINT('Origin',(-30.8000004172325,0.,-27.5));
#1884=CARTESIAN_POINT('',(-30.8000004172325,0.,-26.5));
#1885=CARTESIAN_POINT('Origin',(-28.0000004172325,0.,-20.5));
#1886=CARTESIAN_POINT('',(-28.0000004172325,0.,-20.5));
#1887=CARTESIAN_POINT('',(-28.0000004172325,0.,-24.5));
#1888=CARTESIAN_POINT('',(-28.0000004172325,2.,-21.5));
#1889=CARTESIAN_POINT('Origin',(-28.0000004172325,2.,-22.5));
#1890=CARTESIAN_POINT('',(-28.0000004172325,18.,-21.4));
#1891=CARTESIAN_POINT('Origin',(-28.0000004172325,18.,-22.5));
#1892=CARTESIAN_POINT('Origin',(28.0000004172325,0.,-24.5));
#1893=CARTESIAN_POINT('',(28.0000004172325,0.,-20.5));
#1894=CARTESIAN_POINT('',(28.0000004172325,0.,-24.5));
#1895=CARTESIAN_POINT('',(28.0000004172325,2.,-21.5));
#1896=CARTESIAN_POINT('Origin',(28.0000004172325,2.,-22.5));
#1897=CARTESIAN_POINT('',(28.0000004172325,18.,-21.4));
#1898=CARTESIAN_POINT('Origin',(28.0000004172325,18.,-22.5));
#1899=CARTESIAN_POINT('Origin',(30.8000004172325,18.,-22.5));
#1900=CARTESIAN_POINT('',(30.8000004172325,18.,-21.4));
#1901=CARTESIAN_POINT('Origin',(30.8000004172325,18.,-22.5));
#1902=CARTESIAN_POINT('',(30.8000004172325,18.,-21.4));
#1903=CARTESIAN_POINT('Origin',(30.8000004172325,18.,-22.5));
#1904=CARTESIAN_POINT('',(30.8000004172325,18.,-21.4));
#1905=CARTESIAN_POINT('Origin',(30.8000004172325,2.,-22.5));
#1906=CARTESIAN_POINT('',(30.8000004172325,2.,-21.5));
#1907=CARTESIAN_POINT('Origin',(30.8000004172325,2.,-22.5));
#1908=CARTESIAN_POINT('',(30.8000004172325,2.,-21.5));
#1909=CARTESIAN_POINT('Origin',(30.8000004172325,2.,-22.5));
#1910=CARTESIAN_POINT('',(30.8000004172325,2.,-21.5));
#1911=CARTESIAN_POINT('Origin',(-29.8000004172325,0.,-26.5));
#1912=CARTESIAN_POINT('',(-29.8000004172325,0.,-27.5));
#1913=CARTESIAN_POINT('Origin',(29.8000004172325,0.,-26.5));
#1914=CARTESIAN_POINT('',(29.8000004172325,0.,-27.5));
#1915=CARTESIAN_POINT('Origin',(-5.,0.,-20.5));
#1916=CARTESIAN_POINT('Origin',(-28.0000004172325,0.,-24.5));
#1917=CARTESIAN_POINT('Origin',(-30.8000004172325,0.,-20.5));
#1918=CARTESIAN_POINT('Origin',(30.8000004172325,0.,-27.5));
#1919=CARTESIAN_POINT('Origin',(28.0000004172325,0.,-20.5));
#1920=CARTESIAN_POINT('Origin',(5.,0.,-24.5));
#1921=CARTESIAN_POINT('Ctrl Pts',(24.5000004023314,15.,-30.000000445356));
#1922=CARTESIAN_POINT('Ctrl Pts',(24.5000004023314,15.,-29.1660153532873));
#1923=CARTESIAN_POINT('Ctrl Pts',(24.5000004023314,15.,-28.3333343562372));
#1924=CARTESIAN_POINT('Ctrl Pts',(24.5000004023314,15.,-27.5));
#1925=CARTESIAN_POINT('Ctrl Pts',(24.5000004023314,14.8806623293177,-30.000000445356));
#1926=CARTESIAN_POINT('Ctrl Pts',(24.5000004023314,14.8806623293177,-29.1660153532873));
#1927=CARTESIAN_POINT('Ctrl Pts',(24.5000004023314,14.8806623293177,-28.3333343562372));
#1928=CARTESIAN_POINT('Ctrl Pts',(24.5000004023314,14.8806623293177,-27.5));
#1929=CARTESIAN_POINT('Ctrl Pts',(24.5562812632599,14.5992230677251,-30.000000445356));
#1930=CARTESIAN_POINT('Ctrl Pts',(24.5562812632599,14.5992230677251,-29.1660153532873));
#1931=CARTESIAN_POINT('Ctrl Pts',(24.5562812632599,14.5992230677251,-28.3333343562372));
#1932=CARTESIAN_POINT('Ctrl Pts',(24.5562812632599,14.5992230677251,-27.5));
#1933=CARTESIAN_POINT('Ctrl Pts',(24.8525827390654,14.2250177804342,-30.000000445356));
#1934=CARTESIAN_POINT('Ctrl Pts',(24.8525827390654,14.2250177804342,-29.1660153532873));
#1935=CARTESIAN_POINT('Ctrl Pts',(24.8525827390654,14.2250177804342,-28.3333343562372));
#1936=CARTESIAN_POINT('Ctrl Pts',(24.8525827390654,14.2250177804342,-27.5));
#1937=CARTESIAN_POINT('Ctrl Pts',(25.2094426018969,14.0311231563456,-30.000000445356));
#1938=CARTESIAN_POINT('Ctrl Pts',(25.2094426018969,14.0311231563456,-29.1660153532873));
#1939=CARTESIAN_POINT('Ctrl Pts',(25.2094426018969,14.0311231563456,-28.3333343562372));
#1940=CARTESIAN_POINT('Ctrl Pts',(25.2094426018969,14.0311231563456,-27.5));
#1941=CARTESIAN_POINT('Ctrl Pts',(25.4104971493196,14.,-30.000000445356));
#1942=CARTESIAN_POINT('Ctrl Pts',(25.4104971493196,14.,-29.1660153532873));
#1943=CARTESIAN_POINT('Ctrl Pts',(25.4104971493196,14.,-28.3333343562372));
#1944=CARTESIAN_POINT('Ctrl Pts',(25.4104971493196,14.,-27.5));
#1945=CARTESIAN_POINT('Ctrl Pts',(25.5000004023314,14.,-30.000000445356));
#1946=CARTESIAN_POINT('Ctrl Pts',(25.5000004023314,14.,-29.1660153532873));
#1947=CARTESIAN_POINT('Ctrl Pts',(25.5000004023314,14.,-28.3333343562372));
#1948=CARTESIAN_POINT('Ctrl Pts',(25.5000004023314,14.,-27.5));
#1949=CARTESIAN_POINT('',(25.5000004023314,14.,-27.5));
#1950=CARTESIAN_POINT('',(24.5000004023314,15.,-27.5));
#1951=CARTESIAN_POINT('Ctrl Pts',(25.5000004023314,14.,-27.5));
#1952=CARTESIAN_POINT('Ctrl Pts',(25.4104971493196,14.,-27.5));
#1953=CARTESIAN_POINT('Ctrl Pts',(25.3099698756083,14.0155615781728,-27.5));
#1954=CARTESIAN_POINT('Ctrl Pts',(25.2061772593279,14.0524265608725,-27.5));
#1955=CARTESIAN_POINT('Ctrl Pts',(25.1023846430475,14.0892915435721,-27.5));
#1956=CARTESIAN_POINT('Ctrl Pts',(24.995326684198,14.1474599307987,-27.5));
#1957=CARTESIAN_POINT('Ctrl Pts',(24.8995180676834,14.2244372895466,-27.5));
#1958=CARTESIAN_POINT('Ctrl Pts',(24.7717732456639,14.3270737678772,-27.5));
#1959=CARTESIAN_POINT('Ctrl Pts',(24.6640272544619,14.4631484178012,-27.5));
#1960=CARTESIAN_POINT('Ctrl Pts',(24.5960840436288,14.6015455581613,-27.5));
#1961=CARTESIAN_POINT('Ctrl Pts',(24.5281408327956,14.7399426985214,-27.5));
#1962=CARTESIAN_POINT('Ctrl Pts',(24.5000004023314,14.8806623293177,-27.5));
#1963=CARTESIAN_POINT('Ctrl Pts',(24.5000004023314,15.,-27.5));
#1964=CARTESIAN_POINT('',(24.5000004023314,15.,-30.000000445356));
#1965=CARTESIAN_POINT('Ctrl Pts',(24.5000004023314,15.,-27.5));
#1966=CARTESIAN_POINT('Ctrl Pts',(24.5000004023314,15.,-28.333334355678));
#1967=CARTESIAN_POINT('Ctrl Pts',(24.5000004023314,15.,-29.1660153521698));
#1968=CARTESIAN_POINT('Ctrl Pts',(24.5000004023314,15.,-30.0000004436772));
#1969=CARTESIAN_POINT('',(25.5000004023314,14.,-30.000000445356));
#1970=CARTESIAN_POINT('Ctrl Pts',(24.5000004023314,15.,-30.000000445356));
#1971=CARTESIAN_POINT('Ctrl Pts',(24.5000004023314,14.8806623293177,-30.000000445356));
#1972=CARTESIAN_POINT('Ctrl Pts',(24.5562812632599,14.5992230677251,-30.000000445356));
#1973=CARTESIAN_POINT('Ctrl Pts',(24.8525827390654,14.2250177804342,-30.000000445356));
#1974=CARTESIAN_POINT('Ctrl Pts',(25.2094426018969,14.0311231563456,-30.000000445356));
#1975=CARTESIAN_POINT('Ctrl Pts',(25.4104971493196,14.,-30.000000445356));
#1976=CARTESIAN_POINT('Ctrl Pts',(25.5000004023314,14.,-30.000000445356));
#1977=CARTESIAN_POINT('Ctrl Pts',(25.5000004023314,14.,-30.0000004436772));
#1978=CARTESIAN_POINT('Ctrl Pts',(25.5000004023314,14.,-29.1660153521698));
#1979=CARTESIAN_POINT('Ctrl Pts',(25.5000004023314,14.,-28.333334355678));
#1980=CARTESIAN_POINT('Ctrl Pts',(25.5000004023314,14.,-27.5));
#1981=CARTESIAN_POINT('Ctrl Pts',(29.5000004023314,15.,-30.0000004414387));
#1982=CARTESIAN_POINT('Ctrl Pts',(29.5000004040028,15.,-30.7467171229454));
#1983=CARTESIAN_POINT('Ctrl Pts',(28.9597241474033,15.,-31.8511433661885));
#1984=CARTESIAN_POINT('Ctrl Pts',(27.2274297069804,15.,-32.6917585413992));
#1985=CARTESIAN_POINT('Ctrl Pts',(25.2225097446169,15.,-32.2377344664872));
#1986=CARTESIAN_POINT('Ctrl Pts',(24.5000004016628,15.,-30.7467171263005));
#1987=CARTESIAN_POINT('Ctrl Pts',(24.5000004023314,15.,-30.0000004447964));
#1988=CARTESIAN_POINT('Ctrl Pts',(29.5000004023314,14.8806623293177,-30.0000004414387));
#1989=CARTESIAN_POINT('Ctrl Pts',(29.5000004040027,14.8806623293177,-30.7466386416088));
#1990=CARTESIAN_POINT('Ctrl Pts',(28.9596159653697,14.8806623293177,-31.8509752304795));
#1991=CARTESIAN_POINT('Ctrl Pts',(27.2274465564232,14.8806623293177,-32.6914978826027));
#1992=CARTESIAN_POINT('Ctrl Pts',(25.2226019277292,14.8806623293177,-32.2375273397521));
#1993=CARTESIAN_POINT('Ctrl Pts',(24.5000004016628,14.8806623293177,-30.7466386449639));
#1994=CARTESIAN_POINT('Ctrl Pts',(24.5000004023314,14.8806623293177,-30.0000004447964));
#1995=CARTESIAN_POINT('Ctrl Pts',(29.443718142567,14.5992164578393,-30.0000004415647));
#1996=CARTESIAN_POINT('Ctrl Pts',(29.443718144201,14.5992164578393,-30.7299664883222));
#1997=CARTESIAN_POINT('Ctrl Pts',(28.9156879555025,14.5992164578393,-31.8095975757162));
#1998=CARTESIAN_POINT('Ctrl Pts',(27.222296704199,14.5992164578393,-32.6313589460826));
#1999=CARTESIAN_POINT('Ctrl Pts',(25.2624555976322,14.5992164578393,-32.1875152595403));
#2000=CARTESIAN_POINT('Ctrl Pts',(24.5562826614421,14.5992164578393,-30.7299664916018));
#2001=CARTESIAN_POINT('Ctrl Pts',(24.5562826620957,14.5992164578393,-30.0000004448468));
#2002=CARTESIAN_POINT('Ctrl Pts',(29.1474175575646,14.2250155486904,-30.000000442228));
#2003=CARTESIAN_POINT('Ctrl Pts',(29.1474175590005,14.2250155486904,-30.6414994142608));
#2004=CARTESIAN_POINT('Ctrl Pts',(28.683467852093,14.2250155486904,-31.590272440858));
#2005=CARTESIAN_POINT('Ctrl Pts',(27.1953344385616,14.2250155486904,-32.3124439413173));
#2006=CARTESIAN_POINT('Ctrl Pts',(25.4730843160724,14.2250155486904,-31.9223881295347));
#2007=CARTESIAN_POINT('Ctrl Pts',(24.8525832465238,14.2250155486904,-30.6414994171427));
#2008=CARTESIAN_POINT('Ctrl Pts',(24.8525832470981,14.2250155486904,-30.0000004451121));
#2009=CARTESIAN_POINT('Ctrl Pts',(28.7905589775709,14.0311204040379,-30.0000004430268));
#2010=CARTESIAN_POINT('Ctrl Pts',(28.7905589787677,14.0311204040379,-30.534654992194));
#2011=CARTESIAN_POINT('Ctrl Pts',(28.403377937847,14.0311204040379,-31.3254865280447));
#2012=CARTESIAN_POINT('Ctrl Pts',(27.1629252578133,14.0311204040379,-31.9273644949905));
#2013=CARTESIAN_POINT('Ctrl Pts',(25.7271095644153,14.0311204040379,-31.6022919285661));
#2014=CARTESIAN_POINT('Ctrl Pts',(25.2094418266131,14.0311204040379,-30.5346549945971));
#2015=CARTESIAN_POINT('Ctrl Pts',(25.2094418270918,14.0311204040379,-30.0000004454316));
#2016=CARTESIAN_POINT('Ctrl Pts',(28.5895036553431,14.,-30.0000004434768));
#2017=CARTESIAN_POINT('Ctrl Pts',(28.5895036564062,14.,-30.4749259317295));
#2018=CARTESIAN_POINT('Ctrl Pts',(28.2462186868221,14.,-31.1773066951929));
#2019=CARTESIAN_POINT('Ctrl Pts',(27.1445654589455,14.,-31.7119619617343));
#2020=CARTESIAN_POINT('Ctrl Pts',(25.8696791869376,14.,-31.4231823295883));
#2021=CARTESIAN_POINT('Ctrl Pts',(25.4104971488944,14.,-30.4749259338627));
#2022=CARTESIAN_POINT('Ctrl Pts',(25.4104971493196,14.,-30.0000004456116));
#2023=CARTESIAN_POINT('Ctrl Pts',(28.5000004023314,14.,-30.0000004436772));
#2024=CARTESIAN_POINT('Ctrl Pts',(28.5000004033342,14.,-30.4480304525812));
#2025=CARTESIAN_POINT('Ctrl Pts',(28.1758346493745,14.,-31.1106861985271));
#2026=CARTESIAN_POINT('Ctrl Pts',(27.1364579851208,14.,-31.6150553036534));
#2027=CARTESIAN_POINT('Ctrl Pts',(25.9335060077027,14.,-31.3426408587063));
#2028=CARTESIAN_POINT('Ctrl Pts',(25.5000004019302,14.,-30.4480304545942));
#2029=CARTESIAN_POINT('Ctrl Pts',(25.5000004023314,14.,-30.0000004456918));
#2030=CARTESIAN_POINT('',(29.5000004023314,15.,-30.0000004442368));
#2031=CARTESIAN_POINT('',(28.5000004023314,14.,-30.000000445356));
#2032=CARTESIAN_POINT('Ctrl Pts',(29.5000004023314,15.,-30.0000004414387));
#2033=CARTESIAN_POINT('Ctrl Pts',(29.5000004023314,14.8806623293177,-30.0000004414387));
#2034=CARTESIAN_POINT('Ctrl Pts',(29.443718142567,14.5992164578393,-30.0000004415647));
#2035=CARTESIAN_POINT('Ctrl Pts',(29.1474175575646,14.2250155486904,-30.000000442228));
#2036=CARTESIAN_POINT('Ctrl Pts',(28.7905589775709,14.0311204040379,-30.0000004430268));
#2037=CARTESIAN_POINT('Ctrl Pts',(28.5895036553431,14.,-30.0000004434768));
#2038=CARTESIAN_POINT('Ctrl Pts',(28.5000004023314,14.,-30.0000004436772));
#2039=CARTESIAN_POINT('Ctrl Pts',(28.5000004023314,14.,-30.000000445356));
#2040=CARTESIAN_POINT('Ctrl Pts',(28.5000004027944,14.,-30.4480304536848));
#2041=CARTESIAN_POINT('Ctrl Pts',(28.1758346488552,14.,-31.110686198779));
#2042=CARTESIAN_POINT('Ctrl Pts',(27.1364579851208,14.,-31.6150553036534));
#2043=CARTESIAN_POINT('Ctrl Pts',(25.9335060077027,14.,-31.3426408587063));
#2044=CARTESIAN_POINT('Ctrl Pts',(25.5000004019302,14.,-30.4480304545942));
#2045=CARTESIAN_POINT('Ctrl Pts',(25.5000004023314,14.,-30.0000004456918));
#2046=CARTESIAN_POINT('Ctrl Pts',(24.5000004023314,15.,-30.0000004447964));
#2047=CARTESIAN_POINT('Ctrl Pts',(24.5000004016628,15.,-30.7467171263005));
#2048=CARTESIAN_POINT('Ctrl Pts',(25.2225097446169,15.,-32.2377344664872));
#2049=CARTESIAN_POINT('Ctrl Pts',(27.2274297069804,15.,-32.6917585413992));
#2050=CARTESIAN_POINT('Ctrl Pts',(28.9597241465378,15.,-31.8511433666085));
#2051=CARTESIAN_POINT('Ctrl Pts',(29.5000004031031,15.,-30.7467171247847));
#2052=CARTESIAN_POINT('Ctrl Pts',(29.5000004023314,15.,-30.0000004442368));
#2053=CARTESIAN_POINT('Ctrl Pts',(28.5000004023314,14.,-30.0000004447964));
#2054=CARTESIAN_POINT('Ctrl Pts',(28.5000004023314,14.,-29.1660153529118));
#2055=CARTESIAN_POINT('Ctrl Pts',(28.5000004023314,14.,-28.3333345206937));
#2056=CARTESIAN_POINT('Ctrl Pts',(28.5000004023314,14.,-27.5));
#2057=CARTESIAN_POINT('Ctrl Pts',(28.6193380730137,14.,-30.0000004447964));
#2058=CARTESIAN_POINT('Ctrl Pts',(28.6193380730137,14.,-29.1660153529118));
#2059=CARTESIAN_POINT('Ctrl Pts',(28.6193380730137,14.,-28.3333345206937));
#2060=CARTESIAN_POINT('Ctrl Pts',(28.6193380730137,14.,-27.5));
#2061=CARTESIAN_POINT('Ctrl Pts',(28.9007828955581,14.0562820383485,-30.0000004447964));
#2062=CARTESIAN_POINT('Ctrl Pts',(28.9007828955581,14.0562820383485,-29.1660153529118));
#2063=CARTESIAN_POINT('Ctrl Pts',(28.9007828955581,14.0562820383485,-28.3333345206937));
#2064=CARTESIAN_POINT('Ctrl Pts',(28.9007828955581,14.0562820383485,-27.5));
#2065=CARTESIAN_POINT('Ctrl Pts',(29.274984497254,14.3525827644388,-30.0000004447964));
#2066=CARTESIAN_POINT('Ctrl Pts',(29.274984497254,14.3525827644388,-29.1660153529118));
#2067=CARTESIAN_POINT('Ctrl Pts',(29.274984497254,14.3525827644388,-28.3333345206937));
#2068=CARTESIAN_POINT('Ctrl Pts',(29.274984497254,14.3525827644388,-27.5));
#2069=CARTESIAN_POINT('Ctrl Pts',(29.468879558939,14.7094415465954,-30.0000004447964));
#2070=CARTESIAN_POINT('Ctrl Pts',(29.468879558939,14.7094415465954,-29.1660153529118));
#2071=CARTESIAN_POINT('Ctrl Pts',(29.468879558939,14.7094415465954,-28.3333345206937));
#2072=CARTESIAN_POINT('Ctrl Pts',(29.468879558939,14.7094415465954,-27.5));
#2073=CARTESIAN_POINT('Ctrl Pts',(29.5000004023314,14.9104967469883,-30.0000004447964));
#2074=CARTESIAN_POINT('Ctrl Pts',(29.5000004023314,14.9104967469883,-29.1660153529118));
#2075=CARTESIAN_POINT('Ctrl Pts',(29.5000004023314,14.9104967469883,-28.3333345206937));
#2076=CARTESIAN_POINT('Ctrl Pts',(29.5000004023314,14.9104967469883,-27.5));
#2077=CARTESIAN_POINT('Ctrl Pts',(29.5000004023314,15.,-30.0000004447964));
#2078=CARTESIAN_POINT('Ctrl Pts',(29.5000004023314,15.,-29.1660153529118));
#2079=CARTESIAN_POINT('Ctrl Pts',(29.5000004023314,15.,-28.3333345206937));
#2080=CARTESIAN_POINT('Ctrl Pts',(29.5000004023314,15.,-27.5));
#2081=CARTESIAN_POINT('',(29.5000004023314,15.,-27.5));
#2082=CARTESIAN_POINT('',(28.5000004023314,14.,-27.5));
#2083=CARTESIAN_POINT('Ctrl Pts',(29.5000004023314,15.,-27.5));
#2084=CARTESIAN_POINT('Ctrl Pts',(29.5000004023314,14.9104967469883,-27.5));
#2085=CARTESIAN_POINT('Ctrl Pts',(29.4844399806352,14.8099691467918,-27.5));
#2086=CARTESIAN_POINT('Ctrl Pts',(29.4475755105343,14.7061765293701,-27.5));
#2087=CARTESIAN_POINT('Ctrl Pts',(29.4107110404335,14.6023839119484,-27.5));
#2088=CARTESIAN_POINT('Ctrl Pts',(29.352542521928,14.4953262773014,-27.5));
#2089=CARTESIAN_POINT('Ctrl Pts',(29.2755655189474,14.3995179336744,-27.5));
#2090=CARTESIAN_POINT('Ctrl Pts',(29.1729295149733,14.2717734755051,-27.5));
#2091=CARTESIAN_POINT('Ctrl Pts',(29.0368562052657,14.1640277569268,-27.5));
#2092=CARTESIAN_POINT('Ctrl Pts',(28.8984583447758,14.0960843880505,-27.5));
#2093=CARTESIAN_POINT('Ctrl Pts',(28.7600604842859,14.0281410191742,-27.5));
#2094=CARTESIAN_POINT('Ctrl Pts',(28.6193380730137,14.,-27.5));
#2095=CARTESIAN_POINT('Ctrl Pts',(28.5000004023314,14.,-27.5));
#2096=CARTESIAN_POINT('Ctrl Pts',(28.5000004023314,14.,-27.5));
#2097=CARTESIAN_POINT('Ctrl Pts',(28.5000004023314,14.,-28.3333345206937));
#2098=CARTESIAN_POINT('Ctrl Pts',(28.5000004023314,14.,-29.1660153529118));
#2099=CARTESIAN_POINT('Ctrl Pts',(28.5000004023314,14.,-30.0000004447964));
#2100=CARTESIAN_POINT('Ctrl Pts',(29.5000004023314,15.,-30.0000004447964));
#2101=CARTESIAN_POINT('Ctrl Pts',(29.5000004023314,15.,-29.1660153529118));
#2102=CARTESIAN_POINT('Ctrl Pts',(29.5000004023314,15.,-28.3333345206937));
#2103=CARTESIAN_POINT('Ctrl Pts',(29.5000004023314,15.,-27.5));
#2104=CARTESIAN_POINT('Origin',(29.5000004023314,14.,-27.5));
#2105=CARTESIAN_POINT('',(29.5000004023314,20.,-30.0000004470348));
#2106=CARTESIAN_POINT('',(29.5000004023314,14.,-30.0000004470348));
#2107=CARTESIAN_POINT('',(29.5000004023314,20.,-27.5));
#2108=CARTESIAN_POINT('',(29.5000004023314,20.,-30.0000004470348));
#2109=CARTESIAN_POINT('',(29.5000004023314,14.,-27.5));
#2110=CARTESIAN_POINT('Origin',(27.0000004023314,14.,-30.0000004470348));
#2111=CARTESIAN_POINT('',(24.5000004023314,20.,-30.0000004470348));
#2112=CARTESIAN_POINT('',(24.5000004023314,14.,-30.0000004470348));
#2113=CARTESIAN_POINT('Origin',(27.0000004023314,20.,-30.0000004470348));
#2114=CARTESIAN_POINT('Origin',(24.5000004023314,14.,-30.0000004470348));
#2115=CARTESIAN_POINT('',(24.5000004023314,20.,-27.5));
#2116=CARTESIAN_POINT('',(24.5000004023314,14.,-27.5));
#2117=CARTESIAN_POINT('',(24.5000004023314,20.,-30.0000004470348));
#2118=CARTESIAN_POINT('Origin',(27.0000004023314,14.,-30.0000004470348));
#2119=CARTESIAN_POINT('',(26.1500004023314,20.,-30.0000004470348));
#2120=CARTESIAN_POINT('Origin',(27.0000004023314,20.,-30.0000004470348));
#2121=CARTESIAN_POINT('',(26.1500004023314,14.,-30.0000004470348));
#2122=CARTESIAN_POINT('',(26.1500004023314,14.,-30.0000004470348));
#2123=CARTESIAN_POINT('Origin',(27.0000004023314,14.,-30.0000004470348));
#2124=CARTESIAN_POINT('Origin',(24.5000004023314,14.,-27.5));
#2125=CARTESIAN_POINT('',(30.8000004172325,20.,-27.5));
#2126=CARTESIAN_POINT('',(30.8000004172325,14.,-27.5));
#2127=CARTESIAN_POINT('Origin',(27.0000004023314,20.,-30.0000002235174));
#2128=CARTESIAN_POINT('Origin',(27.0000004023314,14.,-30.0000002235174));
#2129=CARTESIAN_POINT('Origin',(-28.5000012069941,15.,-30.0000001341105));
#2130=CARTESIAN_POINT('',(-28.5000012069941,14.,-27.5));
#2131=CARTESIAN_POINT('',(-29.5000012069941,15.,-27.5));
#2132=CARTESIAN_POINT('Origin',(-28.5000012069941,15.,-27.5));
#2133=CARTESIAN_POINT('',(-29.4999995976687,15.,-30.0000004470348));
#2134=CARTESIAN_POINT('',(-29.5000012069941,15.,-30.0000001341105));
#2135=CARTESIAN_POINT('',(-28.5000012069941,14.,-30.0000004470348));
#2136=CARTESIAN_POINT('Origin',(-28.5000012069941,15.,-30.0000004470348));
#2137=CARTESIAN_POINT('',(-28.5000012069941,14.,-30.0000001341105));
#2138=CARTESIAN_POINT('Origin',(-27.0000004023314,15.,-30.0000004470348));
#2139=CARTESIAN_POINT('',(-24.5000012069941,15.,-30.0000004470348));
#2140=CARTESIAN_POINT('',(-25.5000012069941,14.,-30.0000004470348));
#2141=CARTESIAN_POINT('Origin',(-25.5000012069941,15.,-30.0000004470348));
#2142=CARTESIAN_POINT('Origin',(-27.0000004023314,14.,-30.0000004470348));
#2143=CARTESIAN_POINT('Origin',(-27.0000004023314,15.,-30.0000004470348));
#2144=CARTESIAN_POINT('Origin',(-25.5000012069941,15.,-28.749999910593));
#2145=CARTESIAN_POINT('',(-24.5000012069941,15.,-27.5));
#2146=CARTESIAN_POINT('',(-25.5000012069941,14.,-27.5));
#2147=CARTESIAN_POINT('Origin',(-25.5000012069941,15.,-27.5));
#2148=CARTESIAN_POINT('',(-25.5000012069941,14.,-28.749999910593));
#2149=CARTESIAN_POINT('',(-24.5000012069941,15.,-28.749999910593));
#2150=CARTESIAN_POINT('Origin',(-24.5000012069941,14.,-27.5));
#2151=CARTESIAN_POINT('',(-24.5000012069941,20.,-30.0000004470348));
#2152=CARTESIAN_POINT('',(-24.5000012069941,14.,-30.0000004470348));
#2153=CARTESIAN_POINT('',(-24.5000012069941,20.,-27.5));
#2154=CARTESIAN_POINT('',(-24.5000012069941,20.,-30.0000004470348));
#2155=CARTESIAN_POINT('',(-24.5000012069941,14.,-27.5));
#2156=CARTESIAN_POINT('Origin',(-27.0000004023314,14.,-30.0000004470348));
#2157=CARTESIAN_POINT('',(-29.4999995976687,20.,-30.0000004470348));
#2158=CARTESIAN_POINT('',(-29.4999995976687,14.,-30.0000004470348));
#2159=CARTESIAN_POINT('Origin',(-27.0000004023314,20.,-30.0000004470348));
#2160=CARTESIAN_POINT('Origin',(-29.5000012069941,14.,-30.0000004470348));
#2161=CARTESIAN_POINT('',(-29.5000012069941,20.,-27.5));
#2162=CARTESIAN_POINT('',(-29.5000012069941,14.,-27.5));
#2163=CARTESIAN_POINT('',(-29.5000012069941,20.,-30.0000004470348));
#2164=CARTESIAN_POINT('Origin',(-27.0000004023314,14.,-30.0000004470348));
#2165=CARTESIAN_POINT('',(-27.8500004023314,20.,-30.0000004470348));
#2166=CARTESIAN_POINT('Origin',(-27.0000004023314,20.,-30.0000004470348));
#2167=CARTESIAN_POINT('',(-27.8500004023314,14.,-30.0000004470348));
#2168=CARTESIAN_POINT('',(-27.8500004023314,14.,-30.0000004470348));
#2169=CARTESIAN_POINT('Origin',(-27.0000004023314,14.,-30.0000004470348));
#2170=CARTESIAN_POINT('Origin',(-29.5000012069941,14.,-27.5));
#2171=CARTESIAN_POINT('',(-30.8000004172325,20.,-27.5));
#2172=CARTESIAN_POINT('',(-30.8000004172325,14.,-27.5));
#2173=CARTESIAN_POINT('Origin',(-27.0000012069941,20.,-29.9999998211861));
#2174=CARTESIAN_POINT('Origin',(-27.0000012069941,14.,-29.9999998211861));
#2175=UNCERTAINTY_MEASURE_WITH_UNIT(LENGTH_MEASURE(0.01),#2179,
'DISTANCE_ACCURACY_VALUE',
'Maximum model space distance between geometric entities at asserted c
onnectivities');
#2176=UNCERTAINTY_MEASURE_WITH_UNIT(LENGTH_MEASURE(0.01),#2179,
'DISTANCE_ACCURACY_VALUE',
'Maximum model space distance between geometric entities at asserted c
onnectivities');
#2177=(
GEOMETRIC_REPRESENTATION_CONTEXT(3)
GLOBAL_UNCERTAINTY_ASSIGNED_CONTEXT((#2175))
GLOBAL_UNIT_ASSIGNED_CONTEXT((#2179,#2181,#2182))
REPRESENTATION_CONTEXT('','3D')
);
#2178=(
GEOMETRIC_REPRESENTATION_CONTEXT(3)
GLOBAL_UNCERTAINTY_ASSIGNED_CONTEXT((#2176))
GLOBAL_UNIT_ASSIGNED_CONTEXT((#2179,#2181,#2182))
REPRESENTATION_CONTEXT('','3D')
);
#2179=(
LENGTH_UNIT()
NAMED_UNIT(*)
SI_UNIT(.MILLI.,.METRE.)
);
#2180=(
LENGTH_UNIT()
NAMED_UNIT(*)
SI_UNIT($,.METRE.)
);
#2181=(
NAMED_UNIT(*)
PLANE_ANGLE_UNIT()
SI_UNIT($,.RADIAN.)
);
#2182=(
NAMED_UNIT(*)
SI_UNIT($,.STERADIAN.)
SOLID_ANGLE_UNIT()
);
#2183=SHAPE_DEFINITION_REPRESENTATION(#2184,#2185);
#2184=PRODUCT_DEFINITION_SHAPE('',$,#2187);
#2185=SHAPE_REPRESENTATION('',(#1228),#2177);
#2186=PRODUCT_DEFINITION_CONTEXT('part definition',#2191,'design');
#2187=PRODUCT_DEFINITION('2025-12-28-13-25-00-847','RearBracket',#2188,
#2186);
#2188=PRODUCT_DEFINITION_FORMATION('',$,#2193);
#2189=PRODUCT_RELATED_PRODUCT_CATEGORY('RearBracket','RearBracket',(#2193));
#2190=APPLICATION_PROTOCOL_DEFINITION('international standard',
'automotive_design',2009,#2191);
#2191=APPLICATION_CONTEXT(
'Core Data for Automotive Mechanical Design Process');
#2192=PRODUCT_CONTEXT('part definition',#2191,'mechanical');
#2193=PRODUCT('2025-12-28-13-25-00-847','RearBracket',$,(#2192));
#2194=PRESENTATION_STYLE_ASSIGNMENT((#2196));
#2195=PRESENTATION_STYLE_ASSIGNMENT((#2197));
#2196=SURFACE_STYLE_USAGE(.BOTH.,#2198);
#2197=SURFACE_STYLE_USAGE(.BOTH.,#2199);
#2198=SURFACE_SIDE_STYLE('',(#2200));
#2199=SURFACE_SIDE_STYLE('',(#2201));
#2200=SURFACE_STYLE_FILL_AREA(#2202);
#2201=SURFACE_STYLE_FILL_AREA(#2203);
#2202=FILL_AREA_STYLE('\X2\92FC\X0\ - \X2\30B530C630F3\X0\',(#2204));
#2203=FILL_AREA_STYLE(
'\X2\30CA30A430ED30F3\X0\ 12 (Formlabs Fuse 1 3D \X2\30D730EA30F330BF4F7F7528\X0\)',
(#2205));
#2204=FILL_AREA_STYLE_COLOUR('\X2\92FC\X0\ - \X2\30B530C630F3\X0\',#2206);
#2205=FILL_AREA_STYLE_COLOUR(
'\X2\30CA30A430ED30F3\X0\ 12 (Formlabs Fuse 1 3D \X2\30D730EA30F330BF4F7F7528\X0\)',
#2207);
#2206=COLOUR_RGB('\X2\92FC\X0\ - \X2\30B530C630F3\X0\',0.627450980392157,
0.627450980392157,0.627450980392157);
#2207=COLOUR_RGB(
'\X2\30CA30A430ED30F3\X0\ 12 (Formlabs Fuse 1 3D \X2\30D730EA30F330BF4F7F7528\X0\)',
0.52156862745098,0.52156862745098,0.603921568627451);
ENDSEC;
END-ISO-10303-21;
